event_type,pool,block,timestamp_utc,transaction_hash,transaction_index,log_index,tx_from,swap_sender,pool_id,direction,amount0_fire_raw,amount1_usdg_raw,fire_in,fire_out,usdg_in,usdg_out,avg_execution_price_usdg_per_fire,sqrt_price_x96_after,spot_price_after_usdg_per_fire,liquidity_after,tick_after,fee_raw,fee_percent
SWAP,FIRE_USDG_50pct,13585884,2026-07-19T05:21:31+00:00,0xfe06bb541cf7b3ccf438e9cffd9466acd79161156a65ebc78fa692989fa3881f,3,17,0xccfd9df30028337a1d9a003724b53fe64b6f630a,0x1d4b86491ec211257cbedd77a4380a7494624eff,0xdfbdc88db73b4290a0f02daf53a95c5eb59ceceb7f080e08476d04ee776eee43,FIRE_TO_USDG,-23746125000000000000000,6752983,23746.125000000000000000,0.000000000000000000,0.000000,6.752983,0.000284382525569961,1371241662779482529910,0.00029954966113456016,434140365896634,-357461,500000,50.0
SWAP,FIRE_USDG_50pct,13591140,2026-07-19T05:30:19+00:00,0xc49abfeb15a0d1a2705794da5e68c48edaa79dff0e0cdc7b3950691ab10802b2,5,11,0x533383846b83b617fb426e2c8d78ee2065ba1df3,0x1d4b86491ec211257cbedd77a4380a7494624eff,0xdfbdc88db73b4290a0f02daf53a95c5eb59ceceb7f080e08476d04ee776eee43,USDG_TO_FIRE,1969432728211952714942,-1280416,0.000000000000000000,1969.432728211952714942,1.280416,0.000000,0.000650144572931155,1488076003585766462314,0.00035276952418413795,434140365896634,-355825,500000,50.0
SWAP,FIRE_USDG_50pct,13723184,2026-07-19T09:11:34+00:00,0x46bbb36b5c1da58cfa589bb7b5dd85cdcee0fbd915a8a0d1e6441f7cd5de0b34,1,17,0x72e5dc60d7f7009e4df877dc924ec02a9e580066,0x1d4b86491ec211257cbedd77a4380a7494624eff,0xdfbdc88db73b4290a0f02daf53a95c5eb59ceceb7f080e08476d04ee776eee43,FIRE_TO_USDG,-421134180232194000000000,12414154,421134.180232194000000000,0.000000000000000000,0.000000,12.414154,0.000029477906526503,248691358483007315074,9.852857957592708e-06,793579807179953,-391608,500000,50.0
SWAP,FIRE_USDG_50pct,13723185,2026-07-19T09:11:34+00:00,0x8efe7b26f3642bc76087f180170ecc38182b45681dc9fa7f2a0795805deca5d0,3,23,0x527556b2891a5e69013fb3a2ebd041e80b963103,0xa633c73658857d5241fe21d43f854a82e2d0592c,0xdfbdc88db73b4290a0f02daf53a95c5eb59ceceb7f080e08476d04ee776eee43,USDG_TO_FIRE,197185081948061557058050,-17657821,0.000000000000000000,197185.081948061557058050,17.657821,0.000000,0.000089549477199553,1130138076223387737361,0.00020347162196363879,793579807179953,-361329,500000,50.0
SWAP,FIRE_USDG_50pct,13797779,2026-07-19T11:16:44+00:00,0x3cfb76ccf962b8a89c5d36d75bd17942f8fa3dba8ffc570ea7c1dab32dad1df9,4,38,0xabb2acd3be814a80e502575d6c1dc5f789e9cd10,0x1d4b86491ec211257cbedd77a4380a7494624eff,0xdfbdc88db73b4290a0f02daf53a95c5eb59ceceb7f080e08476d04ee776eee43,USDG_TO_FIRE,6214846479189255392138,-2847144,0.000000000000000000,6214.846479189255392138,2.847144,0.000000,0.000458119763623094,1272262400388784013743,0.00025786607955037685,793579807179953,-358959,500000,50.0
SWAP,FIRE_USDG_50pct,13810718,2026-07-19T11:38:26+00:00,0xec281d2898e7113c662dca463612a93d3256e9a9167f504304cce59dcee33996,8,42,0x8fb79468b6273de01370f01d0ba7784c1753a820,0x1d4b86491ec211257cbedd77a4380a7494624eff,0xdfbdc88db73b4290a0f02daf53a95c5eb59ceceb7f080e08476d04ee776eee43,USDG_TO_FIRE,4252568018436525817077,-2399683,0.000000000000000000,4252.568018436525817077,2.399683,0.000000,0.000564290327537725,1392050223716956549906,0.0003087099599527292,793579807179953,-357160,500000,50.0
SWAP,FIRE_USDG_50pct,14082950,2026-07-19T19:13:45+00:00,0x14283a05f30a447b262da41ab17d8f6980b8b3ebea7a76271575c333cc2c8ce8,6,43,0x56c262027e0de4aea31d2489529cb25d23e58a8b,0x1d4b86491ec211257cbedd77a4380a7494624eff,0xdfbdc88db73b4290a0f02daf53a95c5eb59ceceb7f080e08476d04ee776eee43,USDG_TO_FIRE,3204349079964868771039,-2025542,0.000000000000000000,3204.349079964868771039,2.025542,0.000000,0.000632122764858755,1425199621633444486959,0.00032358786700132844,2420556342527839,-356689,500000,50.0
SWAP,FIRE_USDG_50pct,14135073,2026-07-19T20:41:00+00:00,0xa30c8dfb92d8089db882a9f4d59ee6ffb702cf2771186fb7deaabee434604a96,1,4,0x28cedb4c754e2862e703c7d6c3d1518f65965bc2,0x1d4b86491ec211257cbedd77a4380a7494624eff,0xdfbdc88db73b4290a0f02daf53a95c5eb59ceceb7f080e08476d04ee776eee43,USDG_TO_FIRE,36482046275684189822002,-32392528,0.000000000000000000,36482.046275684189822002,32.392528,0.000000,0.000887903264943504,1955325780554354131230,0.0006090866564336434,2420556342527839,-350364,500000,50.0
SWAP,FIRE_USDG_50pct,14237570,2026-07-19T23:32:39+00:00,0x3e466a114201b49f0cbfed3fcd43936747018320633615f6b0b7fd71e82bddf2,5,34,0xada5bb90d0de0bd1b6f3938708f49295a8d1f7cb,0x1d4b86491ec211257cbedd77a4380a7494624eff,0xdfbdc88db73b4290a0f02daf53a95c5eb59ceceb7f080e08476d04ee776eee43,USDG_TO_FIRE,1971845331685833118507,-2442840,0.000000000000000000,1971.845331685833118507,2.442840,0.000000,0.001238859843997749,1988530339546395212479,0.0006299488327558408,2914384807259994,-350027,500000,50.0
SWAP,FIRE_USDG_50pct,14908389,2026-07-20T18:14:36+00:00,0xdbc40344423d1d55585f0c7dd2f6757711e58d95d1e77308f242662932ec940c,32,37,0xabb2acd3be814a80e502575d6c1dc5f789e9cd10,0x1d4b86491ec211257cbedd77a4380a7494624eff,0xdfbdc88db73b4290a0f02daf53a95c5eb59ceceb7f080e08476d04ee776eee43,USDG_TO_FIRE,1809116665259475200635,-2308693,0.000000000000000000,1809.116665259475200635,2.308693,0.000000,0.001276143791240170,2014171163895481245796,0.0006462991438545111,3566839788009817,-349771,500000,50.0
SWAP,FIRE_USDG_50pct,16921697,2026-07-23T02:17:11+00:00,0xe4cffb310bebeb8f92a033bcb64e0c008e674a1b094f69ddafc6d002e605e98d,35,267,0xc347db1b9077ebbc43ee1474b9866eab97ecb386,0x8876789976decbfcbbbe364623c63652db8c0904,0xdfbdc88db73b4290a0f02daf53a95c5eb59ceceb7f080e08476d04ee776eee43,USDG_TO_FIRE,5713927149821691306060,-7693829,0.000000000000000000,5713.927149821691306060,7.693829,0.000000,0.001346504566520435,2098169511150932819913,0.0007013292890739094,3628451481831006,-348953,500000,50.0
SWAP,FIRE_USDG_50pct,16941808,2026-07-23T02:50:44+00:00,0x6e89ac0d807b28131b3b4045846fb880a7645a0cb7651771986b2ee74545d1a4,7,9,0x88f31d614d5f1923c9e05221b5e72762b7325594,0x8876789976decbfcbbbe364623c63652db8c0904,0xdfbdc88db73b4290a0f02daf53a95c5eb59ceceb7f080e08476d04ee776eee43,USDG_TO_FIRE,85316533642377186554374,-317167350,0.000000000000000000,85316.533642377186554374,317.167350,0.000000,0.003717536759398547,5560884456609987638416,0.004926387566006467,3628451481831006,-329459,500000,50.0
SWAP,FIRE_USDG_50pct,16941808,2026-07-23T02:50:44+00:00,0x2ad27c41fc2e78348a7b3768167319d33f6e3484e4cdccb5ae8eac03eda82ad1,9,40,0xb4864f7f85eb2fdbd58b4293a2b9bd684fb13336,0xa633c73658857d5241fe21d43f854a82e2d0592c,0xdfbdc88db73b4290a0f02daf53a95c5eb59ceceb7f080e08476d04ee776eee43,FIRE_TO_USDG,-67849172951375071453367,100907144,67849.172951375071453367,0.000000000000000000,0.000000,100.907144,0.001487227325118853,3357551247843492695646,0.0017959164686377268,3628451481831006,-339550,500000,50.0
SWAP,FIRE_USDG_50pct,16945015,2026-07-23T02:56:07+00:00,0x64a1b87235edb8fce25e9797dd1b136374359256b00edc9f48a966f7a5f7c27e,1,59,0x43370308b53e3611521ba48e2f7632a5644d7b1f,0x1d4b86491ec211257cbedd77a4380a7494624eff,0xdfbdc88db73b4290a0f02daf53a95c5eb59ceceb7f080e08476d04ee776eee43,FIRE_TO_USDG,-2144511156283800000000,1901863,2144.511156283800000000,0.000000000000000000,0.000000,1.901863,0.000886851529975586,3316023567875940831635,0.0017517658254158136,3628451481831006,-339799,500000,50.0
SWAP,FIRE_USDG_50pct,16947150,2026-07-23T02:59:40+00:00,0x68bd9a33708ae4c5d59865eff34299b17d489d38e8bbacbd7bd6b275ee14ad85,2,5,0x6113eecea9998199825a9df4811368f069d85a50,0xa633c73658857d5241fe21d43f854a82e2d0592c,0xdfbdc88db73b4290a0f02daf53a95c5eb59ceceb7f080e08476d04ee776eee43,FIRE_TO_USDG,-10056757631731669708092,8325636,10056.757631731669708092,0.000000000000000000,0.000000,8.325636,0.000827864835255696,3134231170046946676064,0.0015649587088759703,3628451481831006,-340927,500000,50.0
SWAP,FIRE_USDG_50pct,16947830,2026-07-23T03:00:49+00:00,0x82bc076a2241578680e29ae97fb5245654c4b63a63c756d4257c3ef2aa407ad8,3,4,0x81a514664f5330b7b9f131691c67a1895a2f4bc6,0x4dbfd2ea0fa92f7f4e695078abb905395a24c113,0xdfbdc88db73b4290a0f02daf53a95c5eb59ceceb7f080e08476d04ee776eee43,FIRE_TO_USDG,-5404405841889779492892,4114279,5404.405841889779492892,0.000000000000000000,0.000000,4.114279,0.000761282390769037,3049326807965228730001,0.0014813196238889085,3839223270222632,-341476,500000,50.0
SWAP,FIRE_USDG_50pct,16963641,2026-07-23T03:27:15+00:00,0x097b2738e51cb10e5e345239b790a8c23a26263ccdb25a9229f7e264eb799021,2,11,0x4337016838785634c63fce393bfc6222564436c4,0x1d4b86491ec211257cbedd77a4380a7494624eff,0xdfbdc88db73b4290a0f02daf53a95c5eb59ceceb7f080e08476d04ee776eee43,FIRE_TO_USDG,-4144008340027574371295,3023953,4144.008340027574371295,0.000000000000000000,0.000000,3.023953,0.000729716919435514,3004275390166572867268,0.0014378722857204922,5317974987992036,-341774,500000,50.0
SWAP,FIRE_USDG_50pct,16966396,2026-07-23T03:31:52+00:00,0xca79f4c1188e23915caf67d7e9ccb19b9b25309c0a8d24ec2ab6b2541b359afe,5,18,0x4337021d22bcd0775a0fd1b4a6665051dc15d995,0x1d4b86491ec211257cbedd77a4380a7494624eff,0xdfbdc88db73b4290a0f02daf53a95c5eb59ceceb7f080e08476d04ee776eee43,FIRE_TO_USDG,-2687147082643713950290,1913554,2687.147082643713950290,0.000000000000000000,0.000000,1.913554,0.000712113606419108,2975766899980167130304,0.0014107129398743252,5317974987992036,-341964,500000,50.0
SWAP,FIRE_USDG_50pct,17054619,2026-07-23T05:59:24+00:00,0x1b7c5c26aa9724794d5b9685cb306f0c9dc05a8811a5d2caf734c6b5a1446268,3,48,0x43370188473a398394e4ba4a7c7cbb2c6265e22a,0x1d4b86491ec211257cbedd77a4380a7494624eff,0xdfbdc88db73b4290a0f02daf53a95c5eb59ceceb7f080e08476d04ee776eee43,FIRE_TO_USDG,-4013434474768100000000,2792735,4013.434474768100000000,0.000000000000000000,0.000000,2.792735,0.000695846666379514,2935647674652040313044,0.0013729309533261924,5515144550192441,-342236,500000,50.0
SWAP,FIRE_USDG_50pct,17091606,2026-07-23T07:01:07+00:00,0x616497045b34695e337365193eec01f16b9a7a0b6e33b440a399afdc02bfd7f2,3,14,0xe31d840638fe966b603ae515e6b52c9bdd4e0ecc,0x8876789976decbfcbbbe364623c63652db8c0904,0xdfbdc88db73b4290a0f02daf53a95c5eb59ceceb7f080e08476d04ee776eee43,USDG_TO_FIRE,3527461240440544936011,-9921041,0.000000000000000000,3527.461240440544936011,9.921041,0.000000,0.002812515949505078,3006908342643334404820,0.0014403936979525648,5515144550192441,-341756,500000,50.0
SWAP,FIRE_USDG_50pct,17296836,2026-07-23T12:44:10+00:00,0xf50ffe042627593be4497336916db1f1ff1386c3e9a1055da47b66365dfa06f7,8,45,0x35f17f653000b663c3f28667bcd68b2e17d460d7,0x1d4b86491ec211257cbedd77a4380a7494624eff,0xdfbdc88db73b4290a0f02daf53a95c5eb59ceceb7f080e08476d04ee776eee43,FIRE_TO_USDG,-4000553280000000000000,2838584,4000.553280000000000000,0.000000000000000000,0.000000,2.838584,0.000709547855340649,2962448378443279736689,0.0013981134550467172,5058390487709384,-342054,500000,50.0
SWAP,FIRE_USDG_50pct,17297811,2026-07-23T12:45:47+00:00,0xb9502a70234e44da590669bafad43ccba5d1bdc3ff0ee130843da13ee40b7959,4,10,0xd71212080d90ffa50a80bff2af2ade6f99f29b96,0x1521027b665fa38fa4a642991607ad708376dd7b,0xdfbdc88db73b4290a0f02daf53a95c5eb59ceceb7f080e08476d04ee776eee43,FIRE_TO_USDG,-10484089738386815393565,7055577,10484.089738386815393565,0.000000000000000000,0.000000,7.055577,0.000672979455161134,2851938832098840157533,0.0012957500841799332,5058390487709384,-342815,500000,50.0
SWAP,FIRE_USDG_50pct,17297948,2026-07-23T12:46:01+00:00,0x630c9b30fa769998cca874382f6ce605547baff0d96be7a5f15a2778cb2bd549,7,56,0x35f17f653000b663c3f28667bcd68b2e17d460d7,0x1d4b86491ec211257cbedd77a4380a7494624eff,0xdfbdc88db73b4290a0f02daf53a95c5eb59ceceb7f080e08476d04ee776eee43,FIRE_TO_USDG,-8499900000000000000000,5345215,8499.900000000000000000,0.000000000000000000,0.000000,5.345215,0.000628856221837904,2768218216387621064185,0.0012207914442967371,5058390487709384,-343410,500000,50.0
SWAP,FIRE_USDG_50pct,17299663,2026-07-23T12:48:53+00:00,0xa97ad7f27d90da24c92f43509caac6d31a648688eae53f8eb698c43909a8d938,7,25,0xeeef618a70e663813331892ee129709845570a1f,0xa633c73658857d5241fe21d43f854a82e2d0592c,0xdfbdc88db73b4290a0f02daf53a95c5eb59ceceb7f080e08476d04ee776eee43,FIRE_TO_USDG,-11772949146217196068114,6905387,11772.949146217196068114,0.000000000000000000,0.000000,6.905387,0.000586546914816055,2660061059052971069898,0.0011272598623023788,5058390487709384,-344208,500000,50.0
SWAP,FIRE_USDG_50pct,17299899,2026-07-23T12:49:17+00:00,0x135bd717c3349de7177b85bdc54da7f302b9f20b3f31114010891e39108e4b5f,2,50,0x35f17f653000b663c3f28667bcd68b2e17d460d7,0x1d4b86491ec211257cbedd77a4380a7494624eff,0xdfbdc88db73b4290a0f02daf53a95c5eb59ceceb7f080e08476d04ee776eee43,FIRE_TO_USDG,-7829707789173716897405,4301290,7829.707789173716897405,0.000000000000000000,0.000000,4.301290,0.000549355112070399,2592691142085451399192,0.0010708839272674736,5058390487709384,-344721,500000,50.0
SWAP,FIRE_USDG_50pct,17963321,2026-07-24T07:18:05+00:00,0x01db8a735a57fb324ebe09bbdf29dae1e3dd51d9224019b363d984cdf2a9ae09,2,8,0xeeef618a70e663813331892ee129709845570a1f,0xa633c73658857d5241fe21d43f854a82e2d0592c,0xdfbdc88db73b4290a0f02daf53a95c5eb59ceceb7f080e08476d04ee776eee43,FIRE_TO_USDG,-17447425309216939170156,8909087,17447.425309216939170156,0.000000000000000000,0.000000,8.909087,0.000510624739301426,2472522415799998627016,0.0009739155671430052,5873829444648257,-345670,500000,50.0
SWAP,FIRE_USDG_50pct,17963828,2026-07-24T07:18:56+00:00,0x3197c6af0b19100f22c80abb90ddbdcd138ce555aee809b41b9e92a39029e604,3,12,0x95d5a1aa091655dbb5b61cf011b3288ac2f79f92,0xa633c73658857d5241fe21d43f854a82e2d0592c,0xdfbdc88db73b4290a0f02daf53a95c5eb59ceceb7f080e08476d04ee776eee43,FIRE_TO_USDG,-36111556464651566194848,16045550,36111.556464651566194848,0.000000000000000000,0.000000,16.045550,0.000444332827794517,2256094707638400320507,0.0008108779408719347,5873829444648257,-347502,500000,50.0
SWAP,FIRE_USDG_50pct,18275318,2026-07-24T15:59:45+00:00,0xdd2baecce69e798ff7544f26b3a478120a04234ba17b12e4573e8c6e34299802,13,36,0x44bdba794fe26ed60e2229451c73eb2097f82363,0x8876789976decbfcbbbe364623c63652db8c0904,0xdfbdc88db73b4290a0f02daf53a95c5eb59ceceb7f080e08476d04ee776eee43,USDG_TO_FIRE,102356427318475773171212,-329501189,0.000000000000000000,102356.427318475773171212,329.501189,0.000000,0.003219154845789773,4478305440646026857305,0.003194980815216048,5873829444648257,-333789,500000,50.0
SWAP,FIRE_USDG_50pct,18275319,2026-07-24T15:59:45+00:00,0x4666c008a31e451e8d3c630dca2bbc42bc05f0cc3c9ad314b5c335bd4f0cf1a2,7,38,0xe858582b200ed580c840b8c24f37560a68406584,0xa633c73658857d5241fe21d43f854a82e2d0592c,0xdfbdc88db73b4290a0f02daf53a95c5eb59ceceb7f080e08476d04ee776eee43,FIRE_TO_USDG,-113667727045758834921391,117384008,113667.727045758834921391,0.000000000000000000,0.000000,117.384008,0.001032694248849941,2894990951510261814786,0.0013351659671340355,5873829444648257,-342515,500000,50.0
SWAP,FIRE_USDG_50pct,18276435,2026-07-24T16:01:37+00:00,0x540816d819d8654e93f3089de0b4df63db6f0599e805ac3c32614312540d7884,4,12,0x81a514664f5330b7b9f131691c67a1895a2f4bc6,0x4dbfd2ea0fa92f7f4e695078abb905395a24c113,0xdfbdc88db73b4290a0f02daf53a95c5eb59ceceb7f080e08476d04ee776eee43,FIRE_TO_USDG,-7692456909711918518112,5015352,7692.456909711918518112,0.000000000000000000,0.000000,5.015352,0.000651983112660403,2827342205947833643676,0.0012734959996695873,5873829444648257,-342988,500000,50.0
SWAP,FIRE_USDG_50pct,18278116,2026-07-24T16:04:25+00:00,0x70b1124c104e7f8dfe01737b5544dbecc861c3f25cf1bd56c46baf973971292f,4,26,0x43370308b53e3611521ba48e2f7632a5644d7b1f,0x1d4b86491ec211257cbedd77a4380a7494624eff,0xdfbdc88db73b4290a0f02daf53a95c5eb59ceceb7f080e08476d04ee776eee43,FIRE_TO_USDG,-4045059296016500000000,2544418,4045.059296016500000000,0.000000000000000000,0.000000,2.544418,0.000629018714881558,2793022247591215899075,0.001242766742422239,5873829444648257,-343232,500000,50.0
SWAP,FIRE_USDG_50pct,18288047,2026-07-24T16:21:00+00:00,0x6c6b4aaa9824a3d21e7c0cea6b8310a1499f5d1f518e9cf7de9b8a1c8f9e4d08,2,10,0x433700890211c1c776c391d414cffd38efdd1811,0x8f10b468b06c6fd214b65f87778827f7d113f996,0xdfbdc88db73b4290a0f02daf53a95c5eb59ceceb7f080e08476d04ee776eee43,FIRE_TO_USDG,-4657832824098800000000,2854402,4657.832824098800000000,0.000000000000000000,0.000000,2.854402,0.000612817614499136,2754521116644580748349,0.0012087404190484275,5873829444648257,-343510,500000,50.0
SWAP,FIRE_USDG_50pct,18349428,2026-07-24T18:03:27+00:00,0xe535bead2b7617eea80045959cebf93a3891eddb5b96e1cb026683e725c489ab,7,46,0x29a8260a3f0e15b95cefb0d418b40f3e7439d121,0x8876789976decbfcbbbe364623c63652db8c0904,0xdfbdc88db73b4290a0f02daf53a95c5eb59ceceb7f080e08476d04ee776eee43,USDG_TO_FIRE,22098791559714068042002,-61261215,0.000000000000000000,22098.791559714068042002,61.261215,0.000000,0.002772152261559801,3158640059536551770899,0.001589428918996877,6005179296817314,-340772,500000,50.0
SWAP,FIRE_USDG_50pct,18349429,2026-07-24T18:03:27+00:00,0xa61be5392ead1d2f84d2e9088f3312f8dbc91a029bb41df80361aac0223fbcec,7,25,0x95d5a1aa091655dbb5b61cf011b3288ac2f79f92,0xa633c73658857d5241fe21d43f854a82e2d0592c,0xdfbdc88db73b4290a0f02daf53a95c5eb59ceceb7f080e08476d04ee776eee43,FIRE_TO_USDG,-18054640133541986009067,13536994,18054.640133541986009067,0.000000000000000000,0.000000,13.536994,0.000749779220182346,2980042362229496162737,0.0014147695632553403,6005179296817314,-341936,500000,50.0
SWAP,FIRE_USDG_50pct,18349880,2026-07-24T18:04:12+00:00,0x13976748c9ec47f275cf18ed6261210d8c36624e6fba3344a21b65d6fd4ff9d1,8,45,0x4337011463ef6bd863e47e7b5e743d2522261131,0x1d4b86491ec211257cbedd77a4380a7494624eff,0xdfbdc88db73b4290a0f02daf53a95c5eb59ceceb7f080e08476d04ee776eee43,FIRE_TO_USDG,-4210894902325255219588,2939952,4210.894902325255219588,0.000000000000000000,0.000000,2.939952,0.000698177482030378,2941254672584159466509,0.0013781804746335268,6005179296817314,-342198,500000,50.0
SWAP,FIRE_USDG_50pct,18354132,2026-07-24T18:11:18+00:00,0x8ddbf89426cce4bade978c96eb5f25d0e0e04a71058ec9216f00351cefdb89f5,3,25,0x81a514664f5330b7b9f131691c67a1895a2f4bc6,0x4dbfd2ea0fa92f7f4e695078abb905395a24c113,0xdfbdc88db73b4290a0f02daf53a95c5eb59ceceb7f080e08476d04ee776eee43,FIRE_TO_USDG,-6013973716279913355675,4073008,6013.973716279913355675,0.000000000000000000,0.000000,4.073008,0.000677257366285840,2890748541179464102494,0.0013312556464112222,6389263323128631,-342544,500000,50.0
SWAP,FIRE_USDG_50pct,18355595,2026-07-24T18:13:43+00:00,0x07f95beee6e859751620fb5b61435266803c93b346862ad669318509124d2416,17,83,0x29a8260a3f0e15b95cefb0d418b40f3e7439d121,0x8876789976decbfcbbbe364623c63652db8c0904,0xdfbdc88db73b4290a0f02daf53a95c5eb59ceceb7f080e08476d04ee776eee43,USDG_TO_FIRE,17266146408910194183711,-50999880,0.000000000000000000,17266.146408910194183711,50.999880,0.000000,0.002953750002587810,3206952974812777365183,0.0016384229244974912,6389263323128631,-340468,500000,50.0
SWAP,FIRE_USDG_50pct,18355596,2026-07-24T18:13:43+00:00,0x7228a91562d54ce26e73875288b1538ada3317fbdcce9cc194159c7f24a5959d,7,18,0x718a74deadeb8bdcbcbf2fd0e228f4b41b92cab7,0x4c4353e0d893c9d3114b3ce1d9e4b802e687ad0d,0xdfbdc88db73b4290a0f02daf53a95c5eb59ceceb7f080e08476d04ee776eee43,FIRE_TO_USDG,-34286605805212305816248,25336289,34286.605805212305816248,0.000000000000000000,0.000000,25.336289,0.000738955881020697,2892777845737713097595,0.0013331253845410918,6389263323128631,-342530,500000,50.0
SWAP,FIRE_USDG_50pct,18355673,2026-07-24T18:13:51+00:00,0xc8fcad2e39a6de9447fe52482c5313b47e37cd545a2f909cc4d43ca0de6fe4a5,2,3,0x81a514664f5330b7b9f131691c67a1895a2f4bc6,0x4dbfd2ea0fa92f7f4e695078abb905395a24c113,0xdfbdc88db73b4290a0f02daf53a95c5eb59ceceb7f080e08476d04ee776eee43,FIRE_TO_USDG,-11405319682199359951178,7362431,11405.319682199359951178,0.000000000000000000,0.000000,7.362431,0.000645526053205749,2801482203767453841593,0.0012503067289449119,6389263323128631,-343172,500000,50.0
SWAP,FIRE_USDG_50pct,18362149,2026-07-24T18:24:41+00:00,0x1347148cb39ca5001db1b7be88e91c25134e8bf2fa4920fdfd6b6ff450fe58ee,9,27,0x4337026d731283f9917fa3c9194d74809bfbec26,0x1d4b86491ec211257cbedd77a4380a7494624eff,0xdfbdc88db73b4290a0f02daf53a95c5eb59ceceb7f080e08476d04ee776eee43,FIRE_TO_USDG,-6169696621947221570347,3792264,6169.696621947221570347,0.000000000000000000,0.000000,3.792264,0.000614659720302928,2754457359678739599716,0.0012086844639648015,6389263323128631,-343510,500000,50.0
SWAP,FIRE_USDG_50pct,18392664,2026-07-24T19:15:37+00:00,0x6fc8243a1777bbc97c0c443d6a6f4e8e03f631aadaf83cade8f566516b876729,4,19,0xeeef618a70e663813331892ee129709845570a1f,0xa633c73658857d5241fe21d43f854a82e2d0592c,0xdfbdc88db73b4290a0f02daf53a95c5eb59ceceb7f080e08476d04ee776eee43,FIRE_TO_USDG,-27083055780436666922823,15410715,27083.055780436666922823,0.000000000000000000,0.000000,15.410715,0.000569016846730119,2593452152467033516158,0.0010715126742679051,7583373668878478,-344715,500000,50.0
SWAP,FIRE_USDG_50pct,18701871,2026-07-25T03:52:31+00:00,0x5343f529dde83de5a69f167746ef76f95f9350fe3a2c7e1f663e5caf9e71f257,5,9,0x4337007ab182ebe9cdb0bc4b96734c32176d44cc,0x1d4b86491ec211257cbedd77a4380a7494624eff,0xdfbdc88db73b4290a0f02daf53a95c5eb59ceceb7f080e08476d04ee776eee43,FIRE_TO_USDG,-9850281982333738489040,5179130,9850.281982333738489040,0.000000000000000000,0.000000,5.179130,0.000525784948013534,2545183453154983609230,0.001031998378120101,8501015708643151,-345091,500000,50.0
SWAP,FIRE_USDG_50pct,19411729,2026-07-25T23:40:30+00:00,0x655f24cffb634f7149ebe98a3b51834b234b933b9f9be86ad35d018b43c82c26,4,914,0xe71411ebb40224f0043d21ee440829156f4fab0a,0x8876789976decbfcbbbe364623c63652db8c0904,0xdfbdc88db73b4290a0f02daf53a95c5eb59ceceb7f080e08476d04ee776eee43,FIRE_TO_USDG,-2543000000000000000000,1305911,2543.000000000000000000,0.000000000000000000,0.000000,1.305911,0.000513531655524971,2533012561490225419504,0.0010221520866065788,8501015708643151,-345186,500000,50.0
SWAP,FIRE_USDG_50pct,19687599,2026-07-26T07:22:12+00:00,0x08cd4620309c75d71b3b082eeb42b0827a7c1d7976872fdedbc2f7b9e748f213,4,14,0xfad4c8f1e71e4c56b87733bd916ff7cff46c6c29,0x8876789976decbfcbbbe364623c63652db8c0904,0xdfbdc88db73b4290a0f02daf53a95c5eb59ceceb7f080e08476d04ee776eee43,FIRE_TO_USDG,-17789370000000000000000,8797432,17789.370000000000000000,0.000000000000000000,0.000000,8.797432,0.000494533083521226,2451021842466893010141,0.0009570512515964072,8501015708643151,-345845,500000,50.0
SWAP,FIRE_USDG_50pct,20070357,2026-07-26T18:01:54+00:00,0x32a82de7044d8291c285b99e8916182854087d625eae549d6611a5880500f06a,1,8,0xeeef618a70e663813331892ee129709845570a1f,0xa633c73658857d5241fe21d43f854a82e2d0592c,0xdfbdc88db73b4290a0f02daf53a95c5eb59ceceb7f080e08476d04ee776eee43,FIRE_TO_USDG,-23711958976087640488206,10857514,23711.958976087640488206,0.000000000000000000,0.000000,10.857514,0.000457891902181059,2345335433073815162144,0.0008762958647973376,8139371264044360,-346726,500000,50.0
SWAP,FIRE_USDG_50pct,20144334,2026-07-26T20:05:24+00:00,0x159c64034d5948d14b90f97676149c33a011450b07ee183bb126ea07076eb581,1,4,0xeeef618a70e663813331892ee129709845570a1f,0xa633c73658857d5241fe21d43f854a82e2d0592c,0xdfbdc88db73b4290a0f02daf53a95c5eb59ceceb7f080e08476d04ee776eee43,FIRE_TO_USDG,-24914903859646360027202,10443262,24914.903859646360027202,0.000000000000000000,0.000000,10.443262,0.000419157226487015,2243681329120844564306,0.0008019793399661013,8139371264044360,-347612,500000,50.0
SWAP,FIRE_USDG_50pct,20146865,2026-07-26T20:09:37+00:00,0x61765728c828a35c2745888d4f902b426a0fc9bc6cbb7a5b2f1402c53b34e319,6,7,0x81a514664f5330b7b9f131691c67a1895a2f4bc6,0x4dbfd2ea0fa92f7f4e695078abb905395a24c113,0xdfbdc88db73b4290a0f02daf53a95c5eb59ceceb7f080e08476d04ee776eee43,FIRE_TO_USDG,-11100578178142172930857,4366887,11100.578178142172930857,0.000000000000000000,0.000000,4.366887,0.000393392752154001,2201174298391151771604,0.0007718798413897792,8139371264044360,-347995,500000,50.0
SWAP,FIRE_USDG_50pct,20148080,2026-07-26T20:11:40+00:00,0x7e9eca7202bd22a619e43374079762d3725518751b8b6b337966c5628cb621d1,9,23,0xeeef618a70e663813331892ee129709845570a1f,0xa633c73658857d5241fe21d43f854a82e2d0592c,0xdfbdc88db73b4290a0f02daf53a95c5eb59ceceb7f080e08476d04ee776eee43,FIRE_TO_USDG,-32144708489786454496006,11760721,32144.708489786454496006,0.000000000000000000,0.000000,11.760721,0.000365868024708851,2086696123696825259775,0.0006936801243963148,8139371264044360,-349063,500000,50.0
SWAP,FIRE_USDG_50pct,20354494,2026-07-27T01:56:41+00:00,0xeae961abe0dad41cd8dbc210dd09d13f0b60b847416bf4bdeb45f9ba83062cc9,1,10,0xf71eaa3a1be24fe2f1deef742269c31a911ce754,0x8876789976decbfcbbbe364623c63652db8c0904,0xdfbdc88db73b4290a0f02daf53a95c5eb59ceceb7f080e08476d04ee776eee43,USDG_TO_FIRE,194778411696457223506270,-750110459,0.000000000000000000,194778.411696457223506270,750.110459,0.000000,0.003851096497126039,5792344222645598804041,0.00534502275221592,8018823115844763,-328643,500000,50.0
SWAP,FIRE_USDG_50pct,20354494,2026-07-27T01:56:41+00:00,0xc9ad3062f9b616ef1b1d1f668fed160c1fed586ca38e50519434bf327a927489,3,35,0xb4864f7f85eb2fdbd58b4293a2b9bd684fb13336,0xa633c73658857d5241fe21d43f854a82e2d0592c,0xdfbdc88db73b4290a0f02daf53a95c5eb59ceceb7f080e08476d04ee776eee43,FIRE_TO_USDG,-242789715939615956768342,307984610,242789.715939615956768342,0.000000000000000000,0.000000,307.984610,0.001268524116880629,2749372152152696071040,0.0012042256999626434,8018823115844763,-343547,500000,50.0
SWAP,FIRE_USDG_50pct,20354496,2026-07-27T01:56:41+00:00,0x06a96fea1c1aad20fa91232e5c83485a739e6059448bb34c8380734375db8fb9,2,20,0x8c8ad14cbebc65c6af15c484098c501f08ecb611,0x000000000022b747bc1057d9497efe6d1c69296f,0xdfbdc88db73b4290a0f02daf53a95c5eb59ceceb7f080e08476d04ee776eee43,FIRE_TO_USDG,-21687851687645210500907,12473195,21687.851687645210500907,0.000000000000000000,0.000000,12.473195,0.000575123584375373,2626133578333717360784,0.0010986881943258822,8018823115844763,-344464,500000,50.0
SWAP,FIRE_USDG_50pct,20365401,2026-07-27T02:14:55+00:00,0xa7572b706ba4e0e23fe3fcb2dcb278da6ce2d46142f80cd381aa1990da44b9bd,5,27,0x1983824aa3cf023dfd233115e801520b9d49a258,0xa687b664662b96b180346d699a6d5b42e9b05d31,0xdfbdc88db73b4290a0f02daf53a95c5eb59ceceb7f080e08476d04ee776eee43,FIRE_TO_USDG,-6041599301933559037967,3285166,6041.599301933559037967,0.000000000000000000,0.000000,3.285166,0.000543757676704679,2599427910556977028131,0.0010764562607119138,9746158885635824,-344669,500000,50.0
SWAP,FIRE_USDG_50pct,20378248,2026-07-27T02:36:24+00:00,0x8833948f0f6bc8398085162f19834336a3dc0abdca62c38ba0270525dba04c61,2,8,0xeeef618a70e663813331892ee129709845570a1f,0xa633c73658857d5241fe21d43f854a82e2d0592c,0xdfbdc88db73b4290a0f02daf53a95c5eb59ceceb7f080e08476d04ee776eee43,FIRE_TO_USDG,-16871593431305127605539,8830009,16871.593431305127605539,0.000000000000000000,0.000000,8.830009,0.000523365444760895,2527647277794359355939,0.0010178265432474567,9746158885635824,-345229,500000,50.0
SWAP,FIRE_USDG_50pct,20389139,2026-07-27T02:54:38+00:00,0x0300e25418ec3059428f74fb8cf1e8853b2fbb6f565d8041f85572e9e49fd3b8,1,21,0x4337017d2e3f5e4160a27f6fdbdc38719343c62f,0x1d4b86491ec211257cbedd77a4380a7494624eff,0xdfbdc88db73b4290a0f02daf53a95c5eb59ceceb7f080e08476d04ee776eee43,FIRE_TO_USDG,-18519330374870378660465,9175924,18519.330374870378660465,0.000000000000000000,0.000000,9.175924,0.000495478174116445,2460918622675291291672,0.0009647956529506502,10894744521966148,-345764,500000,50.0
SWAP,FIRE_USDG_50pct,20570751,2026-07-27T07:58:29+00:00,0x717b53794bff024222a3df8e55a6be6e967e6f66b4a6139a7ad4978d78854e5b,6,18,0xeeef618a70e663813331892ee129709845570a1f,0xa633c73658857d5241fe21d43f854a82e2d0592c,0xdfbdc88db73b4290a0f02daf53a95c5eb59ceceb7f080e08476d04ee776eee43,FIRE_TO_USDG,-27319312801774250434606,12700519,27319.312801774250434606,0.000000000000000000,0.000000,12.700519,0.000464891598560823,2371611954849151126799,0.0008960414378303732,11267230773141842,-346503,500000,50.0
SWAP,FIRE_USDG_50pct,20754676,2026-07-27T13:06:16+00:00,0x5717d76e8646d3e2983d565210ccc95b5cb61ae0d81c82a84d5b0eb8b175ea65,9,62,0x43370330be39d388f6219d8241dc1f76fb9df268,0xaa61254627b7392b0bc922097b10eb0587db2be7,0xdfbdc88db73b4290a0f02daf53a95c5eb59ceceb7f080e08476d04ee776eee43,FIRE_TO_USDG,-4679502885037473162617,2084315,4679.502885037473162617,0.000000000000000000,0.000000,2.084315,0.000445413765351981,2357812368264763702739,0.000885644266780365,11966769795590891,-346620,500000,50.0
SWAP,FIRE_USDG_50pct,20761649,2026-07-27T13:17:55+00:00,0x21a046825df41f82a72ba52a52a2be46f7a609f56f8bad6d11fc9a7b41683aa8,48,89,0x2f878417db3b6a61388bb620ff4f8be745cae66e,0x000000000022b747bc1057d9497efe6d1c69296f,0xdfbdc88db73b4290a0f02daf53a95c5eb59ceceb7f080e08476d04ee776eee43,FIRE_TO_USDG,-15233809888027889935889,6620461,15233.809888027889935889,0.000000000000000000,0.000000,6.620461,0.000434589971166895,2313980403957453724659,0.0008530219097316023,11966769795590891,-346995,500000,50.0
SWAP,FIRE_USDG_50pct,21644109,2026-07-28T13:55:37+00:00,0xe45e9e6555225d6c299a1df3203c1249435eab2d5c5bba926cbbac17e06ccb8d,3,50,0xeeef618a70e663813331892ee129709845570a1f,0xa633c73658857d5241fe21d43f854a82e2d0592c,0xdfbdc88db73b4290a0f02daf53a95c5eb59ceceb7f080e08476d04ee776eee43,FIRE_TO_USDG,-19333428118562622627049,8004376,19333.428118562622627049,0.000000000000000000,0.000000,8.004376,0.000414017418479176,2248447026165600159466,0.0008053898506969957,9677085099447242,-347570,500500,50.05
SWAP,FIRE_USDG_50pct,21877909,2026-07-28T20:26:19+00:00,0x439a8d1caadc97c6755558c5a9956af17cce236c337859eae0ac2cf8a28de245,3,11,0xeeef618a70e663813331892ee129709845570a1f,0xa633c73658857d5241fe21d43f854a82e2d0592c,0xdfbdc88db73b4290a0f02daf53a95c5eb59ceceb7f080e08476d04ee776eee43,FIRE_TO_USDG,-25946912194350090121067,10056027,25946.912194350090121067,0.000000000000000000,0.000000,10.056027,0.000387561607511420,2166116388539139055959,0.0007474883165022979,9677085099447242,-348316,500500,50.05
SWAP,FIRE_USDG_50pct,21879972,2026-07-28T20:29:47+00:00,0x7ff8e745d14ac0f798fe449114c5cd5dd58790df090b415c407e6218f7b0d407,4,30,0x4337013ef5cd421cef649fc58c1b0defd37bbeb1,0x39b38686a19836ac10162c490e4558e120cbbe5f,0xdfbdc88db73b4290a0f02daf53a95c5eb59ceceb7f080e08476d04ee776eee43,FIRE_TO_USDG,-26585377356707865000000,9567252,26585.377356707865000000,0.000000000000000000,0.000000,9.567252,0.000359868956217244,2087787448739507895572,0.0006944058922195739,9677085099447242,-349053,500500,50.05
SWAP,FIRE_USDG_50pct,21923483,2026-07-28T21:42:28+00:00,0x958497332bd5c1f528a51f1bf7c5c6ea7ac4cd655eba8469bf337a722e3582c2,18,55,0x81a514664f5330b7b9f131691c67a1895a2f4bc6,0x4dbfd2ea0fa92f7f4e695078abb905395a24c113,0xdfbdc88db73b4290a0f02daf53a95c5eb59ceceb7f080e08476d04ee776eee43,FIRE_TO_USDG,-9859092733147160712298,3374431,9859.092733147160712298,0.000000000000000000,0.000000,3.374431,0.000342265874896871,2060160329466005766015,0.0006761497203683647,9677085099447242,-349319,500500,50.05
SWAP,FIRE_USDG_50pct,21924200,2026-07-28T21:43:39+00:00,0x82e9fb85e0fe84038419385fb8efea6eab1d9ede1c43d35bc5e1651ae5eb7307,5,8,0xeeef618a70e663813331892ee129709845570a1f,0xa633c73658857d5241fe21d43f854a82e2d0592c,0xdfbdc88db73b4290a0f02daf53a95c5eb59ceceb7f080e08476d04ee776eee43,FIRE_TO_USDG,-43506556947611045085913,13883078,43506.556947611045085913,0.000000000000000000,0.000000,13.883078,0.000319103118564806,1946496888925413223975,0.0006035986508290855,9677085099447242,-350454,500500,50.05
SWAP,FIRE_USDG_50pct,21925772,2026-07-28T21:46:17+00:00,0xd14b2b298e0aba7e3d7d8606ffb2fba638bfe0adc9ed77c96dcc0098266d6ff8,4,7,0x81a514664f5330b7b9f131691c67a1895a2f4bc6,0x4dbfd2ea0fa92f7f4e695078abb905395a24c113,0xdfbdc88db73b4290a0f02daf53a95c5eb59ceceb7f080e08476d04ee776eee43,FIRE_TO_USDG,-14731232112448708568883,4359980,14731.232112448708568883,0.000000000000000000,0.000000,4.359980,0.000295968454418390,1910800887572990281963,0.0005816633513149217,9677085099447242,-350824,500500,50.05
SWAP,FIRE_USDG_50pct,22236184,2026-07-29T06:24:37+00:00,0x3df7ca6c08a92c68215340262df17a020dead9ac6ca3cb6297ae4079dad8f39b,2,19,0x338d0cd039d0f2511ae9858a2cbbe4d73052e0f6,0xa633c73658857d5241fe21d43f854a82e2d0592c,0xdfbdc88db73b4290a0f02daf53a95c5eb59ceceb7f080e08476d04ee776eee43,FIRE_TO_USDG,-114537794073174667583452,29259643,114537.794073174667583452,0.000000000000000000,0.000000,29.259643,0.000255458412105500,1680074174857102915885,0.00044967396610912113,10047331589899141,-353398,500500,50.05
SWAP,FIRE_USDG_50pct,22698348,2026-07-29T19:17:08+00:00,0xf355b30f08d7ee8cd63ed6c9e71b47d7f36a5fee2a6e7612f3aefd47af646864,9,17,0xeeef618a70e663813331892ee129709845570a1f,0xa633c73658857d5241fe21d43f854a82e2d0592c,0xdfbdc88db73b4290a0f02daf53a95c5eb59ceceb7f080e08476d04ee776eee43,FIRE_TO_USDG,-37231790359234830503653,8048668,37231.790359234830503653,0.000000000000000000,0.000000,8.048668,0.000216177302309171,1616982475810690357953,0.00041653496108547675,10107212013047295,-354164,500500,50.05
SWAP,FIRE_USDG_50pct,22699058,2026-07-29T19:18:19+00:00,0x20a5232eb7c5d688b2ec7815e59c6428c7c7c76f1ef6c0101e2f6fc272cb6886,4,29,0x4337013ef5cd421cef649fc58c1b0defd37bbeb1,0x39b38686a19836ac10162c490e4558e120cbbe5f,0xdfbdc88db73b4290a0f02daf53a95c5eb59ceceb7f080e08476d04ee776eee43,FIRE_TO_USDG,-34179237974372526762626,6874319,34179.237974372526762626,0.000000000000000000,0.000000,6.874319,0.000201125578199091,1563096228806067147009,0.0003892353387764934,10107212013047295,-354842,500500,50.05
SWAP,FIRE_USDG_50pct,23390490,2026-07-30T14:34:01+00:00,0xce217e230ea8bf23bb747e65eae65fad8e9c8b7365f7e18b22584b5581a13ddc,3,22,0xa6935eecdc353b080a22dfecd744f400ce5480d6,0x53bf6b0684ec7ef91e1387da3d1a1769bc5a6f77,0xdfbdc88db73b4290a0f02daf53a95c5eb59ceceb7f080e08476d04ee776eee43,FIRE_TO_USDG,-23582304766955243412169,4481891,23582.304766955243412169,0.000000000000000000,0.000000,4.481891,0.000190053137057251,1527963690366556568379,0.0003719348733695115,10107212013047295,-355296,500500,50.05
SWAP,FIRE_USDG_50pct,23393330,2026-07-30T14:38:45+00:00,0xe19feb6ec5b38f6e261edd23e9e514f9d5fc81c3c5b73d8b35e21a49330e61c4,2,2,0xa6935eecdc353b080a22dfecd744f400ce5480d6,0x53bf6b0684ec7ef91e1387da3d1a1769bc5a6f77,0xdfbdc88db73b4290a0f02daf53a95c5eb59ceceb7f080e08476d04ee776eee43,FIRE_TO_USDG,-233464817192856909780475,35478862,233464.817192856909780475,0.000000000000000000,0.000000,35.478862,0.000151966632174355,1249852862105822762050,0.0002488620135161608,10107212013047295,-359315,500500,50.05
SWAP,FIRE_USDG_50pct,23417243,2026-07-30T15:18:41+00:00,0x7590ec74f917624afbebe0facd28f9cded2371c81b6137f53ee0d8070520b6bc,10,33,0x344daadde53a81f95bcc46a99d39107a509251a1,0x39b38686a19836ac10162c490e4558e120cbbe5f,0xdfbdc88db73b4290a0f02daf53a95c5eb59ceceb7f080e08476d04ee776eee43,USDG_TO_FIRE,51840827853945524012571,-28102087,0.000000000000000000,51840.827853945524012571,28.102087,0.000000,0.000542084070863486,1359885686385337001449,0.0002946087474750478,10107212013047295,-357627,500500,50.05
SWAP,FIRE_USDG_50pct,23419942,2026-07-30T15:23:11+00:00,0x552b70e91562b0c5271b5b06d8a934ec2db5c9db2e2df3a5b02bcb62ac1ce530,8,30,0x0ec4e45f9ce3020024c0418a74cd31fbc487038f,0x39b38686a19836ac10162c490e4558e120cbbe5f,0xdfbdc88db73b4290a0f02daf53a95c5eb59ceceb7f080e08476d04ee776eee43,USDG_TO_FIRE,3218025632817043961964,-1908446,0.000000000000000000,3218.025632817043961964,1.908446,0.000000,0.000593048725447645,1367358139909231862966,0.0002978553417791403,10107212013047295,-357518,500500,50.05
SWAP,FIRE_USDG_50pct,23432605,2026-07-30T15:44:20+00:00,0x170ed1f872d44e60f25fd21363324f07e5ffa6ca8e94424603280f6600b0d2b9,6,12,0x1360dda89a47ee1697c47d04d97a149f6e39f36f,0x000000000022b747bc1057d9497efe6d1c69296f,0xdfbdc88db73b4290a0f02daf53a95c5eb59ceceb7f080e08476d04ee776eee43,FIRE_TO_USDG,-16295170219604731431512,2381673,16295.170219604731431512,0.000000000000000000,0.000000,2.381673,0.000146158215465255,1343274357762992363990,0.0002874552741516824,7834966158999285,-357873,500500,50.05
SWAP,FIRE_USDG_50pct,23433845,2026-07-30T15:46:24+00:00,0xb17835f469d9f25404dce0399bc2151ee7aa0d094ef62dd10fe20ff3be07e35b,3,50,0xe49193acd219557a150e35ccc2a66f89c42482e6,0xa687b664662b96b180346d699a6d5b42e9b05d31,0xdfbdc88db73b4290a0f02daf53a95c5eb59ceceb7f080e08476d04ee776eee43,FIRE_TO_USDG,-503833523048941691991737,46835945,503833.523048941691991737,0.000000000000000000,0.000000,46.835945,0.000092959167775445,869663386086457276768,0.00012048783610367469,7834966158999285,-366569,500500,50.05
SWAP,FIRE_USDG_50pct,23434221,2026-07-30T15:47:01+00:00,0x56b895639f099018c9e7182934a4b7e62b0d18247a4945de94117ffeb5e0ad8e,3,9,0x0f314627cc8600a6c430f871eb8f077a93acddaf,0x4c4353e0d893c9d3114b3ce1d9e4b802e687ad0d,0xdfbdc88db73b4290a0f02daf53a95c5eb59ceceb7f080e08476d04ee776eee43,USDG_TO_FIRE,133954406695935323278370,-39776948,0.000000000000000000,133954.406695935323278370,39.776948,0.000000,0.000296943930260467,1070577014730583033379,0.00018258986277189005,7834966158999285,-362412,500500,50.05
SWAP,FIRE_USDG_50pct,23440559,2026-07-30T15:57:36+00:00,0xc5c65546342aab03ccb2bae7abe99331bd3d2c633677f91fbeade3fddc806a90,4,31,0x00000000d282f1dc75377e2c68d2452641495145,0xfe2465ba56d5c994f88f45603e12e72a5907512e,0xdfbdc88db73b4290a0f02daf53a95c5eb59ceceb7f080e08476d04ee776eee43,USDG_TO_FIRE,25766645259756989167207,-9856901,0.000000000000000000,25766.645259756989167207,9.856901,0.000000,0.000382544987934256,1120364287992830110030,0.00019996746758675206,7834966158999285,-361502,500500,50.05
SWAP,FIRE_USDG_50pct,23441773,2026-07-30T15:59:39+00:00,0x7dbd94331c59510df516a2f49711238635b37402d705944c5231e7b94ee11e9d,2,7,0xeeef618a70e663813331892ee129709845570a1f,0xa633c73658857d5241fe21d43f854a82e2d0592c,0xdfbdc88db73b4290a0f02daf53a95c5eb59ceceb7f080e08476d04ee776eee43,USDG_TO_FIRE,34364724067370905856078,-14667117,0.000000000000000000,34364.724067370905856078,14.667117,0.000000,0.000426807355451061,1194447985855545626867,0.00022728737736898926,7834966158999285,-360222,500500,50.05
SWAP,FIRE_USDG_50pct,23491393,2026-07-30T17:22:36+00:00,0xdacb879e39d8e26ea7b36f97e52fc9caa0dd786f2706f1293fa2f0ed9a173d0f,3,20,0xeeef618a70e663813331892ee129709845570a1f,0xa633c73658857d5241fe21d43f854a82e2d0592c,0xdfbdc88db73b4290a0f02daf53a95c5eb59ceceb7f080e08476d04ee776eee43,USDG_TO_FIRE,19015963567195592469340,-8978353,0.000000000000000000,19015.963567195592469340,8.978353,0.000000,0.000472148201603023,1239383545719365159544,0.00024471031985038883,7907178892138251,-359483,500500,50.05
SWAP,FIRE_USDG_50pct,23491956,2026-07-30T17:23:32+00:00,0x74c42dd13acde20f1b57b75bc6860743665f01acb565e78ce598c50d2c8e42ab,9,324,0xb4864f7f85eb2fdbd58b4293a2b9bd684fb13336,0xa633c73658857d5241fe21d43f854a82e2d0592c,0xdfbdc88db73b4290a0f02daf53a95c5eb59ceceb7f080e08476d04ee776eee43,USDG_TO_FIRE,26241185326951678971070,-13559782,0.000000000000000000,26241.185326951678971070,13.559782,0.000000,0.000516736642459252,1307248601810190356216,0.00027224330255807563,7907178892138251,-358417,500500,50.05
SWAP,FIRE_USDG_50pct,23498732,2026-07-30T17:34:51+00:00,0x4f13b8becf073202ddf4d67b52c46a09f3018ecfb88fc1b968e120b577ef7573,26,56,0x4da5fb9c62006e9450df7e8b3d0d5c044b5759a8,0x8876789976decbfcbbbe364623c63652db8c0904,0xdfbdc88db73b4290a0f02daf53a95c5eb59ceceb7f080e08476d04ee776eee43,USDG_TO_FIRE,90456372696798751230385,-60772671,0.000000000000000000,90456.372696798751230385,60.772671,0.000000,0.000671845102651908,1611408415753181846849,0.00041366815320545734,7907178892138251,-354233,500500,50.05
SWAP,FIRE_USDG_50pct,24675917,2026-08-01T02:20:55+00:00,0xdbc511aecf9115060561980a6f83f1d24fe4bafa6c78a5a80ba4b72bf71387a1,3,9,0xf0229a7df821096bd3e097e36152bc948c1f4cc0,0x000000007907b910ae1ee64a71f95b592fc7bb89,0xdfbdc88db73b4290a0f02daf53a95c5eb59ceceb7f080e08476d04ee776eee43,FIRE_TO_USDG,-21336007586877351063691,4289642,21336.007586877351063691,0.000000000000000000,0.000000,4.289642,0.000201051765778258,1567927651622241059984,0.0003916452567372949,7816341846440500,-354780,500500,50.05
SWAP,FIRE_USDG_50pct,24676025,2026-08-01T02:21:06+00:00,0xc70c5c0925746e43008b7474543f82cfd8c32c9c0345669cbef330abbec34268,8,56,0xb4864f7f85eb2fdbd58b4293a2b9bd684fb13336,0xa633c73658857d5241fe21d43f854a82e2d0592c,0xdfbdc88db73b4290a0f02daf53a95c5eb59ceceb7f080e08476d04ee776eee43,FIRE_TO_USDG,-73311495134070256569388,13124824,73311.495134070256569388,0.000000000000000000,0.000000,13.124824,0.000179028186180048,1434891542214244129289,0.00032800388215966026,7816341846440500,-356553,500500,50.05
SWAP,FIRE_USDG_50pct,25087698,2026-08-01T13:49:46+00:00,0x6ea987c848f419787fd1649c64767ff856ebd88fa2c0a112481a26af98fc00a4,2,5,0x4da5fb9c62006e9450df7e8b3d0d5c044b5759a8,0x8876789976decbfcbbbe364623c63652db8c0904,0xdfbdc88db73b4290a0f02daf53a95c5eb59ceceb7f080e08476d04ee776eee43,FIRE_TO_USDG,-74557665073790240767109,11245032,74557.665073790240767109,0.000000000000000000,0.000000,11.245032,0.000150823285424385,1320909411083121308500,0.0002779629430652322,7816341846440500,-358209,500500,50.05
SWAP,FIRE_USDG_50pct,29664696,2026-08-06T21:16:03+00:00,0x9c91d2259f23ab06316c720b12dba3b88acca4f9ea4bd28ae3fecaa1854fc5dc,18,91,0x8fcfe3485122f380793d5ade4fc8acabe4f83067,0x8876789976decbfcbbbe364623c63652db8c0904,0xdfbdc88db73b4290a0f02daf53a95c5eb59ceceb7f080e08476d04ee776eee43,USDG_TO_FIRE,85486077198891850437678,-57233580,0.000000000000000000,85486.077198891850437678,57.233580,0.000000,0.000669507618963968,1589194839309223626482,0.00040234177232615644,8442457838302886,-354511,500500,50.05
SWAP,FIRE_USDG_50pct,29665054,2026-08-06T21:16:39+00:00,0x0f5227e88abb56ae9d286b7d64c14649f92507e7e6921751e9afcea22644ad4d,12,53,0x8fcfe3485122f380793d5ade4fc8acabe4f83067,0x8876789976decbfcbbbe364623c63652db8c0904,0xdfbdc88db73b4290a0f02daf53a95c5eb59ceceb7f080e08476d04ee776eee43,USDG_TO_FIRE,60769991013778691957645,-57209705,0.000000000000000000,60769.991013778691957645,57.209705,0.000000,0.000941413747897849,1857368348105671433270,0.000549587584521167,8442457838302886,-351392,500500,50.05
SWAP,FIRE_USDG_50pct,29682516,2026-08-06T21:45:47+00:00,0x73e6e9020625cf56a2147a4e48e15e6bba9644ec129bf22deb384755b8dc4e9e,10,19,0x29ff475a04f1ffd246591de728c5e7c8dac6d88e,0x8876789976decbfcbbbe364623c63652db8c0904,0xdfbdc88db73b4290a0f02daf53a95c5eb59ceceb7f080e08476d04ee776eee43,USDG_TO_FIRE,23522988558946028183025,-27690493,0.000000000000000000,23522.988558946028183025,27.690493,0.000000,0.001177167302981535,1987168994696551508993,0.0006290866039691561,8442457838302886,-350041,500500,50.05
SWAP,FIRE_USDG_50pct,30442016,2026-08-07T18:54:04+00:00,0xbfa23640715b910bcbd95ea6c01f9f29d2fc2f41200641632457356c25d049a4,6,46,0xb4864f7f85eb2fdbd58b4293a2b9bd684fb13336,0xa633c73658857d5241fe21d43f854a82e2d0592c,0xdfbdc88db73b4290a0f02daf53a95c5eb59ceceb7f080e08476d04ee776eee43,FIRE_TO_USDG,-79460145437974163487819,22437048,79460.145437974163487819,0.000000000000000000,0.000000,22.437048,0.000282368574539222,1785686648861118398548,0.0005079855229914356,8822838297435268,-352179,500500,50.05
SWAP,FIRE_USDG_50pct,31143119,2026-08-08T14:24:50+00:00,0x1b07892e648cb7564d2b4f8ac4bf46ded4c967ff9cc812401fea4ddd589d8764,6,40,0x9d0023652c12955515307406146b8029ac52435b,0x8876789976decbfcbbbe364623c63652db8c0904,0xdfbdc88db73b4290a0f02daf53a95c5eb59ceceb7f080e08476d04ee776eee43,USDG_TO_FIRE,86154767624080704551473,-115938228,0.000000000000000000,86154.767624080704551473,115.938228,0.000000,0.001345697181911900,2362853223449124758013,0.0008894352188191821,7949513589719074,-346577,500500,50.05
SWAP,FIRE_USDG_50pct,31144696,2026-08-08T14:27:28+00:00,0xfcfbe8c386a8d77a35c3d56a568164d4179947e680a378308793bbfd57e0b9df,14,71,0xbe2a16dca3961c19acda0268c829e0eb437b28e6,0x8f10b468b06c6fd214b65f87778827f7d113f996,0xdfbdc88db73b4290a0f02daf53a95c5eb59ceceb7f080e08476d04ee776eee43,FIRE_TO_USDG,-354266471815102601496000,94593399,354266.471815102601496000,0.000000000000000000,0.000000,94.593399,0.000267011999513659,1420096019381097542158,0.0003212744972561462,7949513589719074,-356761,500500,50.05
SWAP,FIRE_USDG_50pct,31144697,2026-08-08T14:27:28+00:00,0x768961596fc3e065bad4b47502df44128f93f75f8a5f326990f5b7609d85c15e,9,12,0xd050cd349a994a106e6ead251839185da9aec239,0x0930790d32890aedd4c33fc6f9a67a1638394a12,0xdfbdc88db73b4290a0f02daf53a95c5eb59ceceb7f080e08476d04ee776eee43,USDG_TO_FIRE,35577635567304086449978,-24879017,0.000000000000000000,35577.635567304086449978,24.879017,0.000000,0.000699288094986949,1543949353546491114999,0.0003797580008745521,7949513589719074,-355088,500500,50.05
SWAP,FIRE_USDG_50pct,31144700,2026-08-08T14:27:29+00:00,0x696ce546dd6b4d46098c93a967424986dcd9fbd9f414e46c0b064484475a20cc,1,3,0x00116dffafe3ba58117c3c60491181893280b7d7,0xc18410feffd9a42ec1a2f88e35cd74b80b8b3576,0xdfbdc88db73b4290a0f02daf53a95c5eb59ceceb7f080e08476d04ee776eee43,USDG_TO_FIRE,743165147729197779744,-566044,0.000000000000000000,743.165147729197779744,0.566044,0.000000,0.000761666504046367,1546767238183096873332,0.0003811454696725867,7949513589719074,-355052,500500,50.05
SWAP,FIRE_USDG_50pct,31144893,2026-08-08T14:27:48+00:00,0xd2c3eb4ffe28321eb9d341a6dff17a85e86d5e3a233ebc1bf3b918129520f5b9,1,5,0x56c262027e0de4aea31d2489529cb25d23e58a8b,0x8f10b468b06c6fd214b65f87778827f7d113f996,0xdfbdc88db73b4290a0f02daf53a95c5eb59ceceb7f080e08476d04ee776eee43,USDG_TO_FIRE,8241036641278655360153,-6418255,0.000000000000000000,8241.036641278655360153,6.418255,0.000000,0.000778816461979007,1578718751875695178278,0.0003970547240732939,7949513589719074,-354643,500500,50.05
SWAP,FIRE_USDG_50pct,31313462,2026-08-08T19:08:57+00:00,0xc1f00b4baa1817d5e32ae2e2f1bffb7e5dd77ea71eee78219a440a9331eacb42,6,9,0xf5cf113d34dfd4b04fc662519d239c462b7bfa17,0xa436eaf9f01b5f1c12d67eaec093475a5b80df1c,0xdfbdc88db73b4290a0f02daf53a95c5eb59ceceb7f080e08476d04ee776eee43,USDG_TO_FIRE,17801165660802186804616,-14751504,0.000000000000000000,17801.165660802186804616,14.751504,0.000000,0.000828681912245922,1645802574935496385971,0.00043151540788233716,8702290128482951,-353810,500500,50.05
SWAP,FIRE_USDG_50pct,31313598,2026-08-08T19:09:11+00:00,0x2994c83d0d32502a8ca217bb83d263eb788cd2eb06cba05c5fa22ebc94b744c1,1,5,0xa67d7eb4dc68fa6ce8e34ef8cadaf075b9893fbb,0x39b38686a19836ac10162c490e4558e120cbbe5f,0xdfbdc88db73b4290a0f02daf53a95c5eb59ceceb7f080e08476d04ee776eee43,USDG_TO_FIRE,13370812500394339537085,-11931802,0.000000000000000000,13370.812500394339537085,11.931802,0.000000,0.000892376734745783,1700063544379498200044,0.0004604379818531235,8702290128482951,-353162,500500,50.05
SWAP,FIRE_USDG_50pct,31333991,2026-08-08T19:43:13+00:00,0x42bc1bb6c968776f816f271924a19a89f6a8dc8e550fb0de101007fd3e19caa1,20,47,0x56c262027e0de4aea31d2489529cb25d23e58a8b,0x39b38686a19836ac10162c490e4558e120cbbe5f,0xdfbdc88db73b4290a0f02daf53a95c5eb59ceceb7f080e08476d04ee776eee43,USDG_TO_FIRE,5258160281537764661175,-4910630,0.000000000000000000,5258.160281537764661175,4.910630,0.000000,0.000933906487643977,1722395081090795361114,0.0004726137858562231,8702290128482951,-352901,500500,50.05
SWAP,FIRE_USDG_50pct,31334797,2026-08-08T19:44:34+00:00,0xaf0c4fbb94d822534a0f299f605e1332a15da9ac943a10566cf849191aab9b26,11,19,0xada5bb90d0de0bd1b6f3938708f49295a8d1f7cb,0x39b38686a19836ac10162c490e4558e120cbbe5f,0xdfbdc88db73b4290a0f02daf53a95c5eb59ceceb7f080e08476d04ee776eee43,USDG_TO_FIRE,4874982787440395905195,-4669448,0.000000000000000000,4874.982787440395905195,4.669448,0.000000,0.000957838869099205,1743629824130866426842,0.00048433896593701647,8702290128482951,-352656,500500,50.05
SWAP,FIRE_USDG_50pct,31335127,2026-08-08T19:45:07+00:00,0x8baf1364d44369ab5b16350a2c5523b6115450e204c15b6d0b12024b24d17ebd,4,29,0xce444442fb53154eae6ac249c30fa6a8c03ea78e,0x7702e2e6b53114a037c45a89f855b52721a1c755,0xdfbdc88db73b4290a0f02daf53a95c5eb59ceceb7f080e08476d04ee776eee43,USDG_TO_FIRE,8315690110101440079243,-8236504,0.000000000000000000,8315.690110101440079243,8.236504,0.000000,0.000990477505889108,1781086079107063233575,0.0005053713887263539,8702290128482951,-352230,500500,50.05
SWAP,FIRE_USDG_50pct,31335253,2026-08-08T19:45:20+00:00,0x53e61037f5300497696998269a3d6babb520e89c0fb7180d234b51f66bde2baf,3,19,0x18dd3c14e34c1bc379f7538068c59160d9f68e25,0x39b38686a19836ac10162c490e4558e120cbbe5f,0xdfbdc88db73b4290a0f02daf53a95c5eb59ceceb7f080e08476d04ee776eee43,USDG_TO_FIRE,2993390479618195639280,-3052180,0.000000000000000000,2993.390479618195639280,3.052180,0.000000,0.001019639776628575,1794966140946404726002,0.0005132788320094915,8702290128482951,-352075,500500,50.05
SWAP,FIRE_USDG_50pct,31337627,2026-08-08T19:49:17+00:00,0xeef38ba284e18139b79c5954fca1b2efadce229e8fe35cb5bb86363769f3403b,7,48,0xce44444210304811ffac48fc7ea08a09f14ec4ac,0x849bc3e52bb2e1807cc97afbf2528a79128a5deb,0xdfbdc88db73b4290a0f02daf53a95c5eb59ceceb7f080e08476d04ee776eee43,USDG_TO_FIRE,10281686114758396216813,-10855894,0.000000000000000000,10281.686114758396216813,10.855894,0.000000,0.001055847638104550,1844334319922940421919,0.0005419012192314058,8702290128482951,-351533,500500,50.05
SWAP,FIRE_USDG_50pct,31337768,2026-08-08T19:49:31+00:00,0xf78fa3fcdf4516a6ae2dcedc50fd289d64aad46cce831eb1d1fda4a9d1fa6275,8,35,0x370a7e2d300c14d79d4a7ee07aaca46c4b3012cf,0x39b38686a19836ac10162c490e4558e120cbbe5f,0xdfbdc88db73b4290a0f02daf53a95c5eb59ceceb7f080e08476d04ee776eee43,USDG_TO_FIRE,1786771887869404761553,-1947757,0.000000000000000000,1786.771887869404761553,1.947757,0.000000,0.001090098301424788,1853191918909497681506,0.000547118787154707,8702290128482951,-351437,500500,50.05
SWAP,FIRE_USDG_50pct,31338638,2026-08-08T19:50:59+00:00,0x93b7b9fc6d432ed08c2ecb75d2e36514dc18ca93a60d70e95f217fccd929e408,9,25,0x0ec4e45f9ce3020024c0418a74cd31fbc487038f,0x39b38686a19836ac10162c490e4558e120cbbe5f,0xdfbdc88db73b4290a0f02daf53a95c5eb59ceceb7f080e08476d04ee776eee43,USDG_TO_FIRE,4302309377741175764977,-4767594,0.000000000000000000,4302.309377741175764977,4.767594,0.000000,0.001108147643836602,1874872990603492446894,0.0005599955009615507,8702290128482951,-351204,500500,50.05
