pool,timestamp,block,zero_tx,lp_owner_tx_from,nft_id,tick_lower,tick_upper,preceding_swap_tx,preceding_swap_direction,preceding_swap_trader,seconds_after_preceding_swap,blocks_after_preceding_swap
FIRE_USDG_50pct,2026-07-19T05:26:20+00:00,13588763,0x232bb5e60c6a754e598eb028a97d3d3902f1c5491cc6db5063108cbd7329fd41,0xe49193acd219557a150e35ccc2a66f89c42482e6,188625,-880000,880000,0xfe06bb541cf7b3ccf438e9cffd9466acd79161156a65ebc78fa692989fa3881f,USDG_TO_FIRE,0xccfd9df30028337a1d9a003724b53fe64b6f630a,289.0,2879
FIRE_USDG_50pct,2026-07-19T05:34:17+00:00,13593509,0x703f2a23ef90be04b5b98c1c3f431603e1a645dac0c3cafcc8e8b8676cdd865d,0xe49193acd219557a150e35ccc2a66f89c42482e6,188625,-880000,880000,0xc49abfeb15a0d1a2705794da5e68c48edaa79dff0e0cdc7b3950691ab10802b2,FIRE_TO_USDG,0x533383846b83b617fb426e2c8d78ee2065ba1df3,238.0,2369
FIRE_USDG_50pct,2026-07-19T18:36:42+00:00,14060802,0xc12625aa205d211277fb1baef4cdffb5d3a0fa3d07a61c884346584f0f44683e,0xe49193acd219557a150e35ccc2a66f89c42482e6,188625,-880000,880000,0xec281d2898e7113c662dca463612a93d3256e9a9167f504304cce59dcee33996,FIRE_TO_USDG,0x8fb79468b6273de01370f01d0ba7784c1753a820,25096.0,250084
FIRE_USDG_50pct,2026-07-19T22:12:34+00:00,14189754,0x481f68e2ee7c5cff83f2802d97f6d28e500c2d5ac7ec4181861e9d05fb05e844,0xe49193acd219557a150e35ccc2a66f89c42482e6,188625,-880000,880000,0xa30c8dfb92d8089db882a9f4d59ee6ffb702cf2771186fb7deaabee434604a96,FIRE_TO_USDG,0x28cedb4c754e2862e703c7d6c3d1518f65965bc2,5494.0,54681
FIRE_USDG_50pct,2026-07-19T23:11:49+00:00,14225132,0xdd029e3d3061bbd0ceb6becbc8b4c85bd0e4b0780db7f0e0af7ea3c6fcb54352,0x271070932c8111fb474a3ef55b9a758fd6b115cc,201426,-880000,880000,0xa30c8dfb92d8089db882a9f4d59ee6ffb702cf2771186fb7deaabee434604a96,FIRE_TO_USDG,0x28cedb4c754e2862e703c7d6c3d1518f65965bc2,9049.0,90059
FIRE_USDG_50pct,2026-07-21T05:32:52+00:00,15314456,0x081632f75b2b25452bc6e3406084b603f67787006e134bc59f1e3b1550494e41,0xe49193acd219557a150e35ccc2a66f89c42482e6,188625,-880000,880000,0xdbc40344423d1d55585f0c7dd2f6757711e58d95d1e77308f242662932ec940c,FIRE_TO_USDG,0xabb2acd3be814a80e502575d6c1dc5f789e9cd10,40696.0,406067
FIRE_USDG_40pct,2026-07-22T04:55:38+00:00,16154398,0xd9862f8996e3a70af5824012d58fcaa59412d117ba354fd0ab4cf4518a28a921,0xc6312da2663570a2aee12b27a0c6da4683339acd,206269,-880000,880000,0x6110c258c007d8d68d3e6e6a4974b761396e3dbc2d771a84bc99411297320e66,USDG_TO_FIRE,0xe93bc5b2088eac5b7bf3aabb6db9a40b079f5ffc,82266.0,820991
FIRE_USDG_50pct,2026-07-23T01:22:42+00:00,16889088,0xef63f17ec84333077766efc95e9e3b20db3c98ff6cdda140af85d206fb156ef4,0x271070932c8111fb474a3ef55b9a758fd6b115cc,201426,-880000,880000,0xdbc40344423d1d55585f0c7dd2f6757711e58d95d1e77308f242662932ec940c,FIRE_TO_USDG,0xabb2acd3be814a80e502575d6c1dc5f789e9cd10,198486.0,1980699
FIRE_USDG_50pct,2026-07-23T02:28:48+00:00,16928662,0x56d6e67719dd0b949f768110ede6fdc3994e5af0d80599ce289692e952cfdf41,0xe49193acd219557a150e35ccc2a66f89c42482e6,188625,-880000,880000,0xe4cffb310bebeb8f92a033bcb64e0c008e674a1b094f69ddafc6d002e605e98d,FIRE_TO_USDG,0xc347db1b9077ebbc43ee1474b9866eab97ecb386,697.0,6965
FIRE_USDG_50pct,2026-07-23T02:51:23+00:00,16942191,0x1f64fedd96f9b9a9141884dcbacdf9e1ddd9ee85f2bd50406cb2dc4ca4f194a3,0xe49193acd219557a150e35ccc2a66f89c42482e6,188625,-880000,880000,0x2ad27c41fc2e78348a7b3768167319d33f6e3484e4cdccb5ae8eac03eda82ad1,USDG_TO_FIRE,0xb4864f7f85eb2fdbd58b4293a2b9bd684fb13336,39.0,383
FIRE_USDG_50pct,2026-07-23T02:59:06+00:00,16946806,0x81af3362076ee5b69560a595a8d8a02d5f382ddd2dfefcb51e8da5ef9607715c,0x1aa511c41636dc4e1dafe5092157eb606da01d03,207093,-880000,880000,0x64a1b87235edb8fce25e9797dd1b136374359256b00edc9f48a966f7a5f7c27e,USDG_TO_FIRE,0x43370308b53e3611521ba48e2f7632a5644d7b1f,179.0,1791
FIRE_USDG_50pct,2026-07-23T02:59:54+00:00,16947288,0x90da9fc04016fc26235a47f81b563d685236df70788c2b900b021cf5764e46d4,0x1aa511c41636dc4e1dafe5092157eb606da01d03,207093,-880000,880000,0x68bd9a33708ae4c5d59865eff34299b17d489d38e8bbacbd7bd6b275ee14ad85,USDG_TO_FIRE,0x6113eecea9998199825a9df4811368f069d85a50,14.0,138
FIRE_USDG_50pct,2026-07-23T02:59:55+00:00,16947300,0xcb2b9128fdf1dddbfc1ec53f2332a37260cf20f11186d5e3d511a1a9e51254b8,0x271070932c8111fb474a3ef55b9a758fd6b115cc,201426,-880000,880000,0x68bd9a33708ae4c5d59865eff34299b17d489d38e8bbacbd7bd6b275ee14ad85,USDG_TO_FIRE,0x6113eecea9998199825a9df4811368f069d85a50,15.0,150
FIRE_USDG_50pct,2026-07-23T03:03:42+00:00,16949563,0xaad3448541224956651a646fef70958f167ae4e97e1a19a9d8936426473c4695,0x1aa511c41636dc4e1dafe5092157eb606da01d03,207093,-880000,880000,0x82bc076a2241578680e29ae97fb5245654c4b63a63c756d4257c3ef2aa407ad8,USDG_TO_FIRE,0x81a514664f5330b7b9f131691c67a1895a2f4bc6,173.0,1733
FIRE_USDG_50pct,2026-07-23T03:07:18+00:00,16951717,0x9d87b3ece2c754b6ebf3eb764a15e1eb8edd2e8268c0476b46fcfbb48fe55783,0xe49193acd219557a150e35ccc2a66f89c42482e6,188625,-880000,880000,0x82bc076a2241578680e29ae97fb5245654c4b63a63c756d4257c3ef2aa407ad8,USDG_TO_FIRE,0x81a514664f5330b7b9f131691c67a1895a2f4bc6,389.0,3887
FIRE_USDG_40pct,2026-07-23T03:18:26+00:00,16958375,0x387ea9907e075473b1587e6deb376c05838ea6b220b69b07b47b9d0d7efc11ec,0xc6312da2663570a2aee12b27a0c6da4683339acd,206269,-880000,880000,0xade3300f80d779fec5edc269e80015c727d1a225cc2fe5ea7bb120eaf2701924,USDG_TO_FIRE,0x000043499317f9f18a14a9059cbb94e2c72d71a6,1662.0,16566
FIRE_USDG_50pct,2026-07-23T03:18:41+00:00,16958527,0x6d598ffe5fe5a22a4feda36b5f5734466a9e2d31829b0309e752c88f65d6f2ea,0x7777de7a669c6e76e059fae0e15a0ea041fd752c,211961,-880000,880000,0x82bc076a2241578680e29ae97fb5245654c4b63a63c756d4257c3ef2aa407ad8,USDG_TO_FIRE,0x81a514664f5330b7b9f131691c67a1895a2f4bc6,1072.0,10697
FIRE_USDG_50pct,2026-07-23T03:25:28+00:00,16962575,0xb0bc74e3a7b08ef102c77ba375d44f5a4e4fd27283c88270fa36de0be73ceb1e,0x490f1d47c41ba36f103a8db40b3c4db532b41899,286870,-880000,880000,0x82bc076a2241578680e29ae97fb5245654c4b63a63c756d4257c3ef2aa407ad8,USDG_TO_FIRE,0x81a514664f5330b7b9f131691c67a1895a2f4bc6,1479.0,14745
FIRE_USDG_50pct,2026-07-23T03:42:53+00:00,16972979,0x3c3ca86ec2bae01377d515fdbe0aab5da48a2eff5d343308e840b2ce47b34b28,0xe49193acd219557a150e35ccc2a66f89c42482e6,188625,-880000,880000,0xca79f4c1188e23915caf67d7e9ccb19b9b25309c0a8d24ec2ab6b2541b359afe,USDG_TO_FIRE,0x4337021d22bcd0775a0fd1b4a6665051dc15d995,661.0,6583
FIRE_USDG_50pct,2026-07-23T07:22:03+00:00,17104126,0xff6916af95d56493b9a7aff81345c0a66627e85c9d237517ba1bf6a26b7b7c24,0x7777de7a669c6e76e059fae0e15a0ea041fd752c,211961,-880000,880000,0x616497045b34695e337365193eec01f16b9a7a0b6e33b440a399afdc02bfd7f2,FIRE_TO_USDG,0xe31d840638fe966b603ae515e6b52c9bdd4e0ecc,1256.0,12520
FIRE_USDG_50pct,2026-07-23T13:08:59+00:00,17311692,0xac289a793c853b85f69863325a1b8ac85b0400af43c7c51cc080433535aa9984,0x7777de7a669c6e76e059fae0e15a0ea041fd752c,211961,-880000,880000,0x135bd717c3349de7177b85bdc54da7f302b9f20b3f31114010891e39108e4b5f,USDG_TO_FIRE,0x35f17f653000b663c3f28667bcd68b2e17d460d7,1182.0,11793
FIRE_USDG_50pct,2026-07-23T14:34:58+00:00,17363185,0x4ea800f47ec537d984e19e4021dfc9f32d317e3322102028189d4920fd659366,0x490f1d47c41ba36f103a8db40b3c4db532b41899,286870,-880000,880000,0x135bd717c3349de7177b85bdc54da7f302b9f20b3f31114010891e39108e4b5f,USDG_TO_FIRE,0x35f17f653000b663c3f28667bcd68b2e17d460d7,6341.0,63286
FIRE_USDG_50pct,2026-07-23T15:59:37+00:00,17413858,0x911db1f149c8ec3deb2fd9228663677387d674bc87357cda3126fcb81cdc156c,0x1aa511c41636dc4e1dafe5092157eb606da01d03,207093,-880000,880000,0x135bd717c3349de7177b85bdc54da7f302b9f20b3f31114010891e39108e4b5f,USDG_TO_FIRE,0x35f17f653000b663c3f28667bcd68b2e17d460d7,11420.0,113959
FIRE_USDG_50pct,2026-07-24T01:24:19+00:00,17751856,0x4e7426392116399d2f9bee0940a1d5ba30d0649ad25972c41739988c89fdacaa,0xe49193acd219557a150e35ccc2a66f89c42482e6,188625,-880000,880000,0x135bd717c3349de7177b85bdc54da7f302b9f20b3f31114010891e39108e4b5f,USDG_TO_FIRE,0x35f17f653000b663c3f28667bcd68b2e17d460d7,45302.0,451957
FIRE_USDG_50pct,2026-07-24T01:38:32+00:00,17760359,0xa07b6fe5521f0aa7334b7fb1964de055328ab724c09f83ebf7283234df0e618f,0x271070932c8111fb474a3ef55b9a758fd6b115cc,201426,-880000,880000,0x135bd717c3349de7177b85bdc54da7f302b9f20b3f31114010891e39108e4b5f,USDG_TO_FIRE,0x35f17f653000b663c3f28667bcd68b2e17d460d7,46155.0,460460
FIRE_USDG_40pct,2026-07-24T01:39:52+00:00,17761148,0x2e8ae5fcf95e1226df4a4f5b22467cc11ac02dd86b2763598d13b68e92686488,0x490f1d47c41ba36f103a8db40b3c4db532b41899,317145,-880000,880000,0x97b9df076fe1a90f52805aa1e411b3aea2d37c841459cb7e946b4df94e341ce7,USDG_TO_FIRE,0x0db8a59558dad8e67b5b4d4ea6aabf9f96bf075d,1319.0,13135
FIRE_USDG_40pct,2026-07-24T01:40:15+00:00,17761385,0xe509b1621d907fcc189ea349251be11dd6a1e95abb6201994e2329a1f6de8272,0x490f1d47c41ba36f103a8db40b3c4db532b41899,310338,-880000,880000,0x97b9df076fe1a90f52805aa1e411b3aea2d37c841459cb7e946b4df94e341ce7,USDG_TO_FIRE,0x0db8a59558dad8e67b5b4d4ea6aabf9f96bf075d,1342.0,13372
FIRE_USDG_50pct,2026-07-24T08:54:54+00:00,18021198,0x8424d96719075c2f92a821589ae7e7813974bbcf458d65a4872b96c7900f15c3,0x490f1d47c41ba36f103a8db40b3c4db532b41899,320895,-880000,880000,0x3197c6af0b19100f22c80abb90ddbdcd138ce555aee809b41b9e92a39029e604,USDG_TO_FIRE,0x95d5a1aa091655dbb5b61cf011b3288ac2f79f92,5758.0,57370
FIRE_USDG_40pct,2026-07-24T08:55:51+00:00,18021774,0x993156d205dbe03e242459ac81324b8912b45c4d851e824b0fa16d50f0d1c60a,0x490f1d47c41ba36f103a8db40b3c4db532b41899,310338,-880000,880000,0x15fb712a8b6537854383ca2ad14d3d02eb1a0f8ef528600583ab23eccef738df,USDG_TO_FIRE,0x440e1da19f8569b5d92bc935707461a9f883df2f,5814.0,57937
FIRE_USDG_50pct,2026-07-24T09:19:08+00:00,18035682,0x88a2905ee5ad149b4040c71ab8fc97699e2e9a3faaf94e832235a4acbbe26e80,0x1aa511c41636dc4e1dafe5092157eb606da01d03,207093,-880000,880000,0x3197c6af0b19100f22c80abb90ddbdcd138ce555aee809b41b9e92a39029e604,USDG_TO_FIRE,0x95d5a1aa091655dbb5b61cf011b3288ac2f79f92,7212.0,71854
FIRE_USDG_50pct,2026-07-24T13:11:14+00:00,18174307,0x9400bcf3c87a2ea4c89dd4a7b18e990abee1b0a4466a81f5af3f12e66f8a90f8,0x7777de7a669c6e76e059fae0e15a0ea041fd752c,211961,-880000,880000,0x3197c6af0b19100f22c80abb90ddbdcd138ce555aee809b41b9e92a39029e604,USDG_TO_FIRE,0x95d5a1aa091655dbb5b61cf011b3288ac2f79f92,21138.0,210479
FIRE_USDG_50pct,2026-07-24T16:16:00+00:00,18285044,0x330b969b66d086318cf9f84bf21f95250f4d822b17e6c4622c26a6ce55cf7b9c,0x271070932c8111fb474a3ef55b9a758fd6b115cc,201426,-880000,880000,0x70b1124c104e7f8dfe01737b5544dbecc861c3f25cf1bd56c46baf973971292f,USDG_TO_FIRE,0x43370308b53e3611521ba48e2f7632a5644d7b1f,695.0,6928
FIRE_USDG_40pct,2026-07-24T16:18:29+00:00,18286537,0xa84c333be19c06f41d7b2e95e29d2f8ef28c310927ef60b43b27ebf371a260d6,0x1983824aa3cf023dfd233115e801520b9d49a258,315127,-880000,880000,0x203f02389c183e2bc468da547fc60172b995b1f0ae25a73356fa8ab0751b1e08,USDG_TO_FIRE,0xb4864f7f85eb2fdbd58b4293a2b9bd684fb13336,1124.0,11218
FIRE_USDG_50pct,2026-07-24T16:27:32+00:00,18291959,0x3ffc77dbd801bdefcbf3ea14307840566632204a18ad5b56c556c66fc3ed61f7,0x271070932c8111fb474a3ef55b9a758fd6b115cc,201426,-880000,880000,0x6c6b4aaa9824a3d21e7c0cea6b8310a1499f5d1f518e9cf7de9b8a1c8f9e4d08,USDG_TO_FIRE,0x433700890211c1c776c391d414cffd38efdd1811,392.0,3912
FIRE_USDG_50pct,2026-07-24T18:10:05+00:00,18353407,0x796827c7bc8725250852f583c2e05a3f1e6ba9687e9d22250b4a7fe6cdc3760d,0x1aa511c41636dc4e1dafe5092157eb606da01d03,207093,-880000,880000,0x13976748c9ec47f275cf18ed6261210d8c36624e6fba3344a21b65d6fd4ff9d1,USDG_TO_FIRE,0x4337011463ef6bd863e47e7b5e743d2522261131,353.0,3527
FIRE_USDG_40pct,2026-07-24T18:31:07+00:00,18366023,0xa954b827a375f5c0ed4c8012d14bb8f7fc4c56314cd1b6c99ca7167fcb78de0b,0x490f1d47c41ba36f103a8db40b3c4db532b41899,310338,-880000,880000,0xd9e13b883b337272b5fe7116a77c1cce3aab2b25bd5be1328633090937c46d85,USDG_TO_FIRE,0x718a74deadeb8bdcbcbf2fd0e228f4b41b92cab7,1044.0,10427
FIRE_USDG_50pct,2026-07-24T18:31:58+00:00,18366526,0xc65dd24fadb83e044a1cc56dcddfb9038b7f1cace8a6bf05b664db725f9b8f4e,0x490f1d47c41ba36f103a8db40b3c4db532b41899,320895,-880000,880000,0x1347148cb39ca5001db1b7be88e91c25134e8bf2fa4920fdfd6b6ff450fe58ee,USDG_TO_FIRE,0x4337026d731283f9917fa3c9194d74809bfbec26,437.0,4377
FIRE_USDG_40pct,2026-07-24T18:36:03+00:00,18368965,0x2d637f9251aaa278e6d904b1abd4c95a574d24635250194300ea4f779d9ec9d7,0x1983824aa3cf023dfd233115e801520b9d49a258,315127,-880000,880000,0xd9e13b883b337272b5fe7116a77c1cce3aab2b25bd5be1328633090937c46d85,USDG_TO_FIRE,0x718a74deadeb8bdcbcbf2fd0e228f4b41b92cab7,1340.0,13369
FIRE_USDG_50pct,2026-07-24T18:42:46+00:00,18372991,0x53a018da573ce590a83f051ee05bd0007d2645c3a2e07000b30a3ca313b1181d,0x271070932c8111fb474a3ef55b9a758fd6b115cc,201426,-880000,880000,0x1347148cb39ca5001db1b7be88e91c25134e8bf2fa4920fdfd6b6ff450fe58ee,USDG_TO_FIRE,0x4337026d731283f9917fa3c9194d74809bfbec26,1085.0,10842
FIRE_USDG_40pct,2026-07-24T18:46:39+00:00,18375323,0x66b158ded7bdc22ae4ee9df669d3f1db67b637280535d7878bf9a3a0617f1f97,0xd0010d99334e89b18f42c1517ad69675113878da,329428,-880000,880000,0xd9e13b883b337272b5fe7116a77c1cce3aab2b25bd5be1328633090937c46d85,USDG_TO_FIRE,0x718a74deadeb8bdcbcbf2fd0e228f4b41b92cab7,1976.0,19727
FIRE_USDG_50pct,2026-07-24T19:10:42+00:00,18389727,0xd14155f7fde22824c06f574ccb508496ae08908a884540f88846bc81e6ae0129,0x7777de7a669c6e76e059fae0e15a0ea041fd752c,211961,-880000,880000,0x1347148cb39ca5001db1b7be88e91c25134e8bf2fa4920fdfd6b6ff450fe58ee,USDG_TO_FIRE,0x4337026d731283f9917fa3c9194d74809bfbec26,2761.0,27578
FIRE_USDG_40pct,2026-07-24T20:30:34+00:00,18437535,0x43288cfad6f5a385c7a40ece37a8ccc931cbaa4c0a53d2530ac5dcdb5ff6e0c3,0x1983824aa3cf023dfd233115e801520b9d49a258,315127,-880000,880000,0x8692c086e75f93ae5585a5e16c696342b1dec0282d116f758dd0aeab18ad94bb,USDG_TO_FIRE,0xfce111095e51bc515e2da7131524868ab27a6f08,4497.0,44870
FIRE_USDG_50pct,2026-07-24T20:48:08+00:00,18448053,0x3cd15dd6c256f0ff05c47cb816558d6124425b9427be4d78819edc27eac19c22,0x1aa511c41636dc4e1dafe5092157eb606da01d03,207093,-880000,880000,0x6fc8243a1777bbc97c0c443d6a6f4e8e03f631aadaf83cade8f566516b876729,USDG_TO_FIRE,0xeeef618a70e663813331892ee129709845570a1f,5551.0,55389
FIRE_USDG_40pct,2026-07-24T20:49:44+00:00,18449010,0xc0c8e439803389440a73b1eb253f0e6045e18b3563c3ee1939db1d52fe82d7a8,0xc6312da2663570a2aee12b27a0c6da4683339acd,206269,-880000,880000,0x8692c086e75f93ae5585a5e16c696342b1dec0282d116f758dd0aeab18ad94bb,USDG_TO_FIRE,0xfce111095e51bc515e2da7131524868ab27a6f08,5647.0,56345
FIRE_USDG_40pct,2026-07-24T21:15:48+00:00,18464618,0x1f0c99fc922d08800d6627e2ac57f3bedb797a1ff3bea41514d32762c419e73a,0xd0010d99334e89b18f42c1517ad69675113878da,329428,-880000,880000,0x8692c086e75f93ae5585a5e16c696342b1dec0282d116f758dd0aeab18ad94bb,USDG_TO_FIRE,0xfce111095e51bc515e2da7131524868ab27a6f08,7211.0,71953
FIRE_USDG_50pct,2026-07-24T22:07:52+00:00,18495776,0xc3bf70ccde8200410af32602f8657beba81f787f90120632821ce8cd40a24e4a,0x2179ecfa0619c125ca0fd28599cede9c239fbf2b,320817,-880000,880000,0x6fc8243a1777bbc97c0c443d6a6f4e8e03f631aadaf83cade8f566516b876729,USDG_TO_FIRE,0xeeef618a70e663813331892ee129709845570a1f,10335.0,103112
FIRE_USDG_50pct,2026-07-25T00:11:50+00:00,18569962,0x92e2106af14eb2301317a93e1ff56b6451f091207db1b55f31480ed5231c220d,0xe49193acd219557a150e35ccc2a66f89c42482e6,188625,-880000,880000,0x6fc8243a1777bbc97c0c443d6a6f4e8e03f631aadaf83cade8f566516b876729,USDG_TO_FIRE,0xeeef618a70e663813331892ee129709845570a1f,17773.0,177298
FIRE_USDG_50pct,2026-07-25T11:51:46+00:00,18987822,0x684f4b9ae36f40ce64598cc63e44e990776c45f2440c45a9fae76d10ec08ecef,0x490f1d47c41ba36f103a8db40b3c4db532b41899,338210,-880000,880000,0x5343f529dde83de5a69f167746ef76f95f9350fe3a2c7e1f663e5caf9e71f257,USDG_TO_FIRE,0x4337007ab182ebe9cdb0bc4b96734c32176d44cc,28755.0,285951
FIRE_USDG_50pct,2026-07-25T13:47:34+00:00,19057068,0x9fddf225e28bde1dcb70c50a653b85012b17854ca3d815050c6f6558803b7ad0,0x7777de7a669c6e76e059fae0e15a0ea041fd752c,211961,-880000,880000,0x5343f529dde83de5a69f167746ef76f95f9350fe3a2c7e1f663e5caf9e71f257,USDG_TO_FIRE,0x4337007ab182ebe9cdb0bc4b96734c32176d44cc,35703.0,355197
FIRE_USDG_50pct,2026-07-26T15:48:44+00:00,19990504,0x2c01e6a532b263bbba24de7b0d5791396ef8d9e7e6ace45bded0c8fe8a0096f3,0x7777de7a669c6e76e059fae0e15a0ea041fd752c,211961,-880000,880000,0x08cd4620309c75d71b3b082eeb42b0827a7c1d7976872fdedbc2f7b9e748f213,USDG_TO_FIRE,0xfad4c8f1e71e4c56b87733bd916ff7cff46c6c29,30392.0,302905
FIRE_USDG_40pct,2026-07-26T16:59:40+00:00,20033033,0xa5ab1d58d0015e4b4ca00f9511dcf719abf8ebf8532c35b9dbb3ec91d651b7c2,0xd0010d99334e89b18f42c1517ad69675113878da,338831,-880000,880000,0x036c9da13f534059d5feb064f85e0c069caa48f3b157271b31ccd373406c8a29,USDG_TO_FIRE,0x4337019d937ebcbd73dd750072d86c1ce664b350,1178.0,11769
FIRE_USDG_40pct,2026-07-26T20:34:59+00:00,20162041,0x7efe9a1d9b30f8578be9ed888ca08745f2c40d68a78023a209fee8d2facd996c,0x1983824aa3cf023dfd233115e801520b9d49a258,315127,-880000,880000,0xd932ac75d98c17d4657d10968a80e5ad91f6a42c3ff29bcbc118e19b21585bfe,USDG_TO_FIRE,0xb18192f07549bd799d4ac5ca8f93aaa722454118,1399.0,13960
FIRE_USDG_50pct,2026-07-26T20:53:33+00:00,20173156,0xc3eba761bbf6ac6b0e4b1d74894ef835540a7424a94263c36a3a73103837bd40,0x1aa511c41636dc4e1dafe5092157eb606da01d03,207093,-880000,880000,0x7e9eca7202bd22a619e43374079762d3725518751b8b6b337966c5628cb621d1,USDG_TO_FIRE,0xeeef618a70e663813331892ee129709845570a1f,2513.0,25076
FIRE_USDG_50pct,2026-07-26T20:56:19+00:00,20174809,0x84516d7c53e4149c127fd77822c29d97c2a01b860744f11dd4822f63c9fa00db,0x7777de7a669c6e76e059fae0e15a0ea041fd752c,211961,-880000,880000,0x7e9eca7202bd22a619e43374079762d3725518751b8b6b337966c5628cb621d1,USDG_TO_FIRE,0xeeef618a70e663813331892ee129709845570a1f,2679.0,26729
FIRE_USDG_50pct,2026-07-26T23:26:30+00:00,20264692,0x32871a5856a8849749a9750bd85f5769a0a047e9c5fba48b7e07447bf1d156cf,0x2179ecfa0619c125ca0fd28599cede9c239fbf2b,320817,-880000,880000,0x7e9eca7202bd22a619e43374079762d3725518751b8b6b337966c5628cb621d1,USDG_TO_FIRE,0xeeef618a70e663813331892ee129709845570a1f,11690.0,116612
FIRE_USDG_50pct,2026-07-27T00:46:28+00:00,20312509,0x2bb225ba30d9e47f559f7e6b97aede47f73edb35f6a4cff24f3c3e52449fdac9,0xe49193acd219557a150e35ccc2a66f89c42482e6,188625,-880000,880000,0x7e9eca7202bd22a619e43374079762d3725518751b8b6b337966c5628cb621d1,USDG_TO_FIRE,0xeeef618a70e663813331892ee129709845570a1f,16488.0,164429
FIRE_USDG_40pct,2026-07-27T00:48:45+00:00,20313889,0x56c1a377440dbd45996cbed256d0163418be0473a93e69ef7d9ce6c1d70d9e56,0xe49193acd219557a150e35ccc2a66f89c42482e6,346112,-880000,880000,0x0e8761a434d77192d252711ea37f5bf9036540543cc62b7b302ac27cb97c98bc,USDG_TO_FIRE,0x4337007ab182ebe9cdb0bc4b96734c32176d44cc,7347.0,73265
FIRE_USDG_50pct,2026-07-27T02:06:43+00:00,20360497,0x8cde6d0a86b2105b34dfcc3719ecbf25846716521af54a4f10bc3a138f5b9526,0x2179ecfa0619c125ca0fd28599cede9c239fbf2b,320817,-880000,880000,0x06a96fea1c1aad20fa91232e5c83485a739e6059448bb34c8380734375db8fb9,USDG_TO_FIRE,0x8c8ad14cbebc65c6af15c484098c501f08ecb611,602.0,6001
FIRE_USDG_40pct,2026-07-27T02:08:19+00:00,20361451,0xaca1213923dafab1f0c8f8083f49fcaeceb993bc7d0076806dd3f90194830921,0x1983824aa3cf023dfd233115e801520b9d49a258,315127,-880000,880000,0x0be0c91ceeda08475fd42d59888d493ffb781ec44de77cfb71a82e00081f2286,USDG_TO_FIRE,0xb4864f7f85eb2fdbd58b4293a2b9bd684fb13336,698.0,6957
FIRE_USDG_50pct,2026-07-27T02:11:34+00:00,20363392,0x1c783f3f1a122acde2b0c4b88f5823a6f6cf291c9580ae7e782a18790ce2cf4d,0x271070932c8111fb474a3ef55b9a758fd6b115cc,201426,-880000,880000,0x06a96fea1c1aad20fa91232e5c83485a739e6059448bb34c8380734375db8fb9,USDG_TO_FIRE,0x8c8ad14cbebc65c6af15c484098c501f08ecb611,893.0,8896
FIRE_USDG_40pct,2026-07-27T02:29:35+00:00,20374164,0xd8faeba56b03ac05fb7d42be5b6d495c0a2e2478dc5b57a10cf227edc4c16684,0x490f1d47c41ba36f103a8db40b3c4db532b41899,310338,-880000,880000,0x0be0c91ceeda08475fd42d59888d493ffb781ec44de77cfb71a82e00081f2286,USDG_TO_FIRE,0xb4864f7f85eb2fdbd58b4293a2b9bd684fb13336,1974.0,19670
FIRE_USDG_50pct,2026-07-27T02:47:26+00:00,20384836,0x03b2fc2ac86c4a67e0ab8cb35176b73447c63664b6640dcc69e12a0864267aee,0x7777de7a669c6e76e059fae0e15a0ea041fd752c,211961,-880000,880000,0x8833948f0f6bc8398085162f19834336a3dc0abdca62c38ba0270525dba04c61,USDG_TO_FIRE,0xeeef618a70e663813331892ee129709845570a1f,662.0,6588
FIRE_USDG_40pct,2026-07-27T02:49:47+00:00,20386239,0x729384ff8ae5a551ded020ebfd1c04ffd6a30902bca0d794a48e361dee98a19e,0x1983824aa3cf023dfd233115e801520b9d49a258,315127,-880000,880000,0x88de39808ac0335c509d0a853382fef16634d9d4d5d185b468ecb158982d60a8,USDG_TO_FIRE,0x4337012eaf1f862b8dbdc6b62a01782ae01ef038,374.0,3725
FIRE_USDG_40pct,2026-07-27T02:57:32+00:00,20390883,0x577fbb8c159fa7070f73bf50dcbd705b103e5bdc380a8bb0dad4e862ddb7469f,0x490f1d47c41ba36f103a8db40b3c4db532b41899,310338,-880000,880000,0x88de39808ac0335c509d0a853382fef16634d9d4d5d185b468ecb158982d60a8,USDG_TO_FIRE,0x4337012eaf1f862b8dbdc6b62a01782ae01ef038,839.0,8369
FIRE_USDG_50pct,2026-07-27T02:59:45+00:00,20392201,0x55525489698fea964178b285edfcc41e8f3fa8a8604dd6334071ab5403cbe5e2,0x2179ecfa0619c125ca0fd28599cede9c239fbf2b,320817,-880000,880000,0x0300e25418ec3059428f74fb8cf1e8853b2fbb6f565d8041f85572e9e49fd3b8,USDG_TO_FIRE,0x4337017d2e3f5e4160a27f6fdbdc38719343c62f,307.0,3062
FIRE_USDG_40pct,2026-07-27T06:50:54+00:00,20530322,0x92056c3c52e43c5e77dcefe2052fc40e1ea2a66a15859bf30919dde192492f5f,0xc6312da2663570a2aee12b27a0c6da4683339acd,206269,-880000,880000,0x88de39808ac0335c509d0a853382fef16634d9d4d5d185b468ecb158982d60a8,USDG_TO_FIRE,0x4337012eaf1f862b8dbdc6b62a01782ae01ef038,14841.0,147808
FIRE_USDG_40pct,2026-07-27T12:48:04+00:00,20743785,0xf1a0ae99692c7619b65c487b2487ade95ec2e3737bd148e9d6410c0df6abe9d0,0x1aa511c41636dc4e1dafe5092157eb606da01d03,338761,-880000,880000,0x88de39808ac0335c509d0a853382fef16634d9d4d5d185b468ecb158982d60a8,USDG_TO_FIRE,0x4337012eaf1f862b8dbdc6b62a01782ae01ef038,36271.0,361271
FIRE_USDG_50pct,2026-07-27T12:49:41+00:00,20744746,0x055a01d5f1c03b136f826604c977271fd16ce34f693bd6f7e50cc342dc8dc076,0x1aa511c41636dc4e1dafe5092157eb606da01d03,207093,-880000,880000,0x717b53794bff024222a3df8e55a6be6e967e6f66b4a6139a7ad4978d78854e5b,USDG_TO_FIRE,0xeeef618a70e663813331892ee129709845570a1f,17472.0,173995
FIRE_USDG_40pct,2026-07-27T12:49:47+00:00,20744809,0x65871beb871a322c3cac89b96137038a0ca88b94bacd25e0b122c2a47b8ac6bb,0xe49193acd219557a150e35ccc2a66f89c42482e6,346112,-880000,880000,0x88de39808ac0335c509d0a853382fef16634d9d4d5d185b468ecb158982d60a8,USDG_TO_FIRE,0x4337012eaf1f862b8dbdc6b62a01782ae01ef038,36374.0,362295
FIRE_USDG_50pct,2026-07-27T12:52:00+00:00,20746143,0x751872f5dd80ece210afc8428ae30348984fda08617597d0605fca600f46bc03,0xe49193acd219557a150e35ccc2a66f89c42482e6,188625,-880000,880000,0x717b53794bff024222a3df8e55a6be6e967e6f66b4a6139a7ad4978d78854e5b,USDG_TO_FIRE,0xeeef618a70e663813331892ee129709845570a1f,17611.0,175392
FIRE_USDG_50pct,2026-07-27T15:18:30+00:00,20833886,0xd2535a2507fe8e56e06551901bf7ba63cdcd301988c8c271d0fb32aab0e2ce5c,0x271070932c8111fb474a3ef55b9a758fd6b115cc,201426,-880000,880000,0x21a046825df41f82a72ba52a52a2be46f7a609f56f8bad6d11fc9a7b41683aa8,USDG_TO_FIRE,0x2f878417db3b6a61388bb620ff4f8be745cae66e,7235.0,72237
FIRE_USDG_50pct,2026-07-27T16:00:52+00:00,20859296,0xee06f787a446f6c4db4403ce5fc17f8b5e38637b2019981cf9929db9284e527c,0x7777de7a669c6e76e059fae0e15a0ea041fd752c,211961,-880000,880000,0x21a046825df41f82a72ba52a52a2be46f7a609f56f8bad6d11fc9a7b41683aa8,USDG_TO_FIRE,0x2f878417db3b6a61388bb620ff4f8be745cae66e,9777.0,97647
FIRE_USDG_40pct,2026-07-27T20:37:34+00:00,21023575,0x0a473eb4f8648079e0c5cde5a828e7f6e1760fd3d8453802c2b6c00aa0063cd3,0xa1e4bca023d741bd8d8609875ceef2abd8d755a3,371611,-880000,880000,0xdfef287a4a46121ca8bce8e9dc1052af434cced44422621119ed86088c727c21,USDG_TO_FIRE,0x4337002c5702ce424cb62a56ca038e31e1d4a93d,24137.0,239553
FIRE_USDG_50pct,2026-07-27T22:33:58+00:00,21093233,0x494bc61fef58b7f8d426ff9098352f379936d56e245730ea1cc63b22f5ce2c91,0x2179ecfa0619c125ca0fd28599cede9c239fbf2b,320817,-880000,880000,0x21a046825df41f82a72ba52a52a2be46f7a609f56f8bad6d11fc9a7b41683aa8,USDG_TO_FIRE,0x2f878417db3b6a61388bb620ff4f8be745cae66e,33363.0,331584
FIRE_USDG_40pct,2026-07-28T00:09:20+00:00,21150283,0x7b40066d786b0266672813306a41f6395399e93b34d282e4c72e5e2474772195,0xe49193acd219557a150e35ccc2a66f89c42482e6,346112,-880000,880000,0xdfef287a4a46121ca8bce8e9dc1052af434cced44422621119ed86088c727c21,USDG_TO_FIRE,0x4337002c5702ce424cb62a56ca038e31e1d4a93d,36843.0,366261
FIRE_USDG_50pct,2026-07-28T00:11:02+00:00,21151304,0x326b0cdb72cd44425b41e4315a3f7508a14bf00f965ef29bc7b37a9682f82d49,0xe49193acd219557a150e35ccc2a66f89c42482e6,188625,-880000,880000,0x21a046825df41f82a72ba52a52a2be46f7a609f56f8bad6d11fc9a7b41683aa8,USDG_TO_FIRE,0x2f878417db3b6a61388bb620ff4f8be745cae66e,39187.0,389655
FIRE_USDG_50pct,2026-07-28T17:40:22+00:00,21778655,0x36aafe4a3068683eb06eb003850782119b9854c9a04b9fa795b0f7c6c1010322,0x1aa511c41636dc4e1dafe5092157eb606da01d03,207093,-880000,880000,0xe45e9e6555225d6c299a1df3203c1249435eab2d5c5bba926cbbac17e06ccb8d,USDG_TO_FIRE,0xeeef618a70e663813331892ee129709845570a1f,13485.0,134546
FIRE_USDG_50pct,2026-07-28T20:30:35+00:00,21880453,0x8ce9a4e8db0fbeaea91823e7ba35ab580519d51953727ac57eb1a7d611565002,0xe49193acd219557a150e35ccc2a66f89c42482e6,188625,-880000,880000,0x7ff8e745d14ac0f798fe449114c5cd5dd58790df090b415c407e6218f7b0d407,USDG_TO_FIRE,0x4337013ef5cd421cef649fc58c1b0defd37bbeb1,48.0,481
FIRE_USDG_40pct,2026-07-28T20:55:18+00:00,21895244,0x79d3a671239361b08e28950520e77ff8b440b95da4d771c5648be3896079d0c8,0xa1e4bca023d741bd8d8609875ceef2abd8d755a3,371611,-880000,880000,0x7ff8e745d14ac0f798fe449114c5cd5dd58790df090b415c407e6218f7b0d407,USDG_TO_FIRE,0x4337013ef5cd421cef649fc58c1b0defd37bbeb1,1531.0,15272
FIRE_USDG_50pct,2026-07-28T22:07:05+00:00,21938250,0x704dba3ba27bae334b6f9d44d652247b1a4eaa632e25a1bc24824318ee49fc30,0xe49193acd219557a150e35ccc2a66f89c42482e6,188625,-880000,880000,0xd14b2b298e0aba7e3d7d8606ffb2fba638bfe0adc9ed77c96dcc0098266d6ff8,USDG_TO_FIRE,0x81a514664f5330b7b9f131691c67a1895a2f4bc6,1248.0,12478
FIRE_USDG_50pct,2026-07-28T22:35:30+00:00,21955294,0x9020aeb8c7430c7ed6188006d92e1b9ad95ce0c63f2ec5a5bbc693de90c70c11,0x1aa511c41636dc4e1dafe5092157eb606da01d03,207093,-880000,880000,0xd14b2b298e0aba7e3d7d8606ffb2fba638bfe0adc9ed77c96dcc0098266d6ff8,USDG_TO_FIRE,0x81a514664f5330b7b9f131691c67a1895a2f4bc6,2953.0,29522
FIRE_USDG_40pct,2026-07-28T22:51:05+00:00,21964629,0x956f126752ada37f5aa65ff6c60db2eaab72009dcd51782b1a96d5398e616097,0xe49193acd219557a150e35ccc2a66f89c42482e6,346112,-880000,880000,0x119275105e06f56f32d36ae29651b8b96a1eac1744bcd82f913e2318dbf88ae9,USDG_TO_FIRE,0x7081e9256628cd654034195ecffca45993970625,4046.0,40429
FIRE_USDG_50pct,2026-07-29T02:11:49+00:00,22085042,0x0350264923c82c9a5aa281de0a1e60a7c634598216ad59dd240f311e007fb6b0,0x7777de7a669c6e76e059fae0e15a0ea041fd752c,211961,-880000,880000,0xd14b2b298e0aba7e3d7d8606ffb2fba638bfe0adc9ed77c96dcc0098266d6ff8,USDG_TO_FIRE,0x81a514664f5330b7b9f131691c67a1895a2f4bc6,15932.0,159270
FIRE_USDG_50pct,2026-07-29T06:57:54+00:00,22256052,0x464fcc71911ccb997d0022cbb140561a9ad15188cee6d0f85abcfb3a710abd48,0x2179ecfa0619c125ca0fd28599cede9c239fbf2b,320817,-880000,880000,0x3df7ca6c08a92c68215340262df17a020dead9ac6ca3cb6297ae4079dad8f39b,USDG_TO_FIRE,0x338d0cd039d0f2511ae9858a2cbbe4d73052e0f6,1997.0,19868
FIRE_USDG_40pct,2026-07-29T07:00:25+00:00,22257564,0xf8d51ff40ad5744d6740dc74144b860e8169b1f566845d1657bb6bb87c3d8f09,0xa1e4bca023d741bd8d8609875ceef2abd8d755a3,371611,-880000,880000,0x5ebebfc6ae2528cc2bd7054d5e632c23b2e8b31ccab07ea7ef3b3751318d42d2,USDG_TO_FIRE,0x7081e9256628cd654034195ecffca45993970625,2148.0,21380
FIRE_USDG_40pct,2026-07-29T08:03:07+00:00,22295011,0x76d232e5f4295eabfcc9a332f4cc00bb58f833efdf9ad914df62561487ca9bac,0x490f1d47c41ba36f103a8db40b3c4db532b41899,310338,-880000,880000,0x5ebebfc6ae2528cc2bd7054d5e632c23b2e8b31ccab07ea7ef3b3751318d42d2,USDG_TO_FIRE,0x7081e9256628cd654034195ecffca45993970625,5910.0,58827
FIRE_USDG_50pct,2026-07-29T09:13:46+00:00,22337222,0xded6733f9107dacb00faf9b63c2f6fe1080974154e59d9fdae6589b2888b05a9,0x1aa511c41636dc4e1dafe5092157eb606da01d03,207093,-880000,880000,0x3df7ca6c08a92c68215340262df17a020dead9ac6ca3cb6297ae4079dad8f39b,USDG_TO_FIRE,0x338d0cd039d0f2511ae9858a2cbbe4d73052e0f6,10149.0,101038
FIRE_USDG_40pct,2026-07-29T17:51:04+00:00,22646736,0x5f9523e385eb45b4da6f136e37c8467d7dac51b0352f723e9c831ecfaead11a9,0x7777de7a669c6e76e059fae0e15a0ea041fd752c,379757,-880000,880000,0x5ebebfc6ae2528cc2bd7054d5e632c23b2e8b31ccab07ea7ef3b3751318d42d2,USDG_TO_FIRE,0x7081e9256628cd654034195ecffca45993970625,41187.0,410552
FIRE_USDG_50pct,2026-07-29T17:54:38+00:00,22648882,0x389c437f0fd83cccf7835af0ee3e6ad82c323671c1534f016266dc974a691930,0x7777de7a669c6e76e059fae0e15a0ea041fd752c,211961,-880000,880000,0x3df7ca6c08a92c68215340262df17a020dead9ac6ca3cb6297ae4079dad8f39b,USDG_TO_FIRE,0x338d0cd039d0f2511ae9858a2cbbe4d73052e0f6,41401.0,412698
FIRE_USDG_40pct,2026-07-29T21:17:16+00:00,22770285,0xea8ae9ad1ff3d7eff9c45aa3c01ba23aa88b3412867dc7826c477e64337322eb,0xe49193acd219557a150e35ccc2a66f89c42482e6,346112,-880000,880000,0x20a5232eb7c5d688b2ec7815e59c6428c7c7c76f1ef6c0101e2f6fc272cb6886,USDG_TO_FIRE,0x4337013ef5cd421cef649fc58c1b0defd37bbeb1,7137.0,71227
FIRE_USDG_50pct,2026-07-29T23:13:43+00:00,22840101,0x96b178c4794af3dc7403339dd56cbb30a20c21dd9827fad3585dfce0b51a3811,0xe49193acd219557a150e35ccc2a66f89c42482e6,188625,-880000,880000,0x20a5232eb7c5d688b2ec7815e59c6428c7c7c76f1ef6c0101e2f6fc272cb6886,USDG_TO_FIRE,0x4337013ef5cd421cef649fc58c1b0defd37bbeb1,14124.0,141043
FIRE_USDG_40pct,2026-07-30T01:12:12+00:00,22911014,0xc258b4d938b038d46922146494c006ee7fda597a46ad2b64527c97dfb2d0ce79,0x7777de7a669c6e76e059fae0e15a0ea041fd752c,379757,-880000,880000,0x20a5232eb7c5d688b2ec7815e59c6428c7c7c76f1ef6c0101e2f6fc272cb6886,USDG_TO_FIRE,0x4337013ef5cd421cef649fc58c1b0defd37bbeb1,21233.0,211956
FIRE_USDG_50pct,2026-07-30T01:14:29+00:00,22912387,0x717b9a7537dd616de8506348e3031de5ac15825558ae80a195ea3258b74c1549,0x7777de7a669c6e76e059fae0e15a0ea041fd752c,211961,-880000,880000,0x20a5232eb7c5d688b2ec7815e59c6428c7c7c76f1ef6c0101e2f6fc272cb6886,USDG_TO_FIRE,0x4337013ef5cd421cef649fc58c1b0defd37bbeb1,21370.0,213329
FIRE_USDG_40pct,2026-07-30T08:54:32+00:00,23187405,0x6f54804c8d3d9c28df55247ac0c3ecf526596c0008b9018b6173566fbead28ce,0xa1e4bca023d741bd8d8609875ceef2abd8d755a3,371611,-880000,880000,0x4faffe69c0566b5fe8d37218ebd2702d2ce6f2e89115eb50a1d57b7ced256ec6,FIRE_TO_USDG,0xfce11104ed4f6492ec827d24e3af694ae32d49af,3176.0,31644
FIRE_USDG_50pct,2026-07-30T15:24:36+00:00,23420789,0xd1088de3fc71076da8dab1703b717b374856cce4b10d55ecd65c6f5a92e3a95b,0x1aa511c41636dc4e1dafe5092157eb606da01d03,207093,-880000,880000,0x552b70e91562b0c5271b5b06d8a934ec2db5c9db2e2df3a5b02bcb62ac1ce530,FIRE_TO_USDG,0x0ec4e45f9ce3020024c0418a74cd31fbc487038f,85.0,847
FIRE_USDG_40pct,2026-07-30T16:21:42+00:00,23454954,0x8f89573c81ef247269bb1f9d2c2960c0c326d560ebee193d3cf82a9fcdc6cd9f,0x490f1d47c41ba36f103a8db40b3c4db532b41899,310338,-880000,880000,0x87e581e62b78d394cfe0985d0660b7c9bf80dbf164fd76967a2d736cfeaffa36,FIRE_TO_USDG,0xce444441f3524f4575baf2572bc75b53a56a7d9f,1323.0,13181
FIRE_USDG_50pct,2026-07-30T16:27:46+00:00,23458556,0x54831a70606fecfeb2d7511734b6ddc84f7403f1f8872875a7865769bfd3780b,0x2179ecfa0619c125ca0fd28599cede9c239fbf2b,320817,-880000,880000,0x7dbd94331c59510df516a2f49711238635b37402d705944c5231e7b94ee11e9d,FIRE_TO_USDG,0xeeef618a70e663813331892ee129709845570a1f,1687.0,16783
FIRE_USDG_50pct,2026-07-30T16:27:48+00:00,23458576,0x4ee6fc161cfdf4b16824f32a72cd1c74b5e2cf3317a30557adaa29101ad5da45,0x490f1d47c41ba36f103a8db40b3c4db532b41899,369065,-880000,880000,0x7dbd94331c59510df516a2f49711238635b37402d705944c5231e7b94ee11e9d,FIRE_TO_USDG,0xeeef618a70e663813331892ee129709845570a1f,1689.0,16803
FIRE_USDG_40pct,2026-07-30T17:39:27+00:00,23501480,0x2b9d746dfcc2438089a42e99775ee425003861962c1cc8ddaf140c78760f6142,0x7777de7a669c6e76e059fae0e15a0ea041fd752c,379757,-880000,880000,0x4f13b8becf073202ddf4d67b52c46a09f3018ecfb88fc1b968e120b577ef7573,FIRE_TO_USDG,0x4da5fb9c62006e9450df7e8b3d0d5c044b5759a8,276.0,2748
FIRE_USDG_50pct,2026-07-30T17:41:34+00:00,23502754,0x38554d4e63363ceb48e9326c7ac0f0aee433283b0cafee9cef4382db95250c4c,0x7777de7a669c6e76e059fae0e15a0ea041fd752c,211961,-880000,880000,0x4f13b8becf073202ddf4d67b52c46a09f3018ecfb88fc1b968e120b577ef7573,FIRE_TO_USDG,0x4da5fb9c62006e9450df7e8b3d0d5c044b5759a8,403.0,4022
FIRE_USDG_40pct,2026-07-30T18:01:43+00:00,23514817,0xd893d4196907f8c12e27e61099af56aa187000704b1a620e759b21638655a024,0x1aa511c41636dc4e1dafe5092157eb606da01d03,389503,-880000,880000,0x4f13b8becf073202ddf4d67b52c46a09f3018ecfb88fc1b968e120b577ef7573,FIRE_TO_USDG,0x4da5fb9c62006e9450df7e8b3d0d5c044b5759a8,1612.0,16085
FIRE_USDG_40pct,2026-07-30T18:02:15+00:00,23515134,0xd7910a3096eda8a836f30f29faf7baf2a9546c453585125a2c11d5497f2a5ad7,0x1aa511c41636dc4e1dafe5092157eb606da01d03,338761,-880000,880000,0x4f13b8becf073202ddf4d67b52c46a09f3018ecfb88fc1b968e120b577ef7573,FIRE_TO_USDG,0x4da5fb9c62006e9450df7e8b3d0d5c044b5759a8,1644.0,16402
FIRE_USDG_50pct,2026-07-30T18:04:10+00:00,23516278,0x9a06bc4423ae439c814345106361352365c74591be1e6d26a846d193103eb2c6,0x1aa511c41636dc4e1dafe5092157eb606da01d03,207093,-880000,880000,0x4f13b8becf073202ddf4d67b52c46a09f3018ecfb88fc1b968e120b577ef7573,FIRE_TO_USDG,0x4da5fb9c62006e9450df7e8b3d0d5c044b5759a8,1759.0,17546
FIRE_USDG_40pct,2026-07-30T20:13:51+00:00,23593924,0x74e6252d615cbd15484bcd6a8a643f9b15fbb4be47763dabf0c8bee3a30ec521,0x9dfdbeb37f2fd8744db65f6752c66beba351bdee,378847,-880000,880000,0x4f13b8becf073202ddf4d67b52c46a09f3018ecfb88fc1b968e120b577ef7573,FIRE_TO_USDG,0x4da5fb9c62006e9450df7e8b3d0d5c044b5759a8,9540.0,95192
FIRE_USDG_40pct,2026-07-30T21:32:33+00:00,23641012,0xe3ca96bad97e1f1347c208b8c53ac4e836a5293320285842e8c92e1e24fd6f57,0xa1e4bca023d741bd8d8609875ceef2abd8d755a3,371611,-880000,880000,0x4f13b8becf073202ddf4d67b52c46a09f3018ecfb88fc1b968e120b577ef7573,FIRE_TO_USDG,0x4da5fb9c62006e9450df7e8b3d0d5c044b5759a8,14262.0,142280
FIRE_USDG_40pct,2026-07-30T22:28:24+00:00,23674291,0x1d25845168908ada99e410079516b1c9bfa7a2498e19610e7729d20d7d5759ac,0xc6312da2663570a2aee12b27a0c6da4683339acd,206269,-880000,880000,0x4f13b8becf073202ddf4d67b52c46a09f3018ecfb88fc1b968e120b577ef7573,FIRE_TO_USDG,0x4da5fb9c62006e9450df7e8b3d0d5c044b5759a8,17613.0,175559
FIRE_USDG_40pct,2026-08-01T00:24:22+00:00,24606148,0xcb58feabd3555fc568f9651e4970854eac30947350a92a4507348b38fc9e2edf,0x490f1d47c41ba36f103a8db40b3c4db532b41899,420858,-880000,880000,0xcd5a6a7752daf94ef19ddf3ddd47d3c2ebccf65ae9bdd308f72e674c9015221f,USDG_TO_FIRE,0x43370240c309f6cc0815929a176609267971224f,236.0,2355
FIRE_USDG_40pct,2026-08-01T02:25:29+00:00,24678651,0x1157a768a29607a298bb802d7097b26fc50b17753eb2c811119a2439a2669e9c,0x490f1d47c41ba36f103a8db40b3c4db532b41899,420858,-880000,880000,0x05a0e773750f26abd85afafc95f9b3816572bbea348d0c11963810fcd7294387,USDG_TO_FIRE,0xb4864f7f85eb2fdbd58b4293a2b9bd684fb13336,263.0,2626
FIRE_USDG_40pct,2026-08-01T02:39:39+00:00,24687130,0xee3dc9b1401fe7031087b8f1a17674c3b8c64dcb284186357bc654a5d732f682,0xa1e4bca023d741bd8d8609875ceef2abd8d755a3,371611,-880000,880000,0x05a0e773750f26abd85afafc95f9b3816572bbea348d0c11963810fcd7294387,USDG_TO_FIRE,0xb4864f7f85eb2fdbd58b4293a2b9bd684fb13336,1113.0,11105
FIRE_USDG_40pct,2026-08-01T03:55:12+00:00,24732330,0x4ddd8eb1168448ddeea10059b341e4ff68a6de161991298c4715034d697ea8a6,0x7777de7a669c6e76e059fae0e15a0ea041fd752c,379757,-880000,880000,0x05a0e773750f26abd85afafc95f9b3816572bbea348d0c11963810fcd7294387,USDG_TO_FIRE,0xb4864f7f85eb2fdbd58b4293a2b9bd684fb13336,5646.0,56305
FIRE_USDG_50pct,2026-08-01T14:47:51+00:00,25122429,0x827477c44f69009a4f5894df1d512f89f74889f3767127f4cf87e61d976313d8,0x7777de7a669c6e76e059fae0e15a0ea041fd752c,211961,-880000,880000,0x6ea987c848f419787fd1649c64767ff856ebd88fa2c0a112481a26af98fc00a4,USDG_TO_FIRE,0x4da5fb9c62006e9450df7e8b3d0d5c044b5759a8,3485.0,34731
FIRE_USDG_40pct,2026-08-01T17:40:18+00:00,25225594,0xb6764391387338082dd6d85006fbbc2599e31e015b0b1a291012537be9613ffb,0x1aa511c41636dc4e1dafe5092157eb606da01d03,389503,-880000,880000,0x6ea987c848f419787fd1649c64767ff856ebd88fa2c0a112481a26af98fc00a4,USDG_TO_FIRE,0x4da5fb9c62006e9450df7e8b3d0d5c044b5759a8,13832.0,137896
FIRE_USDG_50pct,2026-08-01T17:41:55+00:00,25226554,0xc6752ca2e64d604f8b2154eb2d0f7ed7ede944cccb4ffa599320de3b1c2f4f58,0x1aa511c41636dc4e1dafe5092157eb606da01d03,207093,-880000,880000,0x6ea987c848f419787fd1649c64767ff856ebd88fa2c0a112481a26af98fc00a4,USDG_TO_FIRE,0x4da5fb9c62006e9450df7e8b3d0d5c044b5759a8,13929.0,138856
FIRE_USDG_40pct,2026-08-01T18:21:16+00:00,25250111,0xac007721d121bccd14a37aa5ec9885b7deae661424a30a42367b144e713e769c,0x1aa511c41636dc4e1dafe5092157eb606da01d03,338761,-880000,880000,0x6ea987c848f419787fd1649c64767ff856ebd88fa2c0a112481a26af98fc00a4,USDG_TO_FIRE,0x4da5fb9c62006e9450df7e8b3d0d5c044b5759a8,16290.0,162413
FIRE_USDG_40pct,2026-08-01T21:55:34+00:00,25378498,0x5a2f54d8845ac335def0d156ab05c4729be4992295fe15977a21d497ea1a9dbe,0x9dfdbeb37f2fd8744db65f6752c66beba351bdee,378847,-880000,880000,0x6ea987c848f419787fd1649c64767ff856ebd88fa2c0a112481a26af98fc00a4,USDG_TO_FIRE,0x4da5fb9c62006e9450df7e8b3d0d5c044b5759a8,29148.0,290800
FIRE_USDG_40pct,2026-08-01T23:04:04+00:00,25419489,0x96e25ad2818386306f5899ba4f8ba30e8e4ec1756c3d779dd38ac53bdb71c641,0x2179ecfa0619c125ca0fd28599cede9c239fbf2b,407995,-880000,880000,0x6ea987c848f419787fd1649c64767ff856ebd88fa2c0a112481a26af98fc00a4,USDG_TO_FIRE,0x4da5fb9c62006e9450df7e8b3d0d5c044b5759a8,33258.0,331791
FIRE_USDG_50pct,2026-08-01T23:42:02+00:00,25442211,0x7305e8a3a7310706440aab954595212d397dd12b756cec0f45a3e421cc9813a3,0x2179ecfa0619c125ca0fd28599cede9c239fbf2b,320817,-880000,880000,0x6ea987c848f419787fd1649c64767ff856ebd88fa2c0a112481a26af98fc00a4,USDG_TO_FIRE,0x4da5fb9c62006e9450df7e8b3d0d5c044b5759a8,35536.0,354513
FIRE_USDG_40pct,2026-08-02T02:38:30+00:00,25547785,0xc2601057ddb183dccc324b26798aa9290a94a7bc628723970603d8718f9483c5,0xc6312da2663570a2aee12b27a0c6da4683339acd,206269,-880000,880000,0x6ea987c848f419787fd1649c64767ff856ebd88fa2c0a112481a26af98fc00a4,USDG_TO_FIRE,0x4da5fb9c62006e9450df7e8b3d0d5c044b5759a8,46124.0,460087
FIRE_USDG_40pct,2026-08-02T19:43:17+00:00,26160672,0x0e165ecc1abef0bd8b30f86e47dc5ff5204f21edda39ebf3758022e9f1030217,0x490f1d47c41ba36f103a8db40b3c4db532b41899,420858,-880000,880000,0xba14df5396ef3bf68d2a98fb8c78729cea0b86a4a510b09700f2c7d9fa084130,FIRE_TO_USDG,0x26d26e23fba97e4b0375e80a65bb45357e345f9e,37048.0,369400
FIRE_USDG_40pct,2026-08-02T20:24:08+00:00,26185144,0xaf1a605836a556672c47bb83534c6f0f0012e8b7f938206f2ccc3372650817df,0xa1e4bca023d741bd8d8609875ceef2abd8d755a3,371611,-880000,880000,0xba14df5396ef3bf68d2a98fb8c78729cea0b86a4a510b09700f2c7d9fa084130,FIRE_TO_USDG,0x26d26e23fba97e4b0375e80a65bb45357e345f9e,39499.0,393872
FIRE_USDG_40pct,2026-08-02T23:25:36+00:00,26293936,0x10a963d1557899ad26eb6059efe911b63923d04c0892624b258b414e896fdb50,0x7777de7a669c6e76e059fae0e15a0ea041fd752c,379757,-880000,880000,0xba14df5396ef3bf68d2a98fb8c78729cea0b86a4a510b09700f2c7d9fa084130,FIRE_TO_USDG,0x26d26e23fba97e4b0375e80a65bb45357e345f9e,50387.0,502664
FIRE_USDG_40pct,2026-08-03T12:23:21+00:00,26759225,0x59eeeb29b65eb7f43e498d7c011c71c35e240047402b588f100ccf090875e29f,0x2179ecfa0619c125ca0fd28599cede9c239fbf2b,407995,-880000,880000,0xba14df5396ef3bf68d2a98fb8c78729cea0b86a4a510b09700f2c7d9fa084130,FIRE_TO_USDG,0x26d26e23fba97e4b0375e80a65bb45357e345f9e,97052.0,967953
FIRE_USDG_40pct,2026-08-06T00:25:12+00:00,28915643,0x8e34ce1ed13578ef2d5067ad2076d7ab2dc1f29da95d632d40e5a2f564a1ed4a,0x2179ecfa0619c125ca0fd28599cede9c239fbf2b,407995,-880000,880000,0xbbeeab11f580c8430d4a4a349cde4d192c2e708ada06810910b9a0abef4864ea,USDG_TO_FIRE,0x6fe9e13938f25fbaf0493522cf56480f4a992f1b,87570.0,874263
FIRE_USDG_50pct,2026-08-06T21:26:00+00:00,29670664,0x93b1d7b6ba0ea662db70d8161944257f21eb6b7c7bf32c94e545d4776d1b4806,0x7777de7a669c6e76e059fae0e15a0ea041fd752c,211961,-880000,880000,0x0f5227e88abb56ae9d286b7d64c14649f92507e7e6921751e9afcea22644ad4d,FIRE_TO_USDG,0x8fcfe3485122f380793d5ade4fc8acabe4f83067,561.0,5610
FIRE_USDG_40pct,2026-08-06T21:39:45+00:00,29678904,0x8f645d2060c532692cb71f80ca49f8431d77c1aee17374a4dd9a7142562da1b0,0xa1e4bca023d741bd8d8609875ceef2abd8d755a3,371611,-880000,880000,0x0f5227e88abb56ae9d286b7d64c14649f92507e7e6921751e9afcea22644ad4d,FIRE_TO_USDG,0x8fcfe3485122f380793d5ade4fc8acabe4f83067,1386.0,13850
FIRE_USDG_40pct,2026-08-06T21:42:15+00:00,29680388,0x7a5620a5646518a7d3c76dcd5eed8c67b3cad361de02000739122217660d08f2,0x2179ecfa0619c125ca0fd28599cede9c239fbf2b,407995,-880000,880000,0x0f5227e88abb56ae9d286b7d64c14649f92507e7e6921751e9afcea22644ad4d,FIRE_TO_USDG,0x8fcfe3485122f380793d5ade4fc8acabe4f83067,1536.0,15334
FIRE_USDG_50pct,2026-08-06T21:45:56+00:00,29682611,0xa65f22dc4d3050c6440ec5e53e87ad91cf0a7adec5fd7d1dbf9b7bdab02e3221,0x2179ecfa0619c125ca0fd28599cede9c239fbf2b,320817,-880000,880000,0x73e6e9020625cf56a2147a4e48e15e6bba9644ec129bf22deb384755b8dc4e9e,FIRE_TO_USDG,0x29ff475a04f1ffd246591de728c5e7c8dac6d88e,9.0,95
FIRE_USDG_40pct,2026-08-06T22:07:59+00:00,29695807,0x35212f2a14d8271a149ca26571f93da538ad5622a65dc91964ff55d1c2de239b,0x7777de7a669c6e76e059fae0e15a0ea041fd752c,379757,-880000,880000,0x73e6e9020625cf56a2147a4e48e15e6bba9644ec129bf22deb384755b8dc4e9e,FIRE_TO_USDG,0x29ff475a04f1ffd246591de728c5e7c8dac6d88e,1332.0,13291
FIRE_USDG_50pct,2026-08-06T22:08:57+00:00,29696406,0xa07205c681040f146ba002d06ea61668d1d519be1b733eb442fb4e3a9cd747cb,0x7777de7a669c6e76e059fae0e15a0ea041fd752c,211961,-880000,880000,0x73e6e9020625cf56a2147a4e48e15e6bba9644ec129bf22deb384755b8dc4e9e,FIRE_TO_USDG,0x29ff475a04f1ffd246591de728c5e7c8dac6d88e,1390.0,13890
FIRE_USDG_50pct,2026-08-06T22:57:54+00:00,29725703,0x4f8e1b22693df1ba57f59348515ab6fea7be32d79d07f508cef4e5364cc74a17,0x9dfdbeb37f2fd8744db65f6752c66beba351bdee,500556,-880000,880000,0x73e6e9020625cf56a2147a4e48e15e6bba9644ec129bf22deb384755b8dc4e9e,FIRE_TO_USDG,0x29ff475a04f1ffd246591de728c5e7c8dac6d88e,4327.0,43187
FIRE_USDG_40pct,2026-08-06T23:34:17+00:00,29747499,0x44f7ed0774db68bc3f89369cc0c60037a77999c03b75ad2ecccf4f4061d8ed49,0x1aa511c41636dc4e1dafe5092157eb606da01d03,389503,-880000,880000,0x5a5ad12282b15825e51ded68f8a030361a5db57460980a5ff99d4c59356b6124,USDG_TO_FIRE,0x11c551c0dea7d78ca92390571480bebeab630505,2755.0,27488
FIRE_USDG_40pct,2026-08-06T23:34:56+00:00,29747888,0xaed50e06056b53be9ee3e5df99ac9832f6f20e57429d70eede4d83a98e1765e3,0x1aa511c41636dc4e1dafe5092157eb606da01d03,338761,-880000,880000,0x5a5ad12282b15825e51ded68f8a030361a5db57460980a5ff99d4c59356b6124,USDG_TO_FIRE,0x11c551c0dea7d78ca92390571480bebeab630505,2794.0,27877
FIRE_USDG_50pct,2026-08-06T23:36:42+00:00,29748938,0xc6d6c894e70c427065d9914481ccff4e5e9b6ff3241bb4f38722092beec33bed,0x1aa511c41636dc4e1dafe5092157eb606da01d03,207093,-880000,880000,0x73e6e9020625cf56a2147a4e48e15e6bba9644ec129bf22deb384755b8dc4e9e,FIRE_TO_USDG,0x29ff475a04f1ffd246591de728c5e7c8dac6d88e,6655.0,66422
FIRE_USDG_40pct,2026-08-06T23:39:23+00:00,29750575,0x58e93c9d7cefc477dff677666a8d8efc41ef218c889a9fc2add49ded4f8d8fb1,0x7777de7a669c6e76e059fae0e15a0ea041fd752c,379757,-880000,880000,0x5a5ad12282b15825e51ded68f8a030361a5db57460980a5ff99d4c59356b6124,USDG_TO_FIRE,0x11c551c0dea7d78ca92390571480bebeab630505,3061.0,30564
FIRE_USDG_40pct,2026-08-07T00:01:08+00:00,29763686,0x1c701a161b44fe5827f4ebd750910c9cda0e3af556ae33b50b4545f4bcfd5e50,0xa1e4bca023d741bd8d8609875ceef2abd8d755a3,371611,-880000,880000,0x5a5ad12282b15825e51ded68f8a030361a5db57460980a5ff99d4c59356b6124,USDG_TO_FIRE,0x11c551c0dea7d78ca92390571480bebeab630505,4366.0,43675
FIRE_USDG_40pct,2026-08-07T00:27:15+00:00,29779495,0x93cc7ec7b6e5214759ddaf8269fffa7543e89dc2002f3d7f0e9bcc772b12e403,0x2179ecfa0619c125ca0fd28599cede9c239fbf2b,407995,-880000,880000,0x5a5ad12282b15825e51ded68f8a030361a5db57460980a5ff99d4c59356b6124,USDG_TO_FIRE,0x11c551c0dea7d78ca92390571480bebeab630505,5933.0,59484
FIRE_USDG_40pct,2026-08-07T06:48:07+00:00,30007542,0x40491830d11d4caeb6f4943c1a52fac936bf82628135a020fafc952f08ad916d,0xc6312da2663570a2aee12b27a0c6da4683339acd,206269,-880000,880000,0x6a528eea74cede3192f4bca667ed9b98a60c9118aa2318a307e0665576f76ca1,USDG_TO_FIRE,0x45df5e6c3bccb8a03049653472096156aaec8012,5850.0,58310
FIRE_USDG_50pct,2026-08-07T19:07:05+00:00,30449816,0xa7a66ce502cefd9b912fc62396de84bf3a417a52638effd8a23a40647b77fc82,0x7777de7a669c6e76e059fae0e15a0ea041fd752c,211961,-880000,880000,0xbfa23640715b910bcbd95ea6c01f9f29d2fc2f41200641632457356c25d049a4,USDG_TO_FIRE,0xb4864f7f85eb2fdbd58b4293a2b9bd684fb13336,781.0,7800
FIRE_USDG_40pct,2026-08-07T19:11:07+00:00,30452227,0x54a82fd80a120f34e7910bc07b020aae6539e06a6fd7a451d40d362ff92a9b40,0x7777de7a669c6e76e059fae0e15a0ea041fd752c,379757,-880000,880000,0x41d88c5be4c1073778579fb75637d77227530179d4e932ee7d6dc0669e5439b3,USDG_TO_FIRE,0xb4864f7f85eb2fdbd58b4293a2b9bd684fb13336,1023.0,10211
FIRE_USDG_40pct,2026-08-07T19:33:41+00:00,30465735,0x9b54f00888cf9ae0df90b46189b1a3499d496331a4d7572c43996c4b8520844c,0x2179ecfa0619c125ca0fd28599cede9c239fbf2b,407995,-880000,880000,0x41d88c5be4c1073778579fb75637d77227530179d4e932ee7d6dc0669e5439b3,USDG_TO_FIRE,0xb4864f7f85eb2fdbd58b4293a2b9bd684fb13336,2377.0,23719
FIRE_USDG_40pct,2026-08-07T20:36:22+00:00,30503295,0xb24a57f399843c02d60752731f6ab3f7c0745bc222b23011fa0b91fbd86270f2,0x1aa511c41636dc4e1dafe5092157eb606da01d03,389503,-880000,880000,0x41d88c5be4c1073778579fb75637d77227530179d4e932ee7d6dc0669e5439b3,USDG_TO_FIRE,0xb4864f7f85eb2fdbd58b4293a2b9bd684fb13336,6138.0,61279
FIRE_USDG_50pct,2026-08-07T22:29:59+00:00,30571466,0xc045cc7eac04874eade007a70771b02a5ea884d1e28fd76d16ef6210135fe669,0x1aa511c41636dc4e1dafe5092157eb606da01d03,207093,-880000,880000,0xbfa23640715b910bcbd95ea6c01f9f29d2fc2f41200641632457356c25d049a4,USDG_TO_FIRE,0xb4864f7f85eb2fdbd58b4293a2b9bd684fb13336,12955.0,129450
FIRE_USDG_40pct,2026-08-08T01:13:28+00:00,30669456,0x5d7b0f8420488da3db2a760776ee7961c4d3174dc74f9c0c35403996fd8c617f,0xa1e4bca023d741bd8d8609875ceef2abd8d755a3,371611,-880000,880000,0x41d88c5be4c1073778579fb75637d77227530179d4e932ee7d6dc0669e5439b3,USDG_TO_FIRE,0xb4864f7f85eb2fdbd58b4293a2b9bd684fb13336,22764.0,227440
FIRE_USDG_40pct,2026-08-08T16:43:42+00:00,31226379,0xa98f956e47d6598ab8bb3c1919fd5260ac6b177096de2f5c2c8d75c0afc0326b,0xc6312da2663570a2aee12b27a0c6da4683339acd,206269,-880000,880000,0xe424039c700bed2762de734bb599dfad96098dd4ae8a52dd379f3c8019ab440e,FIRE_TO_USDG,0x0f689bd7a211a50a96b1cf3113b8aa811f931977,8174.0,81682
FIRE_USDG_40pct,2026-08-08T17:20:38+00:00,31248512,0xed93b568dec180fb6a403831a090141ba4eecd09ecb15767c26d4dfb4ba4f438,0x1aa511c41636dc4e1dafe5092157eb606da01d03,389503,-880000,880000,0xe424039c700bed2762de734bb599dfad96098dd4ae8a52dd379f3c8019ab440e,FIRE_TO_USDG,0x0f689bd7a211a50a96b1cf3113b8aa811f931977,10390.0,103815
FIRE_USDG_50pct,2026-08-08T17:23:23+00:00,31250173,0x24f1f7d798a96fe2b7a4d3309841312307898d3fdef80cc191993354aa2062f3,0x1aa511c41636dc4e1dafe5092157eb606da01d03,207093,-880000,880000,0xd2c3eb4ffe28321eb9d341a6dff17a85e86d5e3a233ebc1bf3b918129520f5b9,FIRE_TO_USDG,0x56c262027e0de4aea31d2489529cb25d23e58a8b,10535.0,105280
FIRE_USDG_40pct,2026-08-08T18:18:05+00:00,31282957,0xdbf2b08a55355dd5c5cc4afa16b71afc361de3beee82a12cd9b648b8769dc123,0x7777de7a669c6e76e059fae0e15a0ea041fd752c,379757,-880000,880000,0xe424039c700bed2762de734bb599dfad96098dd4ae8a52dd379f3c8019ab440e,FIRE_TO_USDG,0x0f689bd7a211a50a96b1cf3113b8aa811f931977,13837.0,138260
FIRE_USDG_50pct,2026-08-08T18:20:16+00:00,31284280,0x08a88ce64408754e4f9db8009393bb7c6b13901bb674112ccf25b3945e164423,0x7777de7a669c6e76e059fae0e15a0ea041fd752c,211961,-880000,880000,0xd2c3eb4ffe28321eb9d341a6dff17a85e86d5e3a233ebc1bf3b918129520f5b9,FIRE_TO_USDG,0x56c262027e0de4aea31d2489529cb25d23e58a8b,13948.0,139387
FIRE_USDG_40pct,2026-08-08T20:11:47+00:00,31351090,0x5d4aef4426a8407e57587b9623fbd2858f61fd7a404c1f2dc05d412f4cd8ccdd,0x7777de7a669c6e76e059fae0e15a0ea041fd752c,379757,-880000,880000,0x93b7b9fc6d432ed08c2ecb75d2e36514dc18ca93a60d70e95f217fccd929e408,FIRE_TO_USDG,0x0ec4e45f9ce3020024c0418a74cd31fbc487038f,1248.0,12452
FIRE_USDG_50pct,2026-08-08T20:12:48+00:00,31351698,0xbbcb3b11ee2c19c1cad79f0206c71e9bfbf98aeb1e24929dfedcdc04d2b9a248,0x7777de7a669c6e76e059fae0e15a0ea041fd752c,211961,-880000,880000,0x93b7b9fc6d432ed08c2ecb75d2e36514dc18ca93a60d70e95f217fccd929e408,FIRE_TO_USDG,0x0ec4e45f9ce3020024c0418a74cd31fbc487038f,1309.0,13060
FIRE_USDG_50pct,2026-08-08T20:39:47+00:00,31367910,0x9da7de21282769909cdd8bc4f560dea7b614197d15ca2e0f6e0e279e176b9467,0x1aa511c41636dc4e1dafe5092157eb606da01d03,207093,-880000,880000,0x93b7b9fc6d432ed08c2ecb75d2e36514dc18ca93a60d70e95f217fccd929e408,FIRE_TO_USDG,0x0ec4e45f9ce3020024c0418a74cd31fbc487038f,2928.0,29272
FIRE_USDG_40pct,2026-08-08T20:41:44+00:00,31369071,0x69ce11074e104e1fdb1605e55a090a66802c7e80a3cb09e97f0066e9354de0e1,0x1aa511c41636dc4e1dafe5092157eb606da01d03,389503,-880000,880000,0x93b7b9fc6d432ed08c2ecb75d2e36514dc18ca93a60d70e95f217fccd929e408,FIRE_TO_USDG,0x0ec4e45f9ce3020024c0418a74cd31fbc487038f,3045.0,30433
FIRE_USDG_40pct,2026-08-08T21:08:22+00:00,31385044,0xd453d682e687fb14757976b34d4a0e8e40b68a2a613639fcd189c862ecdf6a3b,0x2179ecfa0619c125ca0fd28599cede9c239fbf2b,407995,-880000,880000,0x93b7b9fc6d432ed08c2ecb75d2e36514dc18ca93a60d70e95f217fccd929e408,FIRE_TO_USDG,0x0ec4e45f9ce3020024c0418a74cd31fbc487038f,4643.0,46406
FIRE_USDG_50pct,2026-08-08T21:12:03+00:00,31387266,0xd1ea3f3341d8ee943968ecadd02ea4d457220db8f5dfd7035290b905d440e4d6,0x2179ecfa0619c125ca0fd28599cede9c239fbf2b,320817,-880000,880000,0x93b7b9fc6d432ed08c2ecb75d2e36514dc18ca93a60d70e95f217fccd929e408,FIRE_TO_USDG,0x0ec4e45f9ce3020024c0418a74cd31fbc487038f,4864.0,48628
FIRE_USDG_50pct,2026-08-08T22:04:52+00:00,31418906,0x1028d78008ec47b8eec778d0d0d3e701722b024a6f826feecf0ebff38a39e63e,0x677c32e3d7993e04ffbd910566ee9dff59448070,526790,-880000,880000,0x93b7b9fc6d432ed08c2ecb75d2e36514dc18ca93a60d70e95f217fccd929e408,FIRE_TO_USDG,0x0ec4e45f9ce3020024c0418a74cd31fbc487038f,8033.0,80268
FIRE_USDG_50pct,2026-08-08T22:29:51+00:00,31433893,0x396d30959ada0b4785d52b34cf223498569ce47f653ab78e70405dd4f19aa6c0,0x9dfdbeb37f2fd8744db65f6752c66beba351bdee,500556,-880000,880000,0x93b7b9fc6d432ed08c2ecb75d2e36514dc18ca93a60d70e95f217fccd929e408,FIRE_TO_USDG,0x0ec4e45f9ce3020024c0418a74cd31fbc487038f,9532.0,95255
