timestamp,block,pool,event,subtype,tx,actor,nft,fire_amount,usdg_amount
2026-07-19T02:39:43+00:00,13489232,FIRE_USDG_50pct,LIQUIDITY,ADD,0x88662c6e3b98c33709dece6fca5186867fdb07b77eebfc79365e536673f80c35,0xe49193acd219557a150e35ccc2a66f89c42482e6,188625,,
2026-07-19T05:21:31+00:00,13585884,FIRE_USDG_50pct,SWAP,USDG_TO_FIRE,0xfe06bb541cf7b3ccf438e9cffd9466acd79161156a65ebc78fa692989fa3881f,0xccfd9df30028337a1d9a003724b53fe64b6f630a,,23746.125,6.752983
2026-07-19T05:26:20+00:00,13588763,FIRE_USDG_50pct,LIQUIDITY,ZERO,0x232bb5e60c6a754e598eb028a97d3d3902f1c5491cc6db5063108cbd7329fd41,0xe49193acd219557a150e35ccc2a66f89c42482e6,188625,,
2026-07-19T05:30:19+00:00,13591140,FIRE_USDG_50pct,SWAP,FIRE_TO_USDG,0xc49abfeb15a0d1a2705794da5e68c48edaa79dff0e0cdc7b3950691ab10802b2,0x533383846b83b617fb426e2c8d78ee2065ba1df3,,1969.4327282119527,1.280416
2026-07-19T05:34:17+00:00,13593509,FIRE_USDG_50pct,LIQUIDITY,ZERO,0x703f2a23ef90be04b5b98c1c3f431603e1a645dac0c3cafcc8e8b8676cdd865d,0xe49193acd219557a150e35ccc2a66f89c42482e6,188625,,
2026-07-19T05:36:12+00:00,13594646,FIRE_USDG_50pct,LIQUIDITY,ADD,0xb066c39b30999de2424354904309f0e8b445ffcd9918268a24642503c54d9d78,0xe49193acd219557a150e35ccc2a66f89c42482e6,188625,,
2026-07-19T09:11:34+00:00,13723184,FIRE_USDG_50pct,SWAP,USDG_TO_FIRE,0x46bbb36b5c1da58cfa589bb7b5dd85cdcee0fbd915a8a0d1e6441f7cd5de0b34,0x72e5dc60d7f7009e4df877dc924ec02a9e580066,,421134.180232194,12.414154
2026-07-19T09:11:34+00:00,13723185,FIRE_USDG_50pct,SWAP,FIRE_TO_USDG,0x8efe7b26f3642bc76087f180170ecc38182b45681dc9fa7f2a0795805deca5d0,0x527556b2891a5e69013fb3a2ebd041e80b963103,,197185.08194806156,17.657821
2026-07-19T11:16:44+00:00,13797779,FIRE_USDG_50pct,SWAP,FIRE_TO_USDG,0x3cfb76ccf962b8a89c5d36d75bd17942f8fa3dba8ffc570ea7c1dab32dad1df9,0xabb2acd3be814a80e502575d6c1dc5f789e9cd10,,6214.846479189256,2.847144
2026-07-19T11:38:26+00:00,13810718,FIRE_USDG_50pct,SWAP,FIRE_TO_USDG,0xec281d2898e7113c662dca463612a93d3256e9a9167f504304cce59dcee33996,0x8fb79468b6273de01370f01d0ba7784c1753a820,,4252.568018436526,2.399683
2026-07-19T16:38:55+00:00,13990356,FIRE_USDG_50pct,LIQUIDITY,ADD,0x9844813cb2be164d16c958b1142e8ac90ad95b1dcfdf353a4fffe5bcb218ac0d,0x271070932c8111fb474a3ef55b9a758fd6b115cc,201426,,
2026-07-19T18:36:42+00:00,14060802,FIRE_USDG_50pct,LIQUIDITY,ZERO,0xc12625aa205d211277fb1baef4cdffb5d3a0fa3d07a61c884346584f0f44683e,0xe49193acd219557a150e35ccc2a66f89c42482e6,188625,,
2026-07-19T18:48:36+00:00,14067911,FIRE_USDG_50pct,LIQUIDITY,ADD,0x171aa612a9e3015c883b8755b01061ef60b936ed02a844597ab073dbed9e2f59,0xe49193acd219557a150e35ccc2a66f89c42482e6,188625,,
2026-07-19T19:13:45+00:00,14082950,FIRE_USDG_50pct,SWAP,FIRE_TO_USDG,0x14283a05f30a447b262da41ab17d8f6980b8b3ebea7a76271575c333cc2c8ce8,0x56c262027e0de4aea31d2489529cb25d23e58a8b,,3204.349079964869,2.025542
2026-07-19T20:12:12+00:00,14117871,FIRE_USDG_40pct,LIQUIDITY,ADD,0x8689ba10c676b7509644c5d60e3c3dbaa25e2a5131456af4667738f6bfb29268,0xc6312da2663570a2aee12b27a0c6da4683339acd,206269,,
2026-07-19T20:41:00+00:00,14135073,FIRE_USDG_50pct,SWAP,FIRE_TO_USDG,0xa30c8dfb92d8089db882a9f4d59ee6ffb702cf2771186fb7deaabee434604a96,0x28cedb4c754e2862e703c7d6c3d1518f65965bc2,,36482.04627568419,32.392528
2026-07-19T21:10:48+00:00,14152851,FIRE_USDG_50pct,LIQUIDITY,ADD,0x956aedc2bf975cabfded6b0885c875ce6fdf931ad9d0ce85a86f0baa8208d64e,0x1aa511c41636dc4e1dafe5092157eb606da01d03,207093,,
2026-07-19T21:12:41+00:00,14153987,FIRE_USDG_50pct,LIQUIDITY,ADD,0xe440911e4d2ce418bf42d761fdbd2317ee2ed1af0d260d52afd202d6d1ff6cfd,0x1aa511c41636dc4e1dafe5092157eb606da01d03,207093,,
2026-07-19T22:12:34+00:00,14189754,FIRE_USDG_50pct,LIQUIDITY,ZERO,0x481f68e2ee7c5cff83f2802d97f6d28e500c2d5ac7ec4181861e9d05fb05e844,0xe49193acd219557a150e35ccc2a66f89c42482e6,188625,,
2026-07-19T23:11:49+00:00,14225132,FIRE_USDG_50pct,LIQUIDITY,ZERO,0xdd029e3d3061bbd0ceb6becbc8b4c85bd0e4b0780db7f0e0af7ea3c6fcb54352,0x271070932c8111fb474a3ef55b9a758fd6b115cc,201426,,
2026-07-19T23:32:39+00:00,14237570,FIRE_USDG_40pct,SWAP,FIRE_TO_USDG,0x3e466a114201b49f0cbfed3fcd43936747018320633615f6b0b7fd71e82bddf2,0xada5bb90d0de0bd1b6f3938708f49295a8d1f7cb,,305.64684115477536,0.305079
2026-07-19T23:32:39+00:00,14237570,FIRE_USDG_50pct,SWAP,FIRE_TO_USDG,0x3e466a114201b49f0cbfed3fcd43936747018320633615f6b0b7fd71e82bddf2,0xada5bb90d0de0bd1b6f3938708f49295a8d1f7cb,,1971.8453316858331,2.44284
2026-07-20T01:59:50+00:00,14325486,FIRE_USDG_50pct,LIQUIDITY,ADD,0x8184dc8e522b8c86fa874ab436c9c5ae6bb2d24bc609b7c88de7a9739b5f8a54,0x7777de7a669c6e76e059fae0e15a0ea041fd752c,211961,,
2026-07-20T18:14:36+00:00,14908389,FIRE_USDG_50pct,SWAP,FIRE_TO_USDG,0xdbc40344423d1d55585f0c7dd2f6757711e58d95d1e77308f242662932ec940c,0xabb2acd3be814a80e502575d6c1dc5f789e9cd10,,1809.1166652594752,2.308693
2026-07-21T05:32:52+00:00,15314456,FIRE_USDG_50pct,LIQUIDITY,ZERO,0x081632f75b2b25452bc6e3406084b603f67787006e134bc59f1e3b1550494e41,0xe49193acd219557a150e35ccc2a66f89c42482e6,188625,,
2026-07-21T06:04:32+00:00,15333407,FIRE_USDG_40pct,SWAP,USDG_TO_FIRE,0x6110c258c007d8d68d3e6e6a4974b761396e3dbc2d771a84bc99411297320e66,0xe93bc5b2088eac5b7bf3aabb6db9a40b079f5ffc,,438.90708298406884,0.161631
2026-07-22T04:55:38+00:00,16154398,FIRE_USDG_40pct,LIQUIDITY,ZERO,0xd9862f8996e3a70af5824012d58fcaa59412d117ba354fd0ab4cf4518a28a921,0xc6312da2663570a2aee12b27a0c6da4683339acd,206269,,
2026-07-23T00:31:34+00:00,16858456,FIRE_USDG_50pct,LIQUIDITY,ADD,0x894f11cd8b3f0557ce4941efb0045bb742f021fa85aa96a16f09b1c8a8c6258b,0x490f1d47c41ba36f103a8db40b3c4db532b41899,286870,,
2026-07-23T01:22:42+00:00,16889088,FIRE_USDG_50pct,LIQUIDITY,ZERO,0xef63f17ec84333077766efc95e9e3b20db3c98ff6cdda140af85d206fb156ef4,0x271070932c8111fb474a3ef55b9a758fd6b115cc,201426,,
2026-07-23T02:17:11+00:00,16921697,FIRE_USDG_50pct,SWAP,FIRE_TO_USDG,0xe4cffb310bebeb8f92a033bcb64e0c008e674a1b094f69ddafc6d002e605e98d,0xc347db1b9077ebbc43ee1474b9866eab97ecb386,,5713.927149821691,7.693829
2026-07-23T02:28:48+00:00,16928662,FIRE_USDG_50pct,LIQUIDITY,ZERO,0x56d6e67719dd0b949f768110ede6fdc3994e5af0d80599ce289692e952cfdf41,0xe49193acd219557a150e35ccc2a66f89c42482e6,188625,,
2026-07-23T02:50:44+00:00,16941808,FIRE_USDG_50pct,SWAP,FIRE_TO_USDG,0x6e89ac0d807b28131b3b4045846fb880a7645a0cb7651771986b2ee74545d1a4,0x88f31d614d5f1923c9e05221b5e72762b7325594,,85316.53364237718,317.16735
2026-07-23T02:50:44+00:00,16941808,FIRE_USDG_40pct,SWAP,FIRE_TO_USDG,0xa4e39d0debeb8cf3a264bfd853c39b998f357c5dc55a9cab760b54112e0bd40f,0x435cd90a7f63f260470b98173dd3f67b396e0c30,,1187.6604101479793,3.39571
2026-07-23T02:50:44+00:00,16941808,FIRE_USDG_50pct,SWAP,USDG_TO_FIRE,0x2ad27c41fc2e78348a7b3768167319d33f6e3484e4cdccb5ae8eac03eda82ad1,0xb4864f7f85eb2fdbd58b4293a2b9bd684fb13336,,67849.17295137508,100.907144
2026-07-23T02:50:44+00:00,16941809,FIRE_USDG_40pct,SWAP,USDG_TO_FIRE,0xade3300f80d779fec5edc269e80015c727d1a225cc2fe5ea7bb120eaf2701924,0x000043499317f9f18a14a9059cbb94e2c72d71a6,,740.6550699575906,1.353015
2026-07-23T02:51:23+00:00,16942191,FIRE_USDG_50pct,LIQUIDITY,ZERO,0x1f64fedd96f9b9a9141884dcbacdf9e1ddd9ee85f2bd50406cb2dc4ca4f194a3,0xe49193acd219557a150e35ccc2a66f89c42482e6,188625,,
2026-07-23T02:56:07+00:00,16945015,FIRE_USDG_50pct,SWAP,USDG_TO_FIRE,0x64a1b87235edb8fce25e9797dd1b136374359256b00edc9f48a966f7a5f7c27e,0x43370308b53e3611521ba48e2f7632a5644d7b1f,,2144.5111562838,1.901863
2026-07-23T02:59:06+00:00,16946806,FIRE_USDG_50pct,LIQUIDITY,ZERO,0x81af3362076ee5b69560a595a8d8a02d5f382ddd2dfefcb51e8da5ef9607715c,0x1aa511c41636dc4e1dafe5092157eb606da01d03,207093,,
2026-07-23T02:59:40+00:00,16947150,FIRE_USDG_50pct,SWAP,USDG_TO_FIRE,0x68bd9a33708ae4c5d59865eff34299b17d489d38e8bbacbd7bd6b275ee14ad85,0x6113eecea9998199825a9df4811368f069d85a50,,10056.757631731669,8.325636
2026-07-23T02:59:54+00:00,16947288,FIRE_USDG_50pct,LIQUIDITY,ZERO,0x90da9fc04016fc26235a47f81b563d685236df70788c2b900b021cf5764e46d4,0x1aa511c41636dc4e1dafe5092157eb606da01d03,207093,,
2026-07-23T02:59:55+00:00,16947300,FIRE_USDG_50pct,LIQUIDITY,ZERO,0xcb2b9128fdf1dddbfc1ec53f2332a37260cf20f11186d5e3d511a1a9e51254b8,0x271070932c8111fb474a3ef55b9a758fd6b115cc,201426,,
2026-07-23T03:00:07+00:00,16947415,FIRE_USDG_50pct,LIQUIDITY,ADD,0xb042ca89f0a919fb5958bb3db5146836b129b37bb49b6052cde316cf0cfacdb7,0x1aa511c41636dc4e1dafe5092157eb606da01d03,207093,,
2026-07-23T03:00:49+00:00,16947830,FIRE_USDG_50pct,SWAP,USDG_TO_FIRE,0x82bc076a2241578680e29ae97fb5245654c4b63a63c756d4257c3ef2aa407ad8,0x81a514664f5330b7b9f131691c67a1895a2f4bc6,,5404.405841889779,4.114279
2026-07-23T03:01:38+00:00,16948322,FIRE_USDG_50pct,LIQUIDITY,ADD,0x02a50c6e1d81136b64fbf666c4f7b1fc4931ed594f83af2d793ca98b2fa75d21,0x271070932c8111fb474a3ef55b9a758fd6b115cc,201426,,
2026-07-23T03:03:42+00:00,16949563,FIRE_USDG_50pct,LIQUIDITY,ZERO,0xaad3448541224956651a646fef70958f167ae4e97e1a19a9d8936426473c4695,0x1aa511c41636dc4e1dafe5092157eb606da01d03,207093,,
2026-07-23T03:04:10+00:00,16949845,FIRE_USDG_50pct,LIQUIDITY,ADD,0x562bae42783c644f2f8f006f371691c3dfa35ad60af0b26edc0913173903b1fd,0x1aa511c41636dc4e1dafe5092157eb606da01d03,207093,,
2026-07-23T03:07:18+00:00,16951717,FIRE_USDG_50pct,LIQUIDITY,ZERO,0x9d87b3ece2c754b6ebf3eb764a15e1eb8edd2e8268c0476b46fcfbb48fe55783,0xe49193acd219557a150e35ccc2a66f89c42482e6,188625,,
2026-07-23T03:09:16+00:00,16952888,FIRE_USDG_50pct,LIQUIDITY,ADD,0x8a9ff776933513649a021efbff1bebed56f128a5be147085d96ed7cab4d28091,0x271070932c8111fb474a3ef55b9a758fd6b115cc,201426,,
2026-07-23T03:09:48+00:00,16953211,FIRE_USDG_50pct,LIQUIDITY,ADD,0x1118f0600750213c8756df74a140ebea62b31509291a03f4a5513c1d5f8290ea,0xe49193acd219557a150e35ccc2a66f89c42482e6,188625,,
2026-07-23T03:10:28+00:00,16953613,FIRE_USDG_50pct,LIQUIDITY,ADD,0x9eca71f6e081033ad856fe66d4006c6291f32ca4e747c3fb6ea92a9f7f6a8570,0xe49193acd219557a150e35ccc2a66f89c42482e6,188625,,
2026-07-23T03:10:53+00:00,16953860,FIRE_USDG_50pct,LIQUIDITY,ADD,0x882b39178ca0ee1a74aa0ff7982206e7e6ed9066282fadd0b7e5bbc92c0d126c,0xe49193acd219557a150e35ccc2a66f89c42482e6,188625,,
2026-07-23T03:13:19+00:00,16955313,FIRE_USDG_50pct,LIQUIDITY,REMOVE,0xba3a20c5719ff5b36360a6802a4217b8d32246025cb4a9e55e67a6ba976e8e2b,0xe49193acd219557a150e35ccc2a66f89c42482e6,188625,,
2026-07-23T03:13:45+00:00,16955568,FIRE_USDG_50pct,LIQUIDITY,REMOVE,0x09de18813a6439d05803a8093712300da1a7e915ee9022c487c8242ebf857027,0xe49193acd219557a150e35ccc2a66f89c42482e6,188625,,
2026-07-23T03:18:26+00:00,16958375,FIRE_USDG_40pct,LIQUIDITY,ZERO,0x387ea9907e075473b1587e6deb376c05838ea6b220b69b07b47b9d0d7efc11ec,0xc6312da2663570a2aee12b27a0c6da4683339acd,206269,,
2026-07-23T03:18:41+00:00,16958527,FIRE_USDG_50pct,LIQUIDITY,ZERO,0x6d598ffe5fe5a22a4feda36b5f5734466a9e2d31829b0309e752c88f65d6f2ea,0x7777de7a669c6e76e059fae0e15a0ea041fd752c,211961,,
2026-07-23T03:18:53+00:00,16958639,FIRE_USDG_50pct,LIQUIDITY,ADD,0xaddb91a0e7022cf6eb59064000f21e31c3638d0e6b051ca11af3eb57b87ef852,0x7777de7a669c6e76e059fae0e15a0ea041fd752c,211961,,
2026-07-23T03:20:06+00:00,16959370,FIRE_USDG_50pct,LIQUIDITY,ADD,0x1c73d4463f3d33c76f02eaca1b0715c62537ed6231fc8158f8ea068186553d16,0x7777de7a669c6e76e059fae0e15a0ea041fd752c,211961,,
2026-07-23T03:25:28+00:00,16962575,FIRE_USDG_50pct,LIQUIDITY,ZERO,0xb0bc74e3a7b08ef102c77ba375d44f5a4e4fd27283c88270fa36de0be73ceb1e,0x490f1d47c41ba36f103a8db40b3c4db532b41899,286870,,
2026-07-23T03:25:45+00:00,16962744,FIRE_USDG_50pct,LIQUIDITY,ADD,0x3a4de4a939ce233bae345928ca9388dc24ddae77e48f26c4074a6a5099dc4daf,0x490f1d47c41ba36f103a8db40b3c4db532b41899,286870,,
2026-07-23T03:27:15+00:00,16963641,FIRE_USDG_50pct,SWAP,USDG_TO_FIRE,0x097b2738e51cb10e5e345239b790a8c23a26263ccdb25a9229f7e264eb799021,0x4337016838785634c63fce393bfc6222564436c4,,4144.008340027574,3.023953
2026-07-23T03:31:52+00:00,16966396,FIRE_USDG_50pct,SWAP,USDG_TO_FIRE,0xca79f4c1188e23915caf67d7e9ccb19b9b25309c0a8d24ec2ab6b2541b359afe,0x4337021d22bcd0775a0fd1b4a6665051dc15d995,,2687.147082643714,1.913554
2026-07-23T03:33:00+00:00,16967075,FIRE_USDG_50pct,LIQUIDITY,ADD,0xed06ffe1578cfe90f91e1696a3a4fc6710df1de6e82ab0890037ca049ed09e6c,0x490f1d47c41ba36f103a8db40b3c4db532b41899,286870,,
2026-07-23T03:36:29+00:00,16969155,FIRE_USDG_50pct,LIQUIDITY,ADD,0xdb96bd80ef2a2ded9cb158ffbb684e2b7de5b7a0bf8084574fe1f49c2572489e,0x490f1d47c41ba36f103a8db40b3c4db532b41899,286870,,
2026-07-23T03:42:53+00:00,16972979,FIRE_USDG_50pct,LIQUIDITY,ZERO,0x3c3ca86ec2bae01377d515fdbe0aab5da48a2eff5d343308e840b2ce47b34b28,0xe49193acd219557a150e35ccc2a66f89c42482e6,188625,,
2026-07-23T05:48:41+00:00,17048201,FIRE_USDG_50pct,LIQUIDITY,REMOVE,0x808f85a1d621310193c460e2d0924d9edf121828c455af0caa2529a0efa3a70b,0x490f1d47c41ba36f103a8db40b3c4db532b41899,286870,,
2026-07-23T05:59:24+00:00,17054619,FIRE_USDG_50pct,SWAP,USDG_TO_FIRE,0x1b7c5c26aa9724794d5b9685cb306f0c9dc05a8811a5d2caf734c6b5a1446268,0x43370188473a398394e4ba4a7c7cbb2c6265e22a,,4013.4344747681,2.792735
2026-07-23T07:01:07+00:00,17091606,FIRE_USDG_50pct,SWAP,FIRE_TO_USDG,0x616497045b34695e337365193eec01f16b9a7a0b6e33b440a399afdc02bfd7f2,0xe31d840638fe966b603ae515e6b52c9bdd4e0ecc,,3527.4612404405448,9.921041
2026-07-23T07:11:07+00:00,17097584,FIRE_USDG_50pct,LIQUIDITY,REMOVE,0xa85c352cb59d0fa0c60a763211170a8892a2eab3c2a87c9b767ca07ddf7809de,0xe49193acd219557a150e35ccc2a66f89c42482e6,188625,,
2026-07-23T07:22:03+00:00,17104126,FIRE_USDG_50pct,LIQUIDITY,ZERO,0xff6916af95d56493b9a7aff81345c0a66627e85c9d237517ba1bf6a26b7b7c24,0x7777de7a669c6e76e059fae0e15a0ea041fd752c,211961,,
2026-07-23T09:16:14+00:00,17172475,FIRE_USDG_50pct,LIQUIDITY,ADD,0xc064e359378cdcc1ff3cb6d843ff39e4ff54a69db59825f423b046fef3612f6f,0x490f1d47c41ba36f103a8db40b3c4db532b41899,286870,,
2026-07-23T12:44:10+00:00,17296836,FIRE_USDG_40pct,SWAP,USDG_TO_FIRE,0xf50ffe042627593be4497336916db1f1ff1386c3e9a1055da47b66365dfa06f7,0x35f17f653000b663c3f28667bcd68b2e17d460d7,,249.6,0.211696
2026-07-23T12:44:10+00:00,17296836,FIRE_USDG_50pct,SWAP,USDG_TO_FIRE,0xf50ffe042627593be4497336916db1f1ff1386c3e9a1055da47b66365dfa06f7,0x35f17f653000b663c3f28667bcd68b2e17d460d7,,4000.55328,2.838584
2026-07-23T12:45:47+00:00,17297811,FIRE_USDG_50pct,SWAP,USDG_TO_FIRE,0xb9502a70234e44da590669bafad43ccba5d1bdc3ff0ee130843da13ee40b7959,0xd71212080d90ffa50a80bff2af2ade6f99f29b96,,10484.089738386816,7.055577
2026-07-23T12:46:01+00:00,17297948,FIRE_USDG_50pct,SWAP,USDG_TO_FIRE,0x630c9b30fa769998cca874382f6ce605547baff0d96be7a5f15a2778cb2bd549,0x35f17f653000b663c3f28667bcd68b2e17d460d7,,8499.9,5.345215
2026-07-23T12:48:53+00:00,17299663,FIRE_USDG_50pct,SWAP,USDG_TO_FIRE,0xa97ad7f27d90da24c92f43509caac6d31a648688eae53f8eb698c43909a8d938,0xeeef618a70e663813331892ee129709845570a1f,,11772.949146217195,6.905387
2026-07-23T12:49:17+00:00,17299899,FIRE_USDG_50pct,SWAP,USDG_TO_FIRE,0x135bd717c3349de7177b85bdc54da7f302b9f20b3f31114010891e39108e4b5f,0x35f17f653000b663c3f28667bcd68b2e17d460d7,,7829.707789173717,4.30129
2026-07-23T13:08:59+00:00,17311692,FIRE_USDG_50pct,LIQUIDITY,ZERO,0xac289a793c853b85f69863325a1b8ac85b0400af43c7c51cc080433535aa9984,0x7777de7a669c6e76e059fae0e15a0ea041fd752c,211961,,
2026-07-23T14:34:58+00:00,17363185,FIRE_USDG_50pct,LIQUIDITY,ZERO,0x4ea800f47ec537d984e19e4021dfc9f32d317e3322102028189d4920fd659366,0x490f1d47c41ba36f103a8db40b3c4db532b41899,286870,,
2026-07-23T14:43:34+00:00,17368336,FIRE_USDG_50pct,LIQUIDITY,ADD,0x12ab694995fc9868fbeae9e409e02bd5d7f66a48e0208744da1030639c81c2ea,0x490f1d47c41ba36f103a8db40b3c4db532b41899,307534,,
2026-07-23T15:59:37+00:00,17413858,FIRE_USDG_50pct,LIQUIDITY,ZERO,0x911db1f149c8ec3deb2fd9228663677387d674bc87357cda3126fcb81cdc156c,0x1aa511c41636dc4e1dafe5092157eb606da01d03,207093,,
2026-07-23T16:55:00+00:00,17447016,FIRE_USDG_50pct,LIQUIDITY,REMOVE,0x839c0e304a3bf7d5dd93d23eedd2e3579088ce9c3c175027d4cff4695f9dffb3,0x490f1d47c41ba36f103a8db40b3c4db532b41899,286870,,
2026-07-23T16:56:03+00:00,17447654,FIRE_USDG_40pct,LIQUIDITY,ADD,0x45c3445c41ed0fe94d19617a8fc46888fed37c1ee58b8dd5887a5b232b1d828e,0x490f1d47c41ba36f103a8db40b3c4db532b41899,310338,,
2026-07-23T16:58:35+00:00,17449166,FIRE_USDG_50pct,LIQUIDITY,REMOVE,0x86f5f6786334caff6083ee78dde7f9e7a76e46b08f795099df02071c53189c71,0x490f1d47c41ba36f103a8db40b3c4db532b41899,307534,,
2026-07-23T20:04:11+00:00,17560377,FIRE_USDG_40pct,LIQUIDITY,ADD,0x4bea768919d36d2f29d58da61e1edc9a206db73a7a16c6e5e8a6d823d85c7c71,0x1983824aa3cf023dfd233115e801520b9d49a258,315127,,
2026-07-23T21:47:49+00:00,17622374,FIRE_USDG_40pct,LIQUIDITY,ADD,0x5ae81187a0b3b5687b2a24a0a4b569bf4eb8ea76109420dfafc2c57dc4feb20d,0x490f1d47c41ba36f103a8db40b3c4db532b41899,317145,,
2026-07-24T01:17:53+00:00,17748013,FIRE_USDG_40pct,SWAP,USDG_TO_FIRE,0x97b9df076fe1a90f52805aa1e411b3aea2d37c841459cb7e946b4df94e341ce7,0x0db8a59558dad8e67b5b4d4ea6aabf9f96bf075d,,5198.175976119336,3.395128
2026-07-24T01:24:19+00:00,17751856,FIRE_USDG_50pct,LIQUIDITY,ZERO,0x4e7426392116399d2f9bee0940a1d5ba30d0649ad25972c41739988c89fdacaa,0xe49193acd219557a150e35ccc2a66f89c42482e6,188625,,
2026-07-24T01:38:32+00:00,17760359,FIRE_USDG_50pct,LIQUIDITY,ZERO,0xa07b6fe5521f0aa7334b7fb1964de055328ab724c09f83ebf7283234df0e618f,0x271070932c8111fb474a3ef55b9a758fd6b115cc,201426,,
2026-07-24T01:39:19+00:00,17760824,FIRE_USDG_50pct,LIQUIDITY,ADD,0x1358ad8b837b20d45f2a7d2a4fa5b26546e98fb66c1b7ff9bddbde82837eedbf,0x271070932c8111fb474a3ef55b9a758fd6b115cc,201426,,
2026-07-24T01:39:52+00:00,17761148,FIRE_USDG_40pct,LIQUIDITY,ZERO,0x2e8ae5fcf95e1226df4a4f5b22467cc11ac02dd86b2763598d13b68e92686488,0x490f1d47c41ba36f103a8db40b3c4db532b41899,317145,,
2026-07-24T01:40:15+00:00,17761385,FIRE_USDG_40pct,LIQUIDITY,ZERO,0xe509b1621d907fcc189ea349251be11dd6a1e95abb6201994e2329a1f6de8272,0x490f1d47c41ba36f103a8db40b3c4db532b41899,310338,,
2026-07-24T01:40:36+00:00,17761590,FIRE_USDG_50pct,LIQUIDITY,ADD,0x280be992fc889933d98281907cfedd7e86d1d9876ec4873cd7880c2bd63d0257,0x2179ecfa0619c125ca0fd28599cede9c239fbf2b,320817,,
2026-07-24T01:40:40+00:00,17761637,FIRE_USDG_40pct,LIQUIDITY,REMOVE,0x8590daac1018d010a781f851f37aad1553746be319db40272ae9999be07183e8,0x490f1d47c41ba36f103a8db40b3c4db532b41899,317145,,
2026-07-24T01:45:14+00:00,17764354,FIRE_USDG_50pct,LIQUIDITY,ADD,0x7f31fe220776e54cd42ee3bcbdf137487297847405d3b26a96334f9b5bf8d6d4,0x490f1d47c41ba36f103a8db40b3c4db532b41899,320895,,
2026-07-24T07:18:05+00:00,17963321,FIRE_USDG_50pct,SWAP,USDG_TO_FIRE,0x01db8a735a57fb324ebe09bbdf29dae1e3dd51d9224019b363d984cdf2a9ae09,0xeeef618a70e663813331892ee129709845570a1f,,17447.42530921694,8.909087
2026-07-24T07:18:56+00:00,17963828,FIRE_USDG_50pct,SWAP,USDG_TO_FIRE,0x3197c6af0b19100f22c80abb90ddbdcd138ce555aee809b41b9e92a39029e604,0x95d5a1aa091655dbb5b61cf011b3288ac2f79f92,,36111.55646465156,16.04555
2026-07-24T07:18:57+00:00,17963837,FIRE_USDG_40pct,SWAP,USDG_TO_FIRE,0x15fb712a8b6537854383ca2ad14d3d02eb1a0f8ef528600583ab23eccef738df,0x440e1da19f8569b5d92bc935707461a9f883df2f,,1072.6299189816298,0.606295
2026-07-24T08:54:54+00:00,18021198,FIRE_USDG_50pct,LIQUIDITY,ZERO,0x8424d96719075c2f92a821589ae7e7813974bbcf458d65a4872b96c7900f15c3,0x490f1d47c41ba36f103a8db40b3c4db532b41899,320895,,
2026-07-24T08:55:51+00:00,18021774,FIRE_USDG_40pct,LIQUIDITY,ZERO,0x993156d205dbe03e242459ac81324b8912b45c4d851e824b0fa16d50f0d1c60a,0x490f1d47c41ba36f103a8db40b3c4db532b41899,310338,,
2026-07-24T08:56:11+00:00,18021979,FIRE_USDG_40pct,LIQUIDITY,ADD,0xed1d4a20fad69619969908616225ff46a96a8af9854f4902f04e9a4d7349f804,0x490f1d47c41ba36f103a8db40b3c4db532b41899,310338,,
2026-07-24T09:19:08+00:00,18035682,FIRE_USDG_50pct,LIQUIDITY,ZERO,0x88a2905ee5ad149b4040c71ab8fc97699e2e9a3faaf94e832235a4acbbe26e80,0x1aa511c41636dc4e1dafe5092157eb606da01d03,207093,,
2026-07-24T12:33:38+00:00,18151812,FIRE_USDG_40pct,LIQUIDITY,ADD,0x86c64d2f2976d6f42b4afd5692344c56c39e6aa5980306f6c06226a4537d7b87,0xd0010d99334e89b18f42c1517ad69675113878da,329428,,
2026-07-24T13:11:14+00:00,18174307,FIRE_USDG_50pct,LIQUIDITY,ZERO,0x9400bcf3c87a2ea4c89dd4a7b18e990abee1b0a4466a81f5af3f12e66f8a90f8,0x7777de7a669c6e76e059fae0e15a0ea041fd752c,211961,,
2026-07-24T15:59:45+00:00,18275318,FIRE_USDG_50pct,SWAP,FIRE_TO_USDG,0xdd2baecce69e798ff7544f26b3a478120a04234ba17b12e4573e8c6e34299802,0x44bdba794fe26ed60e2229451c73eb2097f82363,,102356.42731847578,329.501189
2026-07-24T15:59:45+00:00,18275318,FIRE_USDG_40pct,SWAP,FIRE_TO_USDG,0xdd2baecce69e798ff7544f26b3a478120a04234ba17b12e4573e8c6e34299802,0x44bdba794fe26ed60e2229451c73eb2097f82363,,15381.596957264335,47.076097
2026-07-24T15:59:45+00:00,18275319,FIRE_USDG_40pct,SWAP,USDG_TO_FIRE,0x203f02389c183e2bc468da547fc60172b995b1f0ae25a73356fa8ab0751b1e08,0xb4864f7f85eb2fdbd58b4293a2b9bd684fb13336,,20892.76680204539,25.373037
2026-07-24T15:59:45+00:00,18275319,FIRE_USDG_50pct,SWAP,USDG_TO_FIRE,0x4666c008a31e451e8d3c630dca2bbc42bc05f0cc3c9ad314b5c335bd4f0cf1a2,0xe858582b200ed580c840b8c24f37560a68406584,,113667.72704575883,117.384008
2026-07-24T16:01:37+00:00,18276435,FIRE_USDG_50pct,SWAP,USDG_TO_FIRE,0x540816d819d8654e93f3089de0b4df63db6f0599e805ac3c32614312540d7884,0x81a514664f5330b7b9f131691c67a1895a2f4bc6,,7692.456909711918,5.015352
2026-07-24T16:04:25+00:00,18278116,FIRE_USDG_50pct,SWAP,USDG_TO_FIRE,0x70b1124c104e7f8dfe01737b5544dbecc861c3f25cf1bd56c46baf973971292f,0x43370308b53e3611521ba48e2f7632a5644d7b1f,,4045.0592960165,2.544418
2026-07-24T16:16:00+00:00,18285044,FIRE_USDG_50pct,LIQUIDITY,ZERO,0x330b969b66d086318cf9f84bf21f95250f4d822b17e6c4622c26a6ce55cf7b9c,0x271070932c8111fb474a3ef55b9a758fd6b115cc,201426,,
2026-07-24T16:18:29+00:00,18286537,FIRE_USDG_40pct,LIQUIDITY,ZERO,0xa84c333be19c06f41d7b2e95e29d2f8ef28c310927ef60b43b27ebf371a260d6,0x1983824aa3cf023dfd233115e801520b9d49a258,315127,,
2026-07-24T16:18:50+00:00,18286745,FIRE_USDG_40pct,LIQUIDITY,ADD,0x5820046500287b63390fdc7a52dd80bceb84b7d6ae9f19a61b97571be9287f7c,0x1983824aa3cf023dfd233115e801520b9d49a258,315127,,
2026-07-24T16:21:00+00:00,18288047,FIRE_USDG_50pct,SWAP,USDG_TO_FIRE,0x6c6b4aaa9824a3d21e7c0cea6b8310a1499f5d1f518e9cf7de9b8a1c8f9e4d08,0x433700890211c1c776c391d414cffd38efdd1811,,4657.8328240988,2.854402
2026-07-24T16:27:32+00:00,18291959,FIRE_USDG_50pct,LIQUIDITY,ZERO,0x3ffc77dbd801bdefcbf3ea14307840566632204a18ad5b56c556c66fc3ed61f7,0x271070932c8111fb474a3ef55b9a758fd6b115cc,201426,,
2026-07-24T16:29:24+00:00,18293073,FIRE_USDG_50pct,LIQUIDITY,ADD,0xaf7514bb72f00feb7eeb9c64869c30448cceaeb20ed0b4f8988f3e288550e3d3,0x271070932c8111fb474a3ef55b9a758fd6b115cc,201426,,
2026-07-24T18:03:27+00:00,18349428,FIRE_USDG_40pct,SWAP,FIRE_TO_USDG,0xe535bead2b7617eea80045959cebf93a3891eddb5b96e1cb026683e725c489ab,0x29a8260a3f0e15b95cefb0d418b40f3e7439d121,,6505.040111907775,15.314942
2026-07-24T18:03:27+00:00,18349428,FIRE_USDG_50pct,SWAP,FIRE_TO_USDG,0xe535bead2b7617eea80045959cebf93a3891eddb5b96e1cb026683e725c489ab,0x29a8260a3f0e15b95cefb0d418b40f3e7439d121,,22098.791559714067,61.261215
2026-07-24T18:03:27+00:00,18349429,FIRE_USDG_40pct,SWAP,USDG_TO_FIRE,0x196f54a32b18ed5f42bf93c85c76bffbb0fa7d979dc8fa5a53260104d097b929,0xdf465f1a0ec31f5d14e8c61179b71e382f97e794,,9174.547736784783,8.038471
2026-07-24T18:03:27+00:00,18349429,FIRE_USDG_50pct,SWAP,USDG_TO_FIRE,0xa61be5392ead1d2f84d2e9088f3312f8dbc91a029bb41df80361aac0223fbcec,0x95d5a1aa091655dbb5b61cf011b3288ac2f79f92,,18054.640133541987,13.536994
2026-07-24T18:04:12+00:00,18349880,FIRE_USDG_50pct,SWAP,USDG_TO_FIRE,0x13976748c9ec47f275cf18ed6261210d8c36624e6fba3344a21b65d6fd4ff9d1,0x4337011463ef6bd863e47e7b5e743d2522261131,,4210.894902325255,2.939952
2026-07-24T18:10:05+00:00,18353407,FIRE_USDG_50pct,LIQUIDITY,ZERO,0x796827c7bc8725250852f583c2e05a3f1e6ba9687e9d22250b4a7fe6cdc3760d,0x1aa511c41636dc4e1dafe5092157eb606da01d03,207093,,
2026-07-24T18:10:34+00:00,18353693,FIRE_USDG_50pct,LIQUIDITY,ADD,0x0a771ecfe8a389b3c737939b998bd6a0c7706bc4240982b8610bdc60cbd3e37b,0x1aa511c41636dc4e1dafe5092157eb606da01d03,207093,,
2026-07-24T18:11:18+00:00,18354132,FIRE_USDG_50pct,SWAP,USDG_TO_FIRE,0x8ddbf89426cce4bade978c96eb5f25d0e0e04a71058ec9216f00351cefdb89f5,0x81a514664f5330b7b9f131691c67a1895a2f4bc6,,6013.973716279914,4.073008
2026-07-24T18:13:43+00:00,18355595,FIRE_USDG_40pct,SWAP,FIRE_TO_USDG,0x07f95beee6e859751620fb5b61435266803c93b346862ad669318509124d2416,0x29a8260a3f0e15b95cefb0d418b40f3e7439d121,,7114.1926376281535,18.552387
2026-07-24T18:13:43+00:00,18355595,FIRE_USDG_50pct,SWAP,FIRE_TO_USDG,0x07f95beee6e859751620fb5b61435266803c93b346862ad669318509124d2416,0x29a8260a3f0e15b95cefb0d418b40f3e7439d121,,17266.146408910194,50.99988
2026-07-24T18:13:43+00:00,18355596,FIRE_USDG_40pct,SWAP,USDG_TO_FIRE,0xd9e13b883b337272b5fe7116a77c1cce3aab2b25bd5be1328633090937c46d85,0x718a74deadeb8bdcbcbf2fd0e228f4b41b92cab7,,13608.587737265114,12.338182
2026-07-24T18:13:43+00:00,18355596,FIRE_USDG_50pct,SWAP,USDG_TO_FIRE,0x7228a91562d54ce26e73875288b1538ada3317fbdcce9cc194159c7f24a5959d,0x718a74deadeb8bdcbcbf2fd0e228f4b41b92cab7,,34286.605805212304,25.336289
2026-07-24T18:13:51+00:00,18355673,FIRE_USDG_50pct,SWAP,USDG_TO_FIRE,0xc8fcad2e39a6de9447fe52482c5313b47e37cd545a2f909cc4d43ca0de6fe4a5,0x81a514664f5330b7b9f131691c67a1895a2f4bc6,,11405.31968219936,7.362431
2026-07-24T18:24:41+00:00,18362149,FIRE_USDG_50pct,SWAP,USDG_TO_FIRE,0x1347148cb39ca5001db1b7be88e91c25134e8bf2fa4920fdfd6b6ff450fe58ee,0x4337026d731283f9917fa3c9194d74809bfbec26,,6169.6966219472215,3.792264
2026-07-24T18:31:07+00:00,18366023,FIRE_USDG_40pct,LIQUIDITY,ZERO,0xa954b827a375f5c0ed4c8012d14bb8f7fc4c56314cd1b6c99ca7167fcb78de0b,0x490f1d47c41ba36f103a8db40b3c4db532b41899,310338,,
2026-07-24T18:31:27+00:00,18366223,FIRE_USDG_40pct,LIQUIDITY,ADD,0x8916722aba7d177cf3b99bab84c6c2b61937f87fe56f9fb17738b38251347a18,0x490f1d47c41ba36f103a8db40b3c4db532b41899,310338,,
2026-07-24T18:31:58+00:00,18366526,FIRE_USDG_50pct,LIQUIDITY,ZERO,0xc65dd24fadb83e044a1cc56dcddfb9038b7f1cace8a6bf05b664db725f9b8f4e,0x490f1d47c41ba36f103a8db40b3c4db532b41899,320895,,
2026-07-24T18:32:52+00:00,18367067,FIRE_USDG_50pct,LIQUIDITY,ADD,0x0df43714ced9778f10b36d71159ee043d84fd4b5c44809396563697d6aa260b3,0x490f1d47c41ba36f103a8db40b3c4db532b41899,320895,,
2026-07-24T18:36:03+00:00,18368965,FIRE_USDG_40pct,LIQUIDITY,ZERO,0x2d637f9251aaa278e6d904b1abd4c95a574d24635250194300ea4f779d9ec9d7,0x1983824aa3cf023dfd233115e801520b9d49a258,315127,,
2026-07-24T18:36:24+00:00,18369169,FIRE_USDG_40pct,LIQUIDITY,ADD,0xf061bda73146994adf458c39204d14708cc7bda68b46865d64d0fb055e2307a3,0x1983824aa3cf023dfd233115e801520b9d49a258,315127,,
2026-07-24T18:40:36+00:00,18371691,FIRE_USDG_40pct,LIQUIDITY,ADD,0x96f2f8eddac80602c673f9d96621d299753bc72dee9ed9815a60939d4bafe56e,0x1983824aa3cf023dfd233115e801520b9d49a258,315127,,
2026-07-24T18:42:46+00:00,18372991,FIRE_USDG_50pct,LIQUIDITY,ZERO,0x53a018da573ce590a83f051ee05bd0007d2645c3a2e07000b30a3ca313b1181d,0x271070932c8111fb474a3ef55b9a758fd6b115cc,201426,,
2026-07-24T18:43:55+00:00,18373693,FIRE_USDG_50pct,LIQUIDITY,ADD,0xdaef62327b3b6a22ac9ae57889b084f0dcd122e3c4be914c74c74189dcc9dab7,0x271070932c8111fb474a3ef55b9a758fd6b115cc,201426,,
2026-07-24T18:46:39+00:00,18375323,FIRE_USDG_40pct,LIQUIDITY,ZERO,0x66b158ded7bdc22ae4ee9df669d3f1db67b637280535d7878bf9a3a0617f1f97,0xd0010d99334e89b18f42c1517ad69675113878da,329428,,
2026-07-24T19:10:42+00:00,18389727,FIRE_USDG_50pct,LIQUIDITY,ZERO,0xd14155f7fde22824c06f574ccb508496ae08908a884540f88846bc81e6ae0129,0x7777de7a669c6e76e059fae0e15a0ea041fd752c,211961,,
2026-07-24T19:11:55+00:00,18390448,FIRE_USDG_50pct,LIQUIDITY,ADD,0xa90058228dfdc0c05f004ea75ddbf430ed64bd1bd3d1ee853ef27515b579cd6b,0x7777de7a669c6e76e059fae0e15a0ea041fd752c,211961,,
2026-07-24T19:15:37+00:00,18392664,FIRE_USDG_50pct,SWAP,USDG_TO_FIRE,0x6fc8243a1777bbc97c0c443d6a6f4e8e03f631aadaf83cade8f566516b876729,0xeeef618a70e663813331892ee129709845570a1f,,27083.055780436665,15.410715
2026-07-24T19:15:37+00:00,18392665,FIRE_USDG_40pct,SWAP,USDG_TO_FIRE,0x8692c086e75f93ae5585a5e16c696342b1dec0282d116f758dd0aeab18ad94bb,0xfce111095e51bc515e2da7131524868ab27a6f08,,7961.945052512888,4.763326
2026-07-24T20:04:11+00:00,18421742,FIRE_USDG_50pct,LIQUIDITY,REMOVE,0xa95a2f6e14d73587822ff760c43a9138436ad5fbbdae6af5aecb5a80e8081267,0x490f1d47c41ba36f103a8db40b3c4db532b41899,320895,,
2026-07-24T20:05:32+00:00,18422548,FIRE_USDG_40pct,LIQUIDITY,ADD,0xcc81782694604b87733253d445944fdb9fc3174b3851e6ca846730dd8ec4d4e8,0x490f1d47c41ba36f103a8db40b3c4db532b41899,310338,,
2026-07-24T20:18:12+00:00,18430127,FIRE_USDG_50pct,LIQUIDITY,ADD,0x380a470e2c75466a2e00252bc407a5032a8e796a91b5a2f8bb5ce6a316c34a56,0x490f1d47c41ba36f103a8db40b3c4db532b41899,338210,,
2026-07-24T20:30:34+00:00,18437535,FIRE_USDG_40pct,LIQUIDITY,ZERO,0x43288cfad6f5a385c7a40ece37a8ccc931cbaa4c0a53d2530ac5dcdb5ff6e0c3,0x1983824aa3cf023dfd233115e801520b9d49a258,315127,,
2026-07-24T20:48:08+00:00,18448053,FIRE_USDG_50pct,LIQUIDITY,ZERO,0x3cd15dd6c256f0ff05c47cb816558d6124425b9427be4d78819edc27eac19c22,0x1aa511c41636dc4e1dafe5092157eb606da01d03,207093,,
2026-07-24T20:49:44+00:00,18449010,FIRE_USDG_40pct,LIQUIDITY,ZERO,0xc0c8e439803389440a73b1eb253f0e6045e18b3563c3ee1939db1d52fe82d7a8,0xc6312da2663570a2aee12b27a0c6da4683339acd,206269,,
2026-07-24T21:09:45+00:00,18460997,FIRE_USDG_40pct,LIQUIDITY,ADD,0x9a38f7d7bc587ed9ada168c3f338011973cb4d75f299065ac2d091c450b63251,0x1aa511c41636dc4e1dafe5092157eb606da01d03,338761,,
2026-07-24T21:15:22+00:00,18464356,FIRE_USDG_40pct,LIQUIDITY,ADD,0x217dfe76952db0bc6e0e7b02df1959552d804613423c3049aa1e81c14bb76fc7,0xd0010d99334e89b18f42c1517ad69675113878da,338831,,
2026-07-24T21:15:48+00:00,18464618,FIRE_USDG_40pct,LIQUIDITY,ZERO,0x1f0c99fc922d08800d6627e2ac57f3bedb797a1ff3bea41514d32762c419e73a,0xd0010d99334e89b18f42c1517ad69675113878da,329428,,
2026-07-24T22:07:52+00:00,18495776,FIRE_USDG_50pct,LIQUIDITY,ZERO,0xc3bf70ccde8200410af32602f8657beba81f787f90120632821ce8cd40a24e4a,0x2179ecfa0619c125ca0fd28599cede9c239fbf2b,320817,,
2026-07-24T22:08:15+00:00,18496003,FIRE_USDG_50pct,LIQUIDITY,ADD,0x1af19b7a1433faa7b0b91ab55b47d68438bd2b0d0ae244d542cc0f608985a08b,0x2179ecfa0619c125ca0fd28599cede9c239fbf2b,320817,,
2026-07-25T00:11:50+00:00,18569962,FIRE_USDG_50pct,LIQUIDITY,ZERO,0x92e2106af14eb2301317a93e1ff56b6451f091207db1b55f31480ed5231c220d,0xe49193acd219557a150e35ccc2a66f89c42482e6,188625,,
2026-07-25T03:52:31+00:00,18701871,FIRE_USDG_50pct,SWAP,USDG_TO_FIRE,0x5343f529dde83de5a69f167746ef76f95f9350fe3a2c7e1f663e5caf9e71f257,0x4337007ab182ebe9cdb0bc4b96734c32176d44cc,,9850.281982333738,5.17913
2026-07-25T08:55:59+00:00,18882899,FIRE_USDG_40pct,LIQUIDITY,ADD,0xa227a71be86bc8b9c77075e8c561a925b1ed966205d28b5a98b4bf8417ce24e1,0xe49193acd219557a150e35ccc2a66f89c42482e6,346112,,
2026-07-25T11:51:46+00:00,18987822,FIRE_USDG_50pct,LIQUIDITY,ZERO,0x684f4b9ae36f40ce64598cc63e44e990776c45f2440c45a9fae76d10ec08ecef,0x490f1d47c41ba36f103a8db40b3c4db532b41899,338210,,
2026-07-25T13:43:17+00:00,19054510,FIRE_USDG_40pct,LIQUIDITY,REMOVE,0x1ca4ed81a1d530470d29ad070219e163bd7afbdf3723e7a05b795cad73a070db,0xd0010d99334e89b18f42c1517ad69675113878da,329428,,
2026-07-25T13:47:34+00:00,19057068,FIRE_USDG_50pct,LIQUIDITY,ZERO,0x9fddf225e28bde1dcb70c50a653b85012b17854ca3d815050c6f6558803b7ad0,0x7777de7a669c6e76e059fae0e15a0ea041fd752c,211961,,
2026-07-25T23:15:12+00:00,19396599,FIRE_USDG_40pct,SWAP,FIRE_TO_USDG,0x10e370f62978d95df058b0b38c81d162b72ada45c3edaf8213f65e79c316ff7f,0x1edb56b951d492a0f18b3adeab2f1880e487fa9f,,1227.58166518577,1.863404
2026-07-25T23:40:30+00:00,19411729,FIRE_USDG_50pct,SWAP,USDG_TO_FIRE,0x655f24cffb634f7149ebe98a3b51834b234b933b9f9be86ad35d018b43c82c26,0xe71411ebb40224f0043d21ee440829156f4fab0a,,2543.0,1.305911
2026-07-26T07:21:38+00:00,19687264,FIRE_USDG_40pct,SWAP,USDG_TO_FIRE,0x08e50bfda808b7991599da01be574023be05212e60225203e5d1b8228b96c660,0x4337004ec9c1417f1c7a26ebd4b4fbed6acf9e5d,,6277.083525423277,3.323093
2026-07-26T07:22:12+00:00,19687599,FIRE_USDG_50pct,SWAP,USDG_TO_FIRE,0x08cd4620309c75d71b3b082eeb42b0827a7c1d7976872fdedbc2f7b9e748f213,0xfad4c8f1e71e4c56b87733bd916ff7cff46c6c29,,17789.37,8.797432
2026-07-26T07:38:34+00:00,19697387,FIRE_USDG_40pct,LIQUIDITY,REMOVE,0xe8030bce4bb035df2aed75a9270fbebdefd8f28f4788c73d1bebdde9fb2c2320,0x490f1d47c41ba36f103a8db40b3c4db532b41899,310338,,
2026-07-26T07:39:41+00:00,19698053,FIRE_USDG_50pct,LIQUIDITY,REMOVE,0x683d9f5ee182c6ae363fd5ad5d9ca545c16a893fd5755c75dcc82f8efe8cf433,0x490f1d47c41ba36f103a8db40b3c4db532b41899,338210,,
2026-07-26T12:05:15+00:00,19856776,FIRE_USDG_40pct,SWAP,FIRE_TO_USDG,0x995f21fea990685bc4d6228b95a68e1552cbd117e98f8587c8023f1ce01e9a51,0x1c7af9ef66af0c6eff165a085b2730ee07472b33,,1318.9016836274382,1.88608
2026-07-26T15:48:44+00:00,19990504,FIRE_USDG_50pct,LIQUIDITY,ZERO,0x2c01e6a532b263bbba24de7b0d5791396ef8d9e7e6ace45bded0c8fe8a0096f3,0x7777de7a669c6e76e059fae0e15a0ea041fd752c,211961,,
2026-07-26T16:40:02+00:00,20021264,FIRE_USDG_40pct,SWAP,USDG_TO_FIRE,0x036c9da13f534059d5feb064f85e0c069caa48f3b157271b31ccd373406c8a29,0x4337019d937ebcbd73dd750072d86c1ce664b350,,4631.819918130974,2.334657
2026-07-26T16:59:40+00:00,20033033,FIRE_USDG_40pct,LIQUIDITY,ZERO,0xa5ab1d58d0015e4b4ca00f9511dcf719abf8ebf8532c35b9dbb3ec91d651b7c2,0xd0010d99334e89b18f42c1517ad69675113878da,338831,,
2026-07-26T17:33:27+00:00,20053303,FIRE_USDG_40pct,LIQUIDITY,REMOVE,0x8735626ce77fb29e290fa6ac2e9a5c55becd53b014a7e82ea17726d77b70943b,0xd0010d99334e89b18f42c1517ad69675113878da,338831,,
2026-07-26T18:01:54+00:00,20070357,FIRE_USDG_50pct,SWAP,USDG_TO_FIRE,0x32a82de7044d8291c285b99e8916182854087d625eae549d6611a5880500f06a,0xeeef618a70e663813331892ee129709845570a1f,,23711.95897608764,10.857514
2026-07-26T18:49:27+00:00,20098837,FIRE_USDG_40pct,SWAP,USDG_TO_FIRE,0x64fa0aa1c397a6b32f8bdff2c53a9bb079e8ce156b5418351aa19d9b8c41e791,0x433702948d7be4201a2bcee6c349ad807c547a5d,,5201.5531441582625,2.401443
2026-07-26T20:05:24+00:00,20144334,FIRE_USDG_50pct,SWAP,USDG_TO_FIRE,0x159c64034d5948d14b90f97676149c33a011450b07ee183bb126ea07076eb581,0xeeef618a70e663813331892ee129709845570a1f,,24914.90385964636,10.443262
2026-07-26T20:06:09+00:00,20144775,FIRE_USDG_40pct,SWAP,USDG_TO_FIRE,0x50cfbe113e3513708e67281c4deb85eb8e812cb71adab1de79c9c84bd9d67076,0xfce11108e69699329c11e0882af3570a9825ad1d,,4769.9245144905935,2.015483
2026-07-26T20:09:37+00:00,20146865,FIRE_USDG_50pct,SWAP,USDG_TO_FIRE,0x61765728c828a35c2745888d4f902b426a0fc9bc6cbb7a5b2f1402c53b34e319,0x81a514664f5330b7b9f131691c67a1895a2f4bc6,,11100.578178142174,4.366887
2026-07-26T20:11:40+00:00,20148080,FIRE_USDG_50pct,SWAP,USDG_TO_FIRE,0x7e9eca7202bd22a619e43374079762d3725518751b8b6b337966c5628cb621d1,0xeeef618a70e663813331892ee129709845570a1f,,32144.708489786455,11.760721
2026-07-26T20:11:40+00:00,20148081,FIRE_USDG_40pct,SWAP,USDG_TO_FIRE,0xd932ac75d98c17d4657d10968a80e5ad91f6a42c3ff29bcbc118e19b21585bfe,0xb18192f07549bd799d4ac5ca8f93aaa722454118,,8292.703232242722,3.140493
2026-07-26T20:34:59+00:00,20162041,FIRE_USDG_40pct,LIQUIDITY,ZERO,0x7efe9a1d9b30f8578be9ed888ca08745f2c40d68a78023a209fee8d2facd996c,0x1983824aa3cf023dfd233115e801520b9d49a258,315127,,
2026-07-26T20:53:33+00:00,20173156,FIRE_USDG_50pct,LIQUIDITY,ZERO,0xc3eba761bbf6ac6b0e4b1d74894ef835540a7424a94263c36a3a73103837bd40,0x1aa511c41636dc4e1dafe5092157eb606da01d03,207093,,
2026-07-26T20:56:19+00:00,20174809,FIRE_USDG_50pct,LIQUIDITY,ZERO,0x84516d7c53e4149c127fd77822c29d97c2a01b860744f11dd4822f63c9fa00db,0x7777de7a669c6e76e059fae0e15a0ea041fd752c,211961,,
2026-07-26T22:46:18+00:00,20240624,FIRE_USDG_40pct,SWAP,USDG_TO_FIRE,0x0e8761a434d77192d252711ea37f5bf9036540543cc62b7b302ac27cb97c98bc,0x4337007ab182ebe9cdb0bc4b96734c32176d44cc,,6844.6432008003,2.296555
2026-07-26T23:26:30+00:00,20264692,FIRE_USDG_50pct,LIQUIDITY,ZERO,0x32871a5856a8849749a9750bd85f5769a0a047e9c5fba48b7e07447bf1d156cf,0x2179ecfa0619c125ca0fd28599cede9c239fbf2b,320817,,
2026-07-27T00:46:28+00:00,20312509,FIRE_USDG_50pct,LIQUIDITY,ZERO,0x2bb225ba30d9e47f559f7e6b97aede47f73edb35f6a4cff24f3c3e52449fdac9,0xe49193acd219557a150e35ccc2a66f89c42482e6,188625,,
2026-07-27T00:48:45+00:00,20313889,FIRE_USDG_40pct,LIQUIDITY,ZERO,0x56c1a377440dbd45996cbed256d0163418be0473a93e69ef7d9ce6c1d70d9e56,0xe49193acd219557a150e35ccc2a66f89c42482e6,346112,,
2026-07-27T00:58:23+00:00,20319644,FIRE_USDG_50pct,LIQUIDITY,REMOVE,0x1a9401b88d41f5a5a347250d5823f0e39a3ca68cb372b65041202a06aa74bbba,0x490f1d47c41ba36f103a8db40b3c4db532b41899,338210,,
2026-07-27T01:34:00+00:00,20340943,FIRE_USDG_40pct,LIQUIDITY,ADD,0xe11038d8d04fa417d487e4aa792e8fc11208662e1888bf359e10454e3b48d1d1,0x490f1d47c41ba36f103a8db40b3c4db532b41899,310338,,
2026-07-27T01:56:41+00:00,20354494,FIRE_USDG_40pct,SWAP,FIRE_TO_USDG,0xeae961abe0dad41cd8dbc210dd09d13f0b60b847416bf4bdeb45f9ba83062cc9,0xf71eaa3a1be24fe2f1deef742269c31a911ce754,,60488.7661164798,187.577479
2026-07-27T01:56:41+00:00,20354494,FIRE_USDG_50pct,SWAP,FIRE_TO_USDG,0xeae961abe0dad41cd8dbc210dd09d13f0b60b847416bf4bdeb45f9ba83062cc9,0xf71eaa3a1be24fe2f1deef742269c31a911ce754,,194778.41169645722,750.110459
2026-07-27T01:56:41+00:00,20354494,FIRE_USDG_40pct,SWAP,USDG_TO_FIRE,0x0be0c91ceeda08475fd42d59888d493ffb781ec44de77cfb71a82e00081f2286,0xb4864f7f85eb2fdbd58b4293a2b9bd684fb13336,,67127.14040824848,98.461223
2026-07-27T01:56:41+00:00,20354494,FIRE_USDG_50pct,SWAP,USDG_TO_FIRE,0xc9ad3062f9b616ef1b1d1f668fed160c1fed586ca38e50519434bf327a927489,0xb4864f7f85eb2fdbd58b4293a2b9bd684fb13336,,242789.71593961597,307.98461
2026-07-27T01:56:41+00:00,20354496,FIRE_USDG_50pct,SWAP,USDG_TO_FIRE,0x06a96fea1c1aad20fa91232e5c83485a739e6059448bb34c8380734375db8fb9,0x8c8ad14cbebc65c6af15c484098c501f08ecb611,,21687.851687645212,12.473195
2026-07-27T02:06:43+00:00,20360497,FIRE_USDG_50pct,LIQUIDITY,ZERO,0x8cde6d0a86b2105b34dfcc3719ecbf25846716521af54a4f10bc3a138f5b9526,0x2179ecfa0619c125ca0fd28599cede9c239fbf2b,320817,,
2026-07-27T02:07:37+00:00,20361030,FIRE_USDG_50pct,LIQUIDITY,ADD,0x6f61ef3e04b34365ea33ee2b21c59ddc043eda4c8abe522e3eb29fbbc89b24f5,0x2179ecfa0619c125ca0fd28599cede9c239fbf2b,320817,,
2026-07-27T02:08:19+00:00,20361451,FIRE_USDG_40pct,LIQUIDITY,ZERO,0xaca1213923dafab1f0c8f8083f49fcaeceb993bc7d0076806dd3f90194830921,0x1983824aa3cf023dfd233115e801520b9d49a258,315127,,
2026-07-27T02:08:50+00:00,20361760,FIRE_USDG_40pct,LIQUIDITY,ADD,0x58729440a8292169cf56c1a6e08c75f16902e93d0b9cb994784b92e4ae3f42e9,0x1983824aa3cf023dfd233115e801520b9d49a258,315127,,
2026-07-27T02:11:34+00:00,20363392,FIRE_USDG_50pct,LIQUIDITY,ZERO,0x1c783f3f1a122acde2b0c4b88f5823a6f6cf291c9580ae7e782a18790ce2cf4d,0x271070932c8111fb474a3ef55b9a758fd6b115cc,201426,,
2026-07-27T02:12:28+00:00,20363938,FIRE_USDG_50pct,LIQUIDITY,ADD,0xfa9b234f1696404d7faa988d47929ee0ebb3e427cf77a6cc293b7c83ca1f9d68,0x271070932c8111fb474a3ef55b9a758fd6b115cc,201426,,
2026-07-27T02:14:55+00:00,20365401,FIRE_USDG_50pct,SWAP,USDG_TO_FIRE,0xa7572b706ba4e0e23fe3fcb2dcb278da6ce2d46142f80cd381aa1990da44b9bd,0x1983824aa3cf023dfd233115e801520b9d49a258,,6041.599301933559,3.285166
2026-07-27T02:29:35+00:00,20374164,FIRE_USDG_40pct,LIQUIDITY,ZERO,0xd8faeba56b03ac05fb7d42be5b6d495c0a2e2478dc5b57a10cf227edc4c16684,0x490f1d47c41ba36f103a8db40b3c4db532b41899,310338,,
2026-07-27T02:30:05+00:00,20374468,FIRE_USDG_40pct,LIQUIDITY,ADD,0x8c10c0ac37ee1c8393cca1aabdf16770bdb561e5e25c8231b2d02da8ae72571d,0x490f1d47c41ba36f103a8db40b3c4db532b41899,310338,,
2026-07-27T02:36:24+00:00,20378248,FIRE_USDG_50pct,SWAP,USDG_TO_FIRE,0x8833948f0f6bc8398085162f19834336a3dc0abdca62c38ba0270525dba04c61,0xeeef618a70e663813331892ee129709845570a1f,,16871.59343130513,8.830009
2026-07-27T02:43:33+00:00,20382514,FIRE_USDG_40pct,SWAP,USDG_TO_FIRE,0x88de39808ac0335c509d0a853382fef16634d9d4d5d185b468ecb158982d60a8,0x4337012eaf1f862b8dbdc6b62a01782ae01ef038,,11832.3889739029,5.938436
2026-07-27T02:47:26+00:00,20384836,FIRE_USDG_50pct,LIQUIDITY,ZERO,0x03b2fc2ac86c4a67e0ab8cb35176b73447c63664b6640dcc69e12a0864267aee,0x7777de7a669c6e76e059fae0e15a0ea041fd752c,211961,,
2026-07-27T02:49:00+00:00,20385771,FIRE_USDG_50pct,LIQUIDITY,ADD,0x1d0e2b304104d3518a8f0f67c2eb3e2f874c66b29efc3b29181c5083fe351971,0x7777de7a669c6e76e059fae0e15a0ea041fd752c,211961,,
2026-07-27T02:49:47+00:00,20386239,FIRE_USDG_40pct,LIQUIDITY,ZERO,0x729384ff8ae5a551ded020ebfd1c04ffd6a30902bca0d794a48e361dee98a19e,0x1983824aa3cf023dfd233115e801520b9d49a258,315127,,
2026-07-27T02:50:04+00:00,20386406,FIRE_USDG_40pct,LIQUIDITY,ADD,0x833b5b129bc659a675f9fd3111048ade586da823461ff929c04e56956e6673b5,0x1983824aa3cf023dfd233115e801520b9d49a258,315127,,
2026-07-27T02:54:38+00:00,20389139,FIRE_USDG_50pct,SWAP,USDG_TO_FIRE,0x0300e25418ec3059428f74fb8cf1e8853b2fbb6f565d8041f85572e9e49fd3b8,0x4337017d2e3f5e4160a27f6fdbdc38719343c62f,,18519.33037487038,9.175924
2026-07-27T02:57:32+00:00,20390883,FIRE_USDG_40pct,LIQUIDITY,ZERO,0x577fbb8c159fa7070f73bf50dcbd705b103e5bdc380a8bb0dad4e862ddb7469f,0x490f1d47c41ba36f103a8db40b3c4db532b41899,310338,,
2026-07-27T02:59:45+00:00,20392201,FIRE_USDG_50pct,LIQUIDITY,ZERO,0x55525489698fea964178b285edfcc41e8f3fa8a8604dd6334071ab5403cbe5e2,0x2179ecfa0619c125ca0fd28599cede9c239fbf2b,320817,,
2026-07-27T03:13:33+00:00,20400440,FIRE_USDG_50pct,LIQUIDITY,ADD,0xdc061bb886e9abe4c5634d9697c75d1cecf20fed13db56d475781e07a3a15d59,0x490f1d47c41ba36f103a8db40b3c4db532b41899,369065,,
2026-07-27T03:30:55+00:00,20410823,FIRE_USDG_40pct,LIQUIDITY,ADD,0x0ee52d8a91a2eb17d196e1e776c03345bec08ddae51c44d1dfaf216cbd53b0b4,0x490f1d47c41ba36f103a8db40b3c4db532b41899,310338,,
2026-07-27T03:36:31+00:00,20414172,FIRE_USDG_50pct,LIQUIDITY,ADD,0x9f7e6b5ec9337f1defd560bad4b489585a712e926edbedfcba963541871167c7,0x490f1d47c41ba36f103a8db40b3c4db532b41899,369065,,
2026-07-27T06:50:54+00:00,20530322,FIRE_USDG_40pct,LIQUIDITY,ZERO,0x92056c3c52e43c5e77dcefe2052fc40e1ea2a66a15859bf30919dde192492f5f,0xc6312da2663570a2aee12b27a0c6da4683339acd,206269,,
2026-07-27T07:58:29+00:00,20570751,FIRE_USDG_50pct,SWAP,USDG_TO_FIRE,0x717b53794bff024222a3df8e55a6be6e967e6f66b4a6139a7ad4978d78854e5b,0xeeef618a70e663813331892ee129709845570a1f,,27319.31280177425,12.700519
2026-07-27T09:33:43+00:00,20627607,FIRE_USDG_40pct,LIQUIDITY,ADD,0x9d03abb55c71ea91ac41f25351369b12edcecf72753a6b87c5b29eb32216f5cb,0xa1e4bca023d741bd8d8609875ceef2abd8d755a3,371611,,
2026-07-27T11:33:19+00:00,20699089,FIRE_USDG_40pct,LIQUIDITY,REMOVE,0x6eb7c2bb4dc20ecd597bb14d208914f94ab5184adb55767ed2fc642cc40ca21d,0x1983824aa3cf023dfd233115e801520b9d49a258,315127,,
2026-07-27T12:48:04+00:00,20743785,FIRE_USDG_40pct,LIQUIDITY,ZERO,0xf1a0ae99692c7619b65c487b2487ade95ec2e3737bd148e9d6410c0df6abe9d0,0x1aa511c41636dc4e1dafe5092157eb606da01d03,338761,,
2026-07-27T12:48:18+00:00,20743928,FIRE_USDG_40pct,LIQUIDITY,ADD,0xdf73f34fa3b40855fd795a025a3cab496fb6713bf8af50970259221787dad309,0x1aa511c41636dc4e1dafe5092157eb606da01d03,338761,,
2026-07-27T12:49:41+00:00,20744746,FIRE_USDG_50pct,LIQUIDITY,ZERO,0x055a01d5f1c03b136f826604c977271fd16ce34f693bd6f7e50cc342dc8dc076,0x1aa511c41636dc4e1dafe5092157eb606da01d03,207093,,
2026-07-27T12:49:47+00:00,20744809,FIRE_USDG_40pct,LIQUIDITY,ZERO,0x65871beb871a322c3cac89b96137038a0ca88b94bacd25e0b122c2a47b8ac6bb,0xe49193acd219557a150e35ccc2a66f89c42482e6,346112,,
2026-07-27T12:49:56+00:00,20744903,FIRE_USDG_50pct,LIQUIDITY,ADD,0xe13c71ec1d3f91ff9415ecae1328e28c663c60d2b63fcbd68b3b559e52ef0bec,0x1aa511c41636dc4e1dafe5092157eb606da01d03,207093,,
2026-07-27T12:52:00+00:00,20746143,FIRE_USDG_50pct,LIQUIDITY,ZERO,0x751872f5dd80ece210afc8428ae30348984fda08617597d0605fca600f46bc03,0xe49193acd219557a150e35ccc2a66f89c42482e6,188625,,
2026-07-27T13:06:16+00:00,20754676,FIRE_USDG_50pct,SWAP,USDG_TO_FIRE,0x5717d76e8646d3e2983d565210ccc95b5cb61ae0d81c82a84d5b0eb8b175ea65,0x43370330be39d388f6219d8241dc1f76fb9df268,,4679.502885037473,2.084315
2026-07-27T13:17:55+00:00,20761649,FIRE_USDG_50pct,SWAP,USDG_TO_FIRE,0x21a046825df41f82a72ba52a52a2be46f7a609f56f8bad6d11fc9a7b41683aa8,0x2f878417db3b6a61388bb620ff4f8be745cae66e,,15233.80988802789,6.620461
2026-07-27T13:55:17+00:00,20784022,FIRE_USDG_40pct,SWAP,USDG_TO_FIRE,0xdfef287a4a46121ca8bce8e9dc1052af434cced44422621119ed86088c727c21,0x4337002c5702ce424cb62a56ca038e31e1d4a93d,,9346.3422642319,3.951908
2026-07-27T15:18:30+00:00,20833886,FIRE_USDG_50pct,LIQUIDITY,ZERO,0xd2535a2507fe8e56e06551901bf7ba63cdcd301988c8c271d0fb32aab0e2ce5c,0x271070932c8111fb474a3ef55b9a758fd6b115cc,201426,,
2026-07-27T15:18:54+00:00,20834125,FIRE_USDG_50pct,LIQUIDITY,REMOVE,0xa420fba62b21305e7a2c4d3945dcfae142eb9419134a18024d369de8f5a94d8b,0x271070932c8111fb474a3ef55b9a758fd6b115cc,201426,,
2026-07-27T16:00:52+00:00,20859296,FIRE_USDG_50pct,LIQUIDITY,ZERO,0xee06f787a446f6c4db4403ce5fc17f8b5e38637b2019981cf9929db9284e527c,0x7777de7a669c6e76e059fae0e15a0ea041fd752c,211961,,
2026-07-27T20:37:34+00:00,21023575,FIRE_USDG_40pct,LIQUIDITY,ZERO,0x0a473eb4f8648079e0c5cde5a828e7f6e1760fd3d8453802c2b6c00aa0063cd3,0xa1e4bca023d741bd8d8609875ceef2abd8d755a3,371611,,
2026-07-27T22:25:55+00:00,21088413,FIRE_USDG_40pct,LIQUIDITY,ADD,0xb7fe99424a8c1e54029ac613de73e03fd6a0ee942a88326cdc71f4a2d9999784,0x9dfdbeb37f2fd8744db65f6752c66beba351bdee,378847,,
2026-07-27T22:33:58+00:00,21093233,FIRE_USDG_50pct,LIQUIDITY,ZERO,0x494bc61fef58b7f8d426ff9098352f379936d56e245730ea1cc63b22f5ce2c91,0x2179ecfa0619c125ca0fd28599cede9c239fbf2b,320817,,
2026-07-27T22:34:10+00:00,21093347,FIRE_USDG_50pct,LIQUIDITY,ADD,0xe297b9577652dc4912b8c065c4ffd6e1e18a32e8c20dd39f3c5e5586b72f750e,0x2179ecfa0619c125ca0fd28599cede9c239fbf2b,320817,,
2026-07-28T00:09:20+00:00,21150283,FIRE_USDG_40pct,LIQUIDITY,ZERO,0x7b40066d786b0266672813306a41f6395399e93b34d282e4c72e5e2474772195,0xe49193acd219557a150e35ccc2a66f89c42482e6,346112,,
2026-07-28T00:11:02+00:00,21151304,FIRE_USDG_50pct,LIQUIDITY,ZERO,0x326b0cdb72cd44425b41e4315a3f7508a14bf00f965ef29bc7b37a9682f82d49,0xe49193acd219557a150e35ccc2a66f89c42482e6,188625,,
2026-07-28T00:16:29+00:00,21154561,FIRE_USDG_50pct,LIQUIDITY,ADD,0xe3a5c061b17ae3860258ea4e709c6a0550f027a1fc92903f2fbffce6a3260d95,0xe49193acd219557a150e35ccc2a66f89c42482e6,188625,,
2026-07-28T00:22:46+00:00,21158318,FIRE_USDG_50pct,LIQUIDITY,REMOVE,0xc56723ca0a2007f69e558ee6ed7b196aa6f6a6d08dd8935d85bc3c8ea86e0d1e,0x7777de7a669c6e76e059fae0e15a0ea041fd752c,211961,,
2026-07-28T00:24:11+00:00,21159170,FIRE_USDG_40pct,LIQUIDITY,ADD,0x31cffe8ca73da8ce8e345e823e8ec61c118c4be18fa4cdcec5ad7652e82bdd59,0x7777de7a669c6e76e059fae0e15a0ea041fd752c,379757,,
2026-07-28T02:59:09+00:00,21251897,FIRE_USDG_50pct,LIQUIDITY,REMOVE,0x9faa94431845c8e6aa66a8932da52d71dcf792a8fe03dce34a4958a6a96d1cec,0x490f1d47c41ba36f103a8db40b3c4db532b41899,369065,,
2026-07-28T13:55:37+00:00,21644109,FIRE_USDG_50pct,SWAP,USDG_TO_FIRE,0xe45e9e6555225d6c299a1df3203c1249435eab2d5c5bba926cbbac17e06ccb8d,0xeeef618a70e663813331892ee129709845570a1f,,19333.428118562624,8.004376
2026-07-28T17:40:22+00:00,21778655,FIRE_USDG_50pct,LIQUIDITY,ZERO,0x36aafe4a3068683eb06eb003850782119b9854c9a04b9fa795b0f7c6c1010322,0x1aa511c41636dc4e1dafe5092157eb606da01d03,207093,,
2026-07-28T20:26:19+00:00,21877909,FIRE_USDG_50pct,SWAP,USDG_TO_FIRE,0x439a8d1caadc97c6755558c5a9956af17cce236c337859eae0ac2cf8a28de245,0xeeef618a70e663813331892ee129709845570a1f,,25946.91219435009,10.056027
2026-07-28T20:29:47+00:00,21879972,FIRE_USDG_40pct,SWAP,USDG_TO_FIRE,0x7ff8e745d14ac0f798fe449114c5cd5dd58790df090b415c407e6218f7b0d407,0x4337013ef5cd421cef649fc58c1b0defd37bbeb1,,14769.654087059926,5.425599
2026-07-28T20:29:47+00:00,21879972,FIRE_USDG_50pct,SWAP,USDG_TO_FIRE,0x7ff8e745d14ac0f798fe449114c5cd5dd58790df090b415c407e6218f7b0d407,0x4337013ef5cd421cef649fc58c1b0defd37bbeb1,,26585.377356707864,9.567252
2026-07-28T20:30:35+00:00,21880453,FIRE_USDG_50pct,LIQUIDITY,ZERO,0x8ce9a4e8db0fbeaea91823e7ba35ab580519d51953727ac57eb1a7d611565002,0xe49193acd219557a150e35ccc2a66f89c42482e6,188625,,
2026-07-28T20:55:18+00:00,21895244,FIRE_USDG_40pct,LIQUIDITY,ZERO,0x79d3a671239361b08e28950520e77ff8b440b95da4d771c5648be3896079d0c8,0xa1e4bca023d741bd8d8609875ceef2abd8d755a3,371611,,
2026-07-28T21:42:28+00:00,21923483,FIRE_USDG_50pct,SWAP,USDG_TO_FIRE,0x958497332bd5c1f528a51f1bf7c5c6ea7ac4cd655eba8469bf337a722e3582c2,0x81a514664f5330b7b9f131691c67a1895a2f4bc6,,9859.092733147161,3.374431
2026-07-28T21:43:39+00:00,21924200,FIRE_USDG_50pct,SWAP,USDG_TO_FIRE,0x82e9fb85e0fe84038419385fb8efea6eab1d9ede1c43d35bc5e1651ae5eb7307,0xeeef618a70e663813331892ee129709845570a1f,,43506.55694761105,13.883078
2026-07-28T21:43:39+00:00,21924200,FIRE_USDG_40pct,SWAP,USDG_TO_FIRE,0x119275105e06f56f32d36ae29651b8b96a1eac1744bcd82f913e2318dbf88ae9,0x7081e9256628cd654034195ecffca45993970625,,15764.02349288489,5.14795
2026-07-28T21:46:17+00:00,21925772,FIRE_USDG_50pct,SWAP,USDG_TO_FIRE,0xd14b2b298e0aba7e3d7d8606ffb2fba638bfe0adc9ed77c96dcc0098266d6ff8,0x81a514664f5330b7b9f131691c67a1895a2f4bc6,,14731.232112448708,4.35998
2026-07-28T22:07:05+00:00,21938250,FIRE_USDG_50pct,LIQUIDITY,ZERO,0x704dba3ba27bae334b6f9d44d652247b1a4eaa632e25a1bc24824318ee49fc30,0xe49193acd219557a150e35ccc2a66f89c42482e6,188625,,
2026-07-28T22:35:30+00:00,21955294,FIRE_USDG_50pct,LIQUIDITY,ZERO,0x9020aeb8c7430c7ed6188006d92e1b9ad95ce0c63f2ec5a5bbc693de90c70c11,0x1aa511c41636dc4e1dafe5092157eb606da01d03,207093,,
2026-07-28T22:38:27+00:00,21957059,FIRE_USDG_40pct,LIQUIDITY,ADD,0xfc978ca28202e0d75330d9216e8c5f666c4cc5d86f178774e51c1c9996550c26,0x1aa511c41636dc4e1dafe5092157eb606da01d03,389503,,
2026-07-28T22:51:05+00:00,21964629,FIRE_USDG_40pct,LIQUIDITY,ZERO,0x956f126752ada37f5aa65ff6c60db2eaab72009dcd51782b1a96d5398e616097,0xe49193acd219557a150e35ccc2a66f89c42482e6,346112,,
2026-07-29T02:11:49+00:00,22085042,FIRE_USDG_50pct,LIQUIDITY,ZERO,0x0350264923c82c9a5aa281de0a1e60a7c634598216ad59dd240f311e007fb6b0,0x7777de7a669c6e76e059fae0e15a0ea041fd752c,211961,,
2026-07-29T02:12:02+00:00,22085165,FIRE_USDG_50pct,LIQUIDITY,ADD,0x791456bbc745bef175c3a16b2d5b971962ddba1cc9137990b38621773f93e499,0x7777de7a669c6e76e059fae0e15a0ea041fd752c,211961,,
2026-07-29T05:55:37+00:00,22218851,FIRE_USDG_40pct,SWAP,USDG_TO_FIRE,0x0511e8f74be617b6f6316f68a3bace2e6251428250b299f0da008ad606391890,0xfce111029a620c7aa50f3d85c2cefcf5ee70c236,,8452.711712134042,2.530893
2026-07-29T06:24:37+00:00,22236184,FIRE_USDG_50pct,SWAP,USDG_TO_FIRE,0x3df7ca6c08a92c68215340262df17a020dead9ac6ca3cb6297ae4079dad8f39b,0x338d0cd039d0f2511ae9858a2cbbe4d73052e0f6,,114537.79407317466,29.259643
2026-07-29T06:24:37+00:00,22236184,FIRE_USDG_40pct,SWAP,USDG_TO_FIRE,0x5ebebfc6ae2528cc2bd7054d5e632c23b2e8b31ccab07ea7ef3b3751318d42d2,0x7081e9256628cd654034195ecffca45993970625,,40492.914199143466,10.425325
2026-07-29T06:57:54+00:00,22256052,FIRE_USDG_50pct,LIQUIDITY,ZERO,0x464fcc71911ccb997d0022cbb140561a9ad15188cee6d0f85abcfb3a710abd48,0x2179ecfa0619c125ca0fd28599cede9c239fbf2b,320817,,
2026-07-29T07:00:25+00:00,22257564,FIRE_USDG_40pct,LIQUIDITY,ZERO,0xf8d51ff40ad5744d6740dc74144b860e8169b1f566845d1657bb6bb87c3d8f09,0xa1e4bca023d741bd8d8609875ceef2abd8d755a3,371611,,
2026-07-29T07:57:56+00:00,22291923,FIRE_USDG_50pct,LIQUIDITY,REMOVE,0x34948c5cfcc1f8014a1e1dc906ad78a3b709120c410d81b72d98c575196e4d3a,0x490f1d47c41ba36f103a8db40b3c4db532b41899,369065,,
2026-07-29T08:03:07+00:00,22295011,FIRE_USDG_40pct,LIQUIDITY,ZERO,0x76d232e5f4295eabfcc9a332f4cc00bb58f833efdf9ad914df62561487ca9bac,0x490f1d47c41ba36f103a8db40b3c4db532b41899,310338,,
2026-07-29T09:13:46+00:00,22337222,FIRE_USDG_50pct,LIQUIDITY,ZERO,0xded6733f9107dacb00faf9b63c2f6fe1080974154e59d9fdae6589b2888b05a9,0x1aa511c41636dc4e1dafe5092157eb606da01d03,207093,,
2026-07-29T09:13:59+00:00,22337345,FIRE_USDG_50pct,LIQUIDITY,ADD,0x3c3d039a1594be35a4cc3644159aaeaccf6a847329348b72ab082fc9cad4ce2b,0x1aa511c41636dc4e1dafe5092157eb606da01d03,207093,,
2026-07-29T17:51:04+00:00,22646736,FIRE_USDG_40pct,LIQUIDITY,ZERO,0x5f9523e385eb45b4da6f136e37c8467d7dac51b0352f723e9c831ecfaead11a9,0x7777de7a669c6e76e059fae0e15a0ea041fd752c,379757,,
2026-07-29T17:54:38+00:00,22648882,FIRE_USDG_50pct,LIQUIDITY,ZERO,0x389c437f0fd83cccf7835af0ee3e6ad82c323671c1534f016266dc974a691930,0x7777de7a669c6e76e059fae0e15a0ea041fd752c,211961,,
2026-07-29T19:17:08+00:00,22698348,FIRE_USDG_50pct,SWAP,USDG_TO_FIRE,0xf355b30f08d7ee8cd63ed6c9e71b47d7f36a5fee2a6e7612f3aefd47af646864,0xeeef618a70e663813331892ee129709845570a1f,,37231.79035923483,8.048668
2026-07-29T19:17:08+00:00,22698350,FIRE_USDG_40pct,SWAP,USDG_TO_FIRE,0x5784c7333801156d7e31782bd96754f6ce6597c3bf0cb4ffd99ec514d86ed909,0x0e4c51936a3f74b4ad06f16c9c0d4bc95b23b6de,,14171.590475008607,3.099868
2026-07-29T19:18:19+00:00,22699058,FIRE_USDG_40pct,SWAP,USDG_TO_FIRE,0x20a5232eb7c5d688b2ec7815e59c6428c7c7c76f1ef6c0101e2f6fc272cb6886,0x4337013ef5cd421cef649fc58c1b0defd37bbeb1,,14069.262836430024,2.847275
2026-07-29T19:18:19+00:00,22699058,FIRE_USDG_50pct,SWAP,USDG_TO_FIRE,0x20a5232eb7c5d688b2ec7815e59c6428c7c7c76f1ef6c0101e2f6fc272cb6886,0x4337013ef5cd421cef649fc58c1b0defd37bbeb1,,34179.237974372525,6.874319
2026-07-29T21:17:16+00:00,22770285,FIRE_USDG_40pct,LIQUIDITY,ZERO,0xea8ae9ad1ff3d7eff9c45aa3c01ba23aa88b3412867dc7826c477e64337322eb,0xe49193acd219557a150e35ccc2a66f89c42482e6,346112,,
2026-07-29T22:06:34+00:00,22799859,FIRE_USDG_40pct,LIQUIDITY,REMOVE,0x01d9a0c3b1bd71f6685b140520a8fbb95622914c818edd40140bd3d481a24e58,0x490f1d47c41ba36f103a8db40b3c4db532b41899,310338,,
2026-07-29T23:13:43+00:00,22840101,FIRE_USDG_50pct,LIQUIDITY,ZERO,0x96b178c4794af3dc7403339dd56cbb30a20c21dd9827fad3585dfce0b51a3811,0xe49193acd219557a150e35ccc2a66f89c42482e6,188625,,
2026-07-30T01:12:12+00:00,22911014,FIRE_USDG_40pct,LIQUIDITY,ZERO,0xc258b4d938b038d46922146494c006ee7fda597a46ad2b64527c97dfb2d0ce79,0x7777de7a669c6e76e059fae0e15a0ea041fd752c,379757,,
2026-07-30T01:14:29+00:00,22912387,FIRE_USDG_50pct,LIQUIDITY,ZERO,0x717b9a7537dd616de8506348e3031de5ac15825558ae80a195ea3258b74c1549,0x7777de7a669c6e76e059fae0e15a0ea041fd752c,211961,,
2026-07-30T08:01:13+00:00,23155534,FIRE_USDG_40pct,SWAP,FIRE_TO_USDG,0xe636dbbe5e17505145dc347cacda037ffd3dc8614082c0e7418cb108db00ddb0,0xfce111095e51bc515e2da7131524868ab27a6f08,,8520.27430539165,4.815533
2026-07-30T08:01:36+00:00,23155761,FIRE_USDG_40pct,SWAP,FIRE_TO_USDG,0x4faffe69c0566b5fe8d37218ebd2702d2ce6f2e89115eb50a1d57b7ced256ec6,0xfce11104ed4f6492ec827d24e3af694ae32d49af,,5860.201951479279,3.555184
2026-07-30T08:54:32+00:00,23187405,FIRE_USDG_40pct,LIQUIDITY,ZERO,0x6f54804c8d3d9c28df55247ac0c3ecf526596c0008b9018b6173566fbead28ce,0xa1e4bca023d741bd8d8609875ceef2abd8d755a3,371611,,
2026-07-30T14:34:01+00:00,23390490,FIRE_USDG_50pct,SWAP,USDG_TO_FIRE,0xce217e230ea8bf23bb747e65eae65fad8e9c8b7365f7e18b22584b5581a13ddc,0xa6935eecdc353b080a22dfecd744f400ce5480d6,,23582.304766955243,4.481891
2026-07-30T14:38:45+00:00,23393330,FIRE_USDG_50pct,SWAP,USDG_TO_FIRE,0xe19feb6ec5b38f6e261edd23e9e514f9d5fc81c3c5b73d8b35e21a49330e61c4,0xa6935eecdc353b080a22dfecd744f400ce5480d6,,233464.81719285692,35.478862
2026-07-30T14:41:14+00:00,23394826,FIRE_USDG_40pct,SWAP,USDG_TO_FIRE,0x68bd91ef9d9ae091304291a71043d271678d3d2e1b00bdefdfb851feb220fc31,0xfbbb0d7a450686a18c2f4a31f0137070469491d4,,1420.9944462818933,0.317607
2026-07-30T15:18:41+00:00,23417243,FIRE_USDG_50pct,SWAP,FIRE_TO_USDG,0x7590ec74f917624afbebe0facd28f9cded2371c81b6137f53ee0d8070520b6bc,0x344daadde53a81f95bcc46a99d39107a509251a1,,51840.82785394552,28.102087
2026-07-30T15:23:11+00:00,23419942,FIRE_USDG_50pct,SWAP,FIRE_TO_USDG,0x552b70e91562b0c5271b5b06d8a934ec2db5c9db2e2df3a5b02bcb62ac1ce530,0x0ec4e45f9ce3020024c0418a74cd31fbc487038f,,3218.025632817044,1.908446
2026-07-30T15:24:36+00:00,23420789,FIRE_USDG_50pct,LIQUIDITY,ZERO,0xd1088de3fc71076da8dab1703b717b374856cce4b10d55ecd65c6f5a92e3a95b,0x1aa511c41636dc4e1dafe5092157eb606da01d03,207093,,
2026-07-30T15:26:01+00:00,23421648,FIRE_USDG_40pct,SWAP,USDG_TO_FIRE,0xe51232c0376feb312966c5b3c60a02412d8a506d6355eb48955907ddc9538288,0x1aa511c41636dc4e1dafe5092157eb606da01d03,,34275.986259502504,6.906805
2026-07-30T15:34:19+00:00,23426606,FIRE_USDG_50pct,LIQUIDITY,REMOVE,0x34014b0b21afcf3112cb5cfaaa4de0dbdaf69f157a41000f2b5e54848fb97ef8,0xe49193acd219557a150e35ccc2a66f89c42482e6,188625,,
2026-07-30T15:39:43+00:00,23429847,FIRE_USDG_40pct,LIQUIDITY,REMOVE,0xb91bc98a585090ee39d1c4dbc00820e40f2ec0c791283a2a54d51e0a69bcfffa,0xe49193acd219557a150e35ccc2a66f89c42482e6,346112,,
2026-07-30T15:44:20+00:00,23432604,FIRE_USDG_40pct,SWAP,USDG_TO_FIRE,0x858b30541c3e8809b0e6b4c7270b14b568c27776e2061bebddeb15100ef2b561,0x4be149bfa18f5c6e622f40a5fa779a44a86c6df2,,48569.22122250229,7.624378
2026-07-30T15:44:20+00:00,23432605,FIRE_USDG_50pct,SWAP,USDG_TO_FIRE,0x170ed1f872d44e60f25fd21363324f07e5ffa6ca8e94424603280f6600b0d2b9,0x1360dda89a47ee1697c47d04d97a149f6e39f36f,,16295.170219604732,2.381673
2026-07-30T15:45:49+00:00,23433497,FIRE_USDG_40pct,SWAP,FIRE_TO_USDG,0x455abd606446ad9d10d6bcb82448e6b4472cda2bebd62a74747fb25d2a8b4dde,0xe8d5107ef6a357f6e9a359111d1e9a7854e447d7,,75.67651229687976,0.02846
2026-07-30T15:46:24+00:00,23433845,FIRE_USDG_50pct,SWAP,USDG_TO_FIRE,0xb17835f469d9f25404dce0399bc2151ee7aa0d094ef62dd10fe20ff3be07e35b,0xe49193acd219557a150e35ccc2a66f89c42482e6,,503833.5230489417,46.835945
2026-07-30T15:47:01+00:00,23434221,FIRE_USDG_50pct,SWAP,FIRE_TO_USDG,0x56b895639f099018c9e7182934a4b7e62b0d18247a4945de94117ffeb5e0ad8e,0x0f314627cc8600a6c430f871eb8f077a93acddaf,,133954.40669593532,39.776948
2026-07-30T15:51:39+00:00,23436990,FIRE_USDG_40pct,SWAP,USDG_TO_FIRE,0x4a337d19f9cf01881a1d51987e9572d36d9f2e0380906e980a7af3d3ab3e2779,0x75cddbbbec8794f90ec75900501cfbe24da32714,,4972.036627799586,0.662535
2026-07-30T15:57:36+00:00,23440559,FIRE_USDG_40pct,SWAP,FIRE_TO_USDG,0x90009976d318b9e96bd21dddee3c81c53a3429264666832d4344145b3299f85a,0xfce11104ed4f6492ec827d24e3af694ae32d49af,,8481.790266046635,3.231079
2026-07-30T15:57:36+00:00,23440559,FIRE_USDG_50pct,SWAP,FIRE_TO_USDG,0xc5c65546342aab03ccb2bae7abe99331bd3d2c633677f91fbeade3fddc806a90,0x00000000d282f1dc75377e2c68d2452641495145,,25766.645259756988,9.856901
2026-07-30T15:59:39+00:00,23441773,FIRE_USDG_50pct,SWAP,FIRE_TO_USDG,0x7dbd94331c59510df516a2f49711238635b37402d705944c5231e7b94ee11e9d,0xeeef618a70e663813331892ee129709845570a1f,,34364.72406737091,14.667117
2026-07-30T15:59:39+00:00,23441773,FIRE_USDG_40pct,SWAP,FIRE_TO_USDG,0x87e581e62b78d394cfe0985d0660b7c9bf80dbf164fd76967a2d736cfeaffa36,0xce444441f3524f4575baf2572bc75b53a56a7d9f,,10788.922377126637,4.522209
2026-07-30T16:21:42+00:00,23454954,FIRE_USDG_40pct,LIQUIDITY,ZERO,0x8f89573c81ef247269bb1f9d2c2960c0c326d560ebee193d3cf82a9fcdc6cd9f,0x490f1d47c41ba36f103a8db40b3c4db532b41899,310338,,
2026-07-30T16:27:46+00:00,23458556,FIRE_USDG_50pct,LIQUIDITY,ZERO,0x54831a70606fecfeb2d7511734b6ddc84f7403f1f8872875a7865769bfd3780b,0x2179ecfa0619c125ca0fd28599cede9c239fbf2b,320817,,
2026-07-30T16:27:48+00:00,23458576,FIRE_USDG_50pct,LIQUIDITY,ZERO,0x4ee6fc161cfdf4b16824f32a72cd1c74b5e2cf3317a30557adaa29101ad5da45,0x490f1d47c41ba36f103a8db40b3c4db532b41899,369065,,
2026-07-30T16:28:10+00:00,23458798,FIRE_USDG_50pct,LIQUIDITY,ADD,0x26869da8cb4a2d9a12fb128e6c25ab233637775e3ca77e190b1adeeee3b45ae5,0x490f1d47c41ba36f103a8db40b3c4db532b41899,369065,,
2026-07-30T16:28:51+00:00,23459205,FIRE_USDG_40pct,LIQUIDITY,ADD,0xc6d05c31a746b9701ae80910cd7b04fc71619d3d062418eab1f72e5edd3792aa,0x2179ecfa0619c125ca0fd28599cede9c239fbf2b,407995,,
2026-07-30T17:22:36+00:00,23491393,FIRE_USDG_40pct,SWAP,FIRE_TO_USDG,0x79ef35e6b9e782ee7ffef132a22b6b053ddf383e175df486995ba81a1ce7b7cc,0xce44444019fdeabbb1ed55a7bdedc971b526592d,,11224.739011834296,5.147407
2026-07-30T17:22:36+00:00,23491393,FIRE_USDG_50pct,SWAP,FIRE_TO_USDG,0xdacb879e39d8e26ea7b36f97e52fc9caa0dd786f2706f1293fa2f0ed9a173d0f,0xeeef618a70e663813331892ee129709845570a1f,,19015.96356719559,8.978353
2026-07-30T17:23:32+00:00,23491956,FIRE_USDG_40pct,SWAP,FIRE_TO_USDG,0xae676e7ee92f6a66bde8542cffd960419a6d033d4f1c04395aacac6beb49847d,0xb4864f7f85eb2fdbd58b4293a2b9bd684fb13336,,20982.299204689425,10.683948
2026-07-30T17:23:32+00:00,23491956,FIRE_USDG_50pct,SWAP,FIRE_TO_USDG,0x74c42dd13acde20f1b57b75bc6860743665f01acb565e78ce598c50d2c8e42ab,0xb4864f7f85eb2fdbd58b4293a2b9bd684fb13336,,26241.18532695168,13.559782
2026-07-30T17:34:51+00:00,23498732,FIRE_USDG_50pct,SWAP,FIRE_TO_USDG,0x4f13b8becf073202ddf4d67b52c46a09f3018ecfb88fc1b968e120b577ef7573,0x4da5fb9c62006e9450df7e8b3d0d5c044b5759a8,,90456.37269679875,60.772671
2026-07-30T17:34:51+00:00,23498732,FIRE_USDG_40pct,SWAP,FIRE_TO_USDG,0x4f13b8becf073202ddf4d67b52c46a09f3018ecfb88fc1b968e120b577ef7573,0x4da5fb9c62006e9450df7e8b3d0d5c044b5759a8,,58658.95745078173,40.070795
2026-07-30T17:39:27+00:00,23501480,FIRE_USDG_40pct,LIQUIDITY,ZERO,0x2b9d746dfcc2438089a42e99775ee425003861962c1cc8ddaf140c78760f6142,0x7777de7a669c6e76e059fae0e15a0ea041fd752c,379757,,
2026-07-30T17:41:34+00:00,23502754,FIRE_USDG_50pct,LIQUIDITY,ZERO,0x38554d4e63363ceb48e9326c7ac0f0aee433283b0cafee9cef4382db95250c4c,0x7777de7a669c6e76e059fae0e15a0ea041fd752c,211961,,
2026-07-30T18:01:43+00:00,23514817,FIRE_USDG_40pct,LIQUIDITY,ZERO,0xd893d4196907f8c12e27e61099af56aa187000704b1a620e759b21638655a024,0x1aa511c41636dc4e1dafe5092157eb606da01d03,389503,,
2026-07-30T18:01:56+00:00,23514948,FIRE_USDG_40pct,LIQUIDITY,ADD,0xf94ad25b37b2f70e4ae0d41df229d51b78d92510945cb159d6ab72ff1d4b4ee3,0x1aa511c41636dc4e1dafe5092157eb606da01d03,389503,,
2026-07-30T18:02:15+00:00,23515134,FIRE_USDG_40pct,LIQUIDITY,ZERO,0xd7910a3096eda8a836f30f29faf7baf2a9546c453585125a2c11d5497f2a5ad7,0x1aa511c41636dc4e1dafe5092157eb606da01d03,338761,,
2026-07-30T18:02:27+00:00,23515253,FIRE_USDG_40pct,LIQUIDITY,ADD,0xace31c29e711568252a69abae48f9de19f76bd8ebdb95e8f68152a761e5e8493,0x1aa511c41636dc4e1dafe5092157eb606da01d03,338761,,
2026-07-30T18:04:10+00:00,23516278,FIRE_USDG_50pct,LIQUIDITY,ZERO,0x9a06bc4423ae439c814345106361352365c74591be1e6d26a846d193103eb2c6,0x1aa511c41636dc4e1dafe5092157eb606da01d03,207093,,
2026-07-30T18:16:57+00:00,23523933,FIRE_USDG_40pct,LIQUIDITY,ADD,0xbff0cf92d6d3213f01eb50c9f9fba5cfc0f21d27b868484ca286441c6199b6d5,0x1aa511c41636dc4e1dafe5092157eb606da01d03,389503,,
2026-07-30T20:13:51+00:00,23593924,FIRE_USDG_40pct,LIQUIDITY,ZERO,0x74e6252d615cbd15484bcd6a8a643f9b15fbb4be47763dabf0c8bee3a30ec521,0x9dfdbeb37f2fd8744db65f6752c66beba351bdee,378847,,
2026-07-30T21:32:33+00:00,23641012,FIRE_USDG_40pct,LIQUIDITY,ZERO,0xe3ca96bad97e1f1347c208b8c53ac4e836a5293320285842e8c92e1e24fd6f57,0xa1e4bca023d741bd8d8609875ceef2abd8d755a3,371611,,
2026-07-30T22:28:24+00:00,23674291,FIRE_USDG_40pct,LIQUIDITY,ZERO,0x1d25845168908ada99e410079516b1c9bfa7a2498e19610e7729d20d7d5759ac,0xc6312da2663570a2aee12b27a0c6da4683339acd,206269,,
2026-07-30T22:54:33+00:00,23689807,FIRE_USDG_40pct,LIQUIDITY,ADD,0x5269dd97bcb4f317a483052161557815561cbd54eb708493bbd75431e89e679e,0xc6312da2663570a2aee12b27a0c6da4683339acd,206269,,
2026-07-31T12:21:33+00:00,24173106,FIRE_USDG_50pct,LIQUIDITY,ADD,0x9f0303a1157d4ae07554ce781d8458df7cf1be64e22ed76cac6a59bfff90a5a3,0x490f1d47c41ba36f103a8db40b3c4db532b41899,369065,,
2026-07-31T12:26:43+00:00,24176200,FIRE_USDG_50pct,LIQUIDITY,REMOVE,0x4bc99c66baa40b2780b8bc7d001fb3282dde9ded7320540dfd0387471fc1373d,0x490f1d47c41ba36f103a8db40b3c4db532b41899,369065,,
2026-07-31T12:27:52+00:00,24176883,FIRE_USDG_40pct,LIQUIDITY,ADD,0x17f8d864a51dfdbbbe8f8d7f646809abe571d21ffc6590ab878709c942bb5cd6,0x490f1d47c41ba36f103a8db40b3c4db532b41899,420858,,
2026-07-31T13:09:33+00:00,24201828,FIRE_USDG_40pct,LIQUIDITY,REMOVE,0x2153367727b0ced45742a67f1c3b6fc7a557354147f00b7197d17d53d42cc6b9,0x490f1d47c41ba36f103a8db40b3c4db532b41899,310338,,
2026-07-31T13:09:56+00:00,24202061,FIRE_USDG_40pct,LIQUIDITY,ADD,0xbc0eb21487b86c134a3ebbf2c9a4494a434c04c2198a2b60ae1873e89e8bbab6,0x490f1d47c41ba36f103a8db40b3c4db532b41899,420858,,
2026-07-31T23:26:16+00:00,24571380,FIRE_USDG_40pct,LIQUIDITY,ADD,0x6eb0c534c2ac7447408ec5e2709455bedb9ac1babc43b7d5f9f86e85684404ae,0x490f1d47c41ba36f103a8db40b3c4db532b41899,420858,,
2026-08-01T00:20:26+00:00,24603793,FIRE_USDG_40pct,SWAP,USDG_TO_FIRE,0xcd5a6a7752daf94ef19ddf3ddd47d3c2ebccf65ae9bdd308f72e674c9015221f,0x43370240c309f6cc0815929a176609267971224f,,9504.309031260407,2.874755
2026-08-01T00:24:22+00:00,24606148,FIRE_USDG_40pct,LIQUIDITY,ZERO,0xcb58feabd3555fc568f9651e4970854eac30947350a92a4507348b38fc9e2edf,0x490f1d47c41ba36f103a8db40b3c4db532b41899,420858,,
2026-08-01T02:15:12+00:00,24672496,FIRE_USDG_40pct,SWAP,USDG_TO_FIRE,0x97e189b3bd86168a74800a7b7d0f5d91dd44c739639b08923307e24196da7154,0xd6b33bcf3446f353ac4267f3cf66f405763a8735,,14467.295318047376,4.210633
2026-08-01T02:15:17+00:00,24672547,FIRE_USDG_40pct,SWAP,USDG_TO_FIRE,0xf1b49d7d28f2a8ee50c57b345d5bb295623063908a3401eabf4b65e929348b1f,0xfce11105bc7341b2b3b680b5cb21b2ada8cedf0d,,12246.843424485061,3.4172
2026-08-01T02:16:38+00:00,24673351,FIRE_USDG_40pct,SWAP,USDG_TO_FIRE,0xec2209382c9f32554e92334e1fad141df92c99b9bfac62b70a8b712778b42b18,0xfce1110e624a7ff68d72cfbdbb05855c3b20dc6a,,29890.20051236639,7.820953
2026-08-01T02:17:26+00:00,24673829,FIRE_USDG_40pct,SWAP,USDG_TO_FIRE,0x459f4162d86a2f660bf457497426e6f3e26a696415209fc3ce2dd42e570b7887,0xa2fdf319500419579d0f60b28d6e67cbc1260ed5,,15504.767040506718,3.790917
2026-08-01T02:20:54+00:00,24675904,FIRE_USDG_40pct,SWAP,USDG_TO_FIRE,0x3a4e65ee6903675542b60054aec1870c186302c1ec261a490153d3b7e819b36e,0xb4864f7f85eb2fdbd58b4293a2b9bd684fb13336,,73039.58987193504,15.792244
2026-08-01T02:20:55+00:00,24675917,FIRE_USDG_50pct,SWAP,USDG_TO_FIRE,0xdbc511aecf9115060561980a6f83f1d24fe4bafa6c78a5a80ba4b72bf71387a1,0xf0229a7df821096bd3e097e36152bc948c1f4cc0,,21336.007586877353,4.289642
2026-08-01T02:21:06+00:00,24676025,FIRE_USDG_50pct,SWAP,USDG_TO_FIRE,0xc70c5c0925746e43008b7474543f82cfd8c32c9c0345669cbef330abbec34268,0xb4864f7f85eb2fdbd58b4293a2b9bd684fb13336,,73311.49513407025,13.124824
2026-08-01T02:21:06+00:00,24676025,FIRE_USDG_40pct,SWAP,USDG_TO_FIRE,0x05a0e773750f26abd85afafc95f9b3816572bbea348d0c11963810fcd7294387,0xb4864f7f85eb2fdbd58b4293a2b9bd684fb13336,,69886.08357172023,12.524823
2026-08-01T02:25:29+00:00,24678651,FIRE_USDG_40pct,LIQUIDITY,ZERO,0x1157a768a29607a298bb802d7097b26fc50b17753eb2c811119a2439a2669e9c,0x490f1d47c41ba36f103a8db40b3c4db532b41899,420858,,
2026-08-01T02:34:53+00:00,24684267,FIRE_USDG_40pct,LIQUIDITY,ADD,0x8bda86ccfa5fce02a53e7696f7f4096379b7f88a8385955ad2e4476a7cd1e5d7,0x490f1d47c41ba36f103a8db40b3c4db532b41899,420858,,
2026-08-01T02:39:39+00:00,24687130,FIRE_USDG_40pct,LIQUIDITY,ZERO,0xee3dc9b1401fe7031087b8f1a17674c3b8c64dcb284186357bc654a5d732f682,0xa1e4bca023d741bd8d8609875ceef2abd8d755a3,371611,,
2026-08-01T03:55:12+00:00,24732330,FIRE_USDG_40pct,LIQUIDITY,ZERO,0x4ddd8eb1168448ddeea10059b341e4ff68a6de161991298c4715034d697ea8a6,0x7777de7a669c6e76e059fae0e15a0ea041fd752c,379757,,
2026-08-01T04:23:09+00:00,24749028,FIRE_USDG_40pct,LIQUIDITY,REMOVE,0xf2c4ceca6e6425fd094d95f25f94c2e733e5a30409f9ddd602b87791ee534fda,0x490f1d47c41ba36f103a8db40b3c4db532b41899,420858,,
2026-08-01T04:29:50+00:00,24753023,FIRE_USDG_40pct,LIQUIDITY,ADD,0xad93dce4a3c87335150f8d9894e927d79ad5d4b0644afcfdb2c6ff80c86baf48,0x490f1d47c41ba36f103a8db40b3c4db532b41899,420858,,
2026-08-01T13:49:46+00:00,25087698,FIRE_USDG_50pct,SWAP,USDG_TO_FIRE,0x6ea987c848f419787fd1649c64767ff856ebd88fa2c0a112481a26af98fc00a4,0x4da5fb9c62006e9450df7e8b3d0d5c044b5759a8,,74557.66507379024,11.245032
2026-08-01T13:49:46+00:00,25087698,FIRE_USDG_40pct,SWAP,USDG_TO_FIRE,0x6ea987c848f419787fd1649c64767ff856ebd88fa2c0a112481a26af98fc00a4,0x4da5fb9c62006e9450df7e8b3d0d5c044b5759a8,,67101.89856641121,10.141023
2026-08-01T14:47:51+00:00,25122429,FIRE_USDG_50pct,LIQUIDITY,ZERO,0x827477c44f69009a4f5894df1d512f89f74889f3767127f4cf87e61d976313d8,0x7777de7a669c6e76e059fae0e15a0ea041fd752c,211961,,
2026-08-01T17:40:18+00:00,25225594,FIRE_USDG_40pct,LIQUIDITY,ZERO,0xb6764391387338082dd6d85006fbbc2599e31e015b0b1a291012537be9613ffb,0x1aa511c41636dc4e1dafe5092157eb606da01d03,389503,,
2026-08-01T17:41:55+00:00,25226554,FIRE_USDG_50pct,LIQUIDITY,ZERO,0xc6752ca2e64d604f8b2154eb2d0f7ed7ede944cccb4ffa599320de3b1c2f4f58,0x1aa511c41636dc4e1dafe5092157eb606da01d03,207093,,
2026-08-01T18:21:16+00:00,25250111,FIRE_USDG_40pct,LIQUIDITY,ZERO,0xac007721d121bccd14a37aa5ec9885b7deae661424a30a42367b144e713e769c,0x1aa511c41636dc4e1dafe5092157eb606da01d03,338761,,
2026-08-01T21:55:34+00:00,25378498,FIRE_USDG_40pct,LIQUIDITY,ZERO,0x5a2f54d8845ac335def0d156ab05c4729be4992295fe15977a21d497ea1a9dbe,0x9dfdbeb37f2fd8744db65f6752c66beba351bdee,378847,,
2026-08-01T23:04:04+00:00,25419489,FIRE_USDG_40pct,LIQUIDITY,ZERO,0x96e25ad2818386306f5899ba4f8ba30e8e4ec1756c3d779dd38ac53bdb71c641,0x2179ecfa0619c125ca0fd28599cede9c239fbf2b,407995,,
2026-08-01T23:04:16+00:00,25419614,FIRE_USDG_40pct,LIQUIDITY,ADD,0xd09b4a2b33263bd5eda0b2ff39a7c1cf091deca46bd65d35c92e31b4077f6c61,0x2179ecfa0619c125ca0fd28599cede9c239fbf2b,407995,,
2026-08-01T23:42:02+00:00,25442211,FIRE_USDG_50pct,LIQUIDITY,ZERO,0x7305e8a3a7310706440aab954595212d397dd12b756cec0f45a3e421cc9813a3,0x2179ecfa0619c125ca0fd28599cede9c239fbf2b,320817,,
2026-08-01T23:42:12+00:00,25442308,FIRE_USDG_50pct,LIQUIDITY,ADD,0x858d6427245c4a833a5b7c73649005061840687aa24fb5bef251282794ddc1b8,0x2179ecfa0619c125ca0fd28599cede9c239fbf2b,320817,,
2026-08-02T02:38:30+00:00,25547785,FIRE_USDG_40pct,LIQUIDITY,ZERO,0xc2601057ddb183dccc324b26798aa9290a94a7bc628723970603d8718f9483c5,0xc6312da2663570a2aee12b27a0c6da4683339acd,206269,,
2026-08-02T03:57:59+00:00,25595294,FIRE_USDG_40pct,SWAP,USDG_TO_FIRE,0x09484e647065b7b3a0c6c3fa5ce2f72c666a8bbbb96aa30a4d102946b985aa62,0x1edb56b951d492a0f18b3adeab2f1880e487fa9f,,1227.58166518577,0.170496
2026-08-02T09:25:49+00:00,25791272,FIRE_USDG_40pct,SWAP,FIRE_TO_USDG,0xba14df5396ef3bf68d2a98fb8c78729cea0b86a4a510b09700f2c7d9fa084130,0x26d26e23fba97e4b0375e80a65bb45357e345f9e,,29955.222264678006,12.248562
2026-08-02T19:43:17+00:00,26160672,FIRE_USDG_40pct,LIQUIDITY,ZERO,0x0e165ecc1abef0bd8b30f86e47dc5ff5204f21edda39ebf3758022e9f1030217,0x490f1d47c41ba36f103a8db40b3c4db532b41899,420858,,
2026-08-02T20:24:08+00:00,26185144,FIRE_USDG_40pct,LIQUIDITY,ZERO,0xaf1a605836a556672c47bb83534c6f0f0012e8b7f938206f2ccc3372650817df,0xa1e4bca023d741bd8d8609875ceef2abd8d755a3,371611,,
2026-08-02T20:46:59+00:00,26198852,FIRE_USDG_40pct,LIQUIDITY,REMOVE,0x7345b58b2fe7fce5fa06994176ca75c348376207c4bd5881a40b4f615f69cf90,0x490f1d47c41ba36f103a8db40b3c4db532b41899,420858,,
2026-08-02T23:21:55+00:00,26291727,FIRE_USDG_40pct,LIQUIDITY,ADD,0x4d7b4d96ee06ebc3772190da71826578d60d38833e24379739c06560e36b1dd6,0x490f1d47c41ba36f103a8db40b3c4db532b41899,445756,,
2026-08-02T23:22:33+00:00,26292100,FIRE_USDG_50pct,LIQUIDITY,ADD,0xfb80d2ba632f67782a6d07eca9c0d0b846bc09f43e6670b11f560e660ba0e72c,0x490f1d47c41ba36f103a8db40b3c4db532b41899,445765,,
2026-08-02T23:25:36+00:00,26293936,FIRE_USDG_40pct,LIQUIDITY,ZERO,0x10a963d1557899ad26eb6059efe911b63923d04c0892624b258b414e896fdb50,0x7777de7a669c6e76e059fae0e15a0ea041fd752c,379757,,
2026-08-03T12:23:21+00:00,26759225,FIRE_USDG_40pct,LIQUIDITY,ZERO,0x59eeeb29b65eb7f43e498d7c011c71c35e240047402b588f100ccf090875e29f,0x2179ecfa0619c125ca0fd28599cede9c239fbf2b,407995,,
2026-08-05T00:05:42+00:00,28041380,FIRE_USDG_40pct,SWAP,USDG_TO_FIRE,0xbbeeab11f580c8430d4a4a349cde4d192c2e708ada06810910b9a0abef4864ea,0x6fe9e13938f25fbaf0493522cf56480f4a992f1b,,19870.634783155107,3.004103
2026-08-05T03:04:37+00:00,28148493,FIRE_USDG_50pct,LIQUIDITY,REMOVE,0xfd33d91a44a4c4b65f6fb6219d4d9887596b0d55037d65c7e91577d06011dcae,0x490f1d47c41ba36f103a8db40b3c4db532b41899,445765,,
2026-08-05T03:07:43+00:00,28150341,FIRE_USDG_40pct,LIQUIDITY,REMOVE,0x1b12a8c8ad3651b5ae156ed220e6260a7fefb43fd3ab038a1c022f289bb323cc,0x490f1d47c41ba36f103a8db40b3c4db532b41899,445756,,
2026-08-06T00:25:12+00:00,28915643,FIRE_USDG_40pct,LIQUIDITY,ZERO,0x8e34ce1ed13578ef2d5067ad2076d7ab2dc1f29da95d632d40e5a2f564a1ed4a,0x2179ecfa0619c125ca0fd28599cede9c239fbf2b,407995,,
2026-08-06T00:25:26+00:00,28915791,FIRE_USDG_40pct,LIQUIDITY,ADD,0x06f3a1d8890e6bb82428105ec8449d3bc8fd0c52e5320240aee43a670a55a328,0x2179ecfa0619c125ca0fd28599cede9c239fbf2b,407995,,
2026-08-06T01:21:40+00:00,28949483,FIRE_USDG_40pct,LIQUIDITY,REMOVE,0x6af713905543154e0eec8ad088c98f93aabfe93da228190a8cb4e8752375f7d8,0x9dfdbeb37f2fd8744db65f6752c66beba351bdee,378847,,
2026-08-06T02:01:14+00:00,28973178,FIRE_USDG_50pct,LIQUIDITY,ADD,0x816ccaa7350ac89d0df3c93e191b2eb8633517be545884ccd14838d67db13ffe,0x9dfdbeb37f2fd8744db65f6752c66beba351bdee,500556,,
2026-08-06T18:15:48+00:00,29556679,FIRE_USDG_40pct,SWAP,FIRE_TO_USDG,0x005297d817bbd3a1732dc677257ffdd27922d0931b0a5c6d12ae0d5c4be19a10,0x7081e9256628cd654034195ecffca45993970625,,17102.52655414418,7.308427
2026-08-06T18:41:59+00:00,29572361,FIRE_USDG_40pct,SWAP,USDG_TO_FIRE,0x4c936f02df1b87873dbd3262df5519051387ee2535b3bd142f8b702c9023fc96,0x1f09756741dedc39a9669565601c4bec5a548af6,,37915.781722941836,5.739569
2026-08-06T19:06:10+00:00,29586852,FIRE_USDG_40pct,SWAP,FIRE_TO_USDG,0xf60b1fdb88258bc4a7e180fea9ccd64d0df68bde86d7ecf299ce17a8957dd893,0xb4864f7f85eb2fdbd58b4293a2b9bd684fb13336,,33995.61202528961,14.763561
2026-08-06T21:05:31+00:00,29658395,FIRE_USDG_40pct,SWAP,FIRE_TO_USDG,0x0da440fa43427d3113e5033dfad007fb992c8b4510ed8c32a17f03e2385ff64e,0xeeef618a70e663813331892ee129709845570a1f,,21809.340576910596,11.003483
2026-08-06T21:16:03+00:00,29664696,FIRE_USDG_40pct,SWAP,FIRE_TO_USDG,0x9c91d2259f23ab06316c720b12dba3b88acca4f9ea4bd28ae3fecaa1854fc5dc,0x8fcfe3485122f380793d5ade4fc8acabe4f83067,,58941.95343593894,38.133669
2026-08-06T21:16:03+00:00,29664696,FIRE_USDG_50pct,SWAP,FIRE_TO_USDG,0x9c91d2259f23ab06316c720b12dba3b88acca4f9ea4bd28ae3fecaa1854fc5dc,0x8fcfe3485122f380793d5ade4fc8acabe4f83067,,85486.07719889186,57.23358
2026-08-06T21:16:39+00:00,29665054,FIRE_USDG_40pct,SWAP,FIRE_TO_USDG,0x0f5227e88abb56ae9d286b7d64c14649f92507e7e6921751e9afcea22644ad4d,0x8fcfe3485122f380793d5ade4fc8acabe4f83067,,41741.47489649399,38.135895
2026-08-06T21:16:39+00:00,29665054,FIRE_USDG_50pct,SWAP,FIRE_TO_USDG,0x0f5227e88abb56ae9d286b7d64c14649f92507e7e6921751e9afcea22644ad4d,0x8fcfe3485122f380793d5ade4fc8acabe4f83067,,60769.991013778694,57.209705
2026-08-06T21:26:00+00:00,29670664,FIRE_USDG_50pct,LIQUIDITY,ZERO,0x93b1d7b6ba0ea662db70d8161944257f21eb6b7c7bf32c94e545d4776d1b4806,0x7777de7a669c6e76e059fae0e15a0ea041fd752c,211961,,
2026-08-06T21:39:45+00:00,29678904,FIRE_USDG_40pct,LIQUIDITY,ZERO,0x8f645d2060c532692cb71f80ca49f8431d77c1aee17374a4dd9a7142562da1b0,0xa1e4bca023d741bd8d8609875ceef2abd8d755a3,371611,,
2026-08-06T21:42:15+00:00,29680388,FIRE_USDG_40pct,LIQUIDITY,ZERO,0x7a5620a5646518a7d3c76dcd5eed8c67b3cad361de02000739122217660d08f2,0x2179ecfa0619c125ca0fd28599cede9c239fbf2b,407995,,
2026-08-06T21:42:25+00:00,29680487,FIRE_USDG_40pct,LIQUIDITY,ADD,0x59fe9bc8b4e2fd5e58c66a7c14125f43eb63629884a57c599b153c45808761f0,0x2179ecfa0619c125ca0fd28599cede9c239fbf2b,407995,,
2026-08-06T21:45:47+00:00,29682516,FIRE_USDG_40pct,SWAP,FIRE_TO_USDG,0x73e6e9020625cf56a2147a4e48e15e6bba9644ec129bf22deb384755b8dc4e9e,0x29ff475a04f1ffd246591de728c5e7c8dac6d88e,,19133.740881472826,22.158308
2026-08-06T21:45:47+00:00,29682516,FIRE_USDG_50pct,SWAP,FIRE_TO_USDG,0x73e6e9020625cf56a2147a4e48e15e6bba9644ec129bf22deb384755b8dc4e9e,0x29ff475a04f1ffd246591de728c5e7c8dac6d88e,,23522.98855894603,27.690493
2026-08-06T21:45:56+00:00,29682611,FIRE_USDG_50pct,LIQUIDITY,ZERO,0xa65f22dc4d3050c6440ec5e53e87ad91cf0a7adec5fd7d1dbf9b7bdab02e3221,0x2179ecfa0619c125ca0fd28599cede9c239fbf2b,320817,,
2026-08-06T21:49:08+00:00,29684518,FIRE_USDG_50pct,LIQUIDITY,ADD,0xbe6b3749d14675ee03463da1f21cf94da8dffc0017b6b204793d6acc0f97ca92,0x677c32e3d7993e04ffbd910566ee9dff59448070,526790,,
2026-08-06T22:07:59+00:00,29695807,FIRE_USDG_40pct,LIQUIDITY,ZERO,0x35212f2a14d8271a149ca26571f93da538ad5622a65dc91964ff55d1c2de239b,0x7777de7a669c6e76e059fae0e15a0ea041fd752c,379757,,
2026-08-06T22:08:12+00:00,29695943,FIRE_USDG_40pct,LIQUIDITY,ADD,0x38bd9764324a3b93214a3d5de2cc29c7e12c99c0f66f2a25c35f24b4588b0ee0,0x7777de7a669c6e76e059fae0e15a0ea041fd752c,379757,,
2026-08-06T22:08:57+00:00,29696406,FIRE_USDG_50pct,LIQUIDITY,ZERO,0xa07205c681040f146ba002d06ea61668d1d519be1b733eb442fb4e3a9cd747cb,0x7777de7a669c6e76e059fae0e15a0ea041fd752c,211961,,
2026-08-06T22:09:09+00:00,29696526,FIRE_USDG_50pct,LIQUIDITY,REMOVE,0x994607ad1d0784797f11f5ede02dd716de32ba0a7746db8307e8c3c6f8136f74,0x7777de7a669c6e76e059fae0e15a0ea041fd752c,211961,,
2026-08-06T22:09:41+00:00,29696841,FIRE_USDG_40pct,LIQUIDITY,ADD,0x7c3ff926d7df5149c39cd970257e7813c0aaa9a7d45e1d9682d62fd41787c653,0x7777de7a669c6e76e059fae0e15a0ea041fd752c,379757,,
2026-08-06T22:39:58+00:00,29714959,FIRE_USDG_40pct,SWAP,USDG_TO_FIRE,0x10a09a490cecce71fb826a8866c6596403ebfb419d582739ca28753bf06b2c6d,0xeeef618a70e663813331892ee129709845570a1f,,16475.49821438932,7.155152
2026-08-06T22:48:22+00:00,29720011,FIRE_USDG_40pct,SWAP,USDG_TO_FIRE,0x5a5ad12282b15825e51ded68f8a030361a5db57460980a5ff99d4c59356b6124,0x11c551c0dea7d78ca92390571480bebeab630505,,1932.8753430894913,0.805954
2026-08-06T22:57:54+00:00,29725703,FIRE_USDG_50pct,LIQUIDITY,ZERO,0x4f8e1b22693df1ba57f59348515ab6fea7be32d79d07f508cef4e5364cc74a17,0x9dfdbeb37f2fd8744db65f6752c66beba351bdee,500556,,
2026-08-06T23:34:17+00:00,29747499,FIRE_USDG_40pct,LIQUIDITY,ZERO,0x44f7ed0774db68bc3f89369cc0c60037a77999c03b75ad2ecccf4f4061d8ed49,0x1aa511c41636dc4e1dafe5092157eb606da01d03,389503,,
2026-08-06T23:34:30+00:00,29747631,FIRE_USDG_40pct,LIQUIDITY,ADD,0x101bb7c4ae96cec554c36ea143fa944b7ea104a225456c4604ceaad2ba230867,0x1aa511c41636dc4e1dafe5092157eb606da01d03,389503,,
2026-08-06T23:34:56+00:00,29747888,FIRE_USDG_40pct,LIQUIDITY,ZERO,0xaed50e06056b53be9ee3e5df99ac9832f6f20e57429d70eede4d83a98e1765e3,0x1aa511c41636dc4e1dafe5092157eb606da01d03,338761,,
2026-08-06T23:35:22+00:00,29748151,FIRE_USDG_40pct,LIQUIDITY,REMOVE,0x758c0237dca71b757e253afd6b1ae0b804ac66502f6371e3fc655d4150a01884,0x1aa511c41636dc4e1dafe5092157eb606da01d03,338761,,
2026-08-06T23:35:46+00:00,29748390,FIRE_USDG_40pct,LIQUIDITY,ADD,0x125f41df02baeab3d59fe09f4b32c6ed233534af1973502fa2cb3b53a68704cf,0x1aa511c41636dc4e1dafe5092157eb606da01d03,389503,,
2026-08-06T23:36:42+00:00,29748938,FIRE_USDG_50pct,LIQUIDITY,ZERO,0xc6d6c894e70c427065d9914481ccff4e5e9b6ff3241bb4f38722092beec33bed,0x1aa511c41636dc4e1dafe5092157eb606da01d03,207093,,
2026-08-06T23:39:23+00:00,29750575,FIRE_USDG_40pct,LIQUIDITY,ZERO,0x58e93c9d7cefc477dff677666a8d8efc41ef218c889a9fc2add49ded4f8d8fb1,0x7777de7a669c6e76e059fae0e15a0ea041fd752c,379757,,
2026-08-07T00:01:08+00:00,29763686,FIRE_USDG_40pct,LIQUIDITY,ZERO,0x1c701a161b44fe5827f4ebd750910c9cda0e3af556ae33b50b4545f4bcfd5e50,0xa1e4bca023d741bd8d8609875ceef2abd8d755a3,371611,,
2026-08-07T00:27:15+00:00,29779495,FIRE_USDG_40pct,LIQUIDITY,ZERO,0x93cc7ec7b6e5214759ddaf8269fffa7543e89dc2002f3d7f0e9bcc772b12e403,0x2179ecfa0619c125ca0fd28599cede9c239fbf2b,407995,,
2026-08-07T00:27:26+00:00,29779597,FIRE_USDG_40pct,LIQUIDITY,ADD,0x4b9d134295e380b850245b32206f18179e56787535df34c802e42ffc75d67d9f,0x2179ecfa0619c125ca0fd28599cede9c239fbf2b,407995,,
2026-08-07T04:37:18+00:00,29929309,FIRE_USDG_40pct,SWAP,USDG_TO_FIRE,0x135516d2b77d8b5c7308895b4d83e6b381413b6736bc69bab0089f9ec825035f,0x0e4c51936a3f74b4ad06f16c9c0d4bc95b23b6de,,10769.556963611401,4.373068
2026-08-07T05:10:37+00:00,29949232,FIRE_USDG_40pct,SWAP,USDG_TO_FIRE,0x6a528eea74cede3192f4bca667ed9b98a60c9118aa2318a307e0665576f76ca1,0x45df5e6c3bccb8a03049653472096156aaec8012,,1999.06946381495,0.790576
2026-08-07T06:48:07+00:00,30007542,FIRE_USDG_40pct,LIQUIDITY,ZERO,0x40491830d11d4caeb6f4943c1a52fac936bf82628135a020fafc952f08ad916d,0xc6312da2663570a2aee12b27a0c6da4683339acd,206269,,
2026-08-07T10:47:35+00:00,30150731,FIRE_USDG_40pct,SWAP,FIRE_TO_USDG,0x1b1da07fbb1332f4eab31acb0b623c1198fc9642fab4a73fac1217bfec40f846,0x29ff475a04f1ffd246591de728c5e7c8dac6d88e,,9050.944211046008,10.237653
2026-08-07T14:30:06+00:00,30283903,FIRE_USDG_40pct,SWAP,USDG_TO_FIRE,0x27c90e6c8822cf3983b8b7f6827b3d453c0405996ded40018f4b74da49450b02,0x672e672fc3eb65dcb9f844d30cc0292125e01526,,58867.59525921174,21.960569
2026-08-07T14:30:22+00:00,30284063,FIRE_USDG_40pct,SWAP,USDG_TO_FIRE,0x578f2da8045fff60e66df9756c970e44a16522ab90232a35855daf8c4b33f9ee,0x1d11dc9f4ad849c241368ea0b776e52b046f6f00,,13987.418185169947,4.523691
2026-08-07T18:54:04+00:00,30442016,FIRE_USDG_40pct,SWAP,USDG_TO_FIRE,0x41d88c5be4c1073778579fb75637d77227530179d4e932ee7d6dc0669e5439b3,0xb4864f7f85eb2fdbd58b4293a2b9bd684fb13336,,67142.96002843938,18.848663
2026-08-07T18:54:04+00:00,30442016,FIRE_USDG_50pct,SWAP,USDG_TO_FIRE,0xbfa23640715b910bcbd95ea6c01f9f29d2fc2f41200641632457356c25d049a4,0xb4864f7f85eb2fdbd58b4293a2b9bd684fb13336,,79460.14543797416,22.437048
2026-08-07T19:07:05+00:00,30449816,FIRE_USDG_50pct,LIQUIDITY,ZERO,0xa7a66ce502cefd9b912fc62396de84bf3a417a52638effd8a23a40647b77fc82,0x7777de7a669c6e76e059fae0e15a0ea041fd752c,211961,,
2026-08-07T19:08:46+00:00,30450815,FIRE_USDG_50pct,LIQUIDITY,REMOVE,0x8087588aac92b5c82022b4f5f6e690d795c582aa37a8680a3bffd14ac84e39c3,0x7777de7a669c6e76e059fae0e15a0ea041fd752c,211961,,
2026-08-07T19:11:07+00:00,30452227,FIRE_USDG_40pct,LIQUIDITY,ZERO,0x54a82fd80a120f34e7910bc07b020aae6539e06a6fd7a451d40d362ff92a9b40,0x7777de7a669c6e76e059fae0e15a0ea041fd752c,379757,,
2026-08-07T19:11:23+00:00,30452395,FIRE_USDG_40pct,LIQUIDITY,ADD,0x36b76f157cf0ba8ceb2fa442c7f09de56b439fe5c3be383c89d1e51af7029d12,0x7777de7a669c6e76e059fae0e15a0ea041fd752c,379757,,
2026-08-07T19:33:41+00:00,30465735,FIRE_USDG_40pct,LIQUIDITY,ZERO,0x9b54f00888cf9ae0df90b46189b1a3499d496331a4d7572c43996c4b8520844c,0x2179ecfa0619c125ca0fd28599cede9c239fbf2b,407995,,
2026-08-07T19:34:09+00:00,30466017,FIRE_USDG_40pct,LIQUIDITY,ADD,0xefff8a5aa3d6511f1a3bec51c152ca1d3c314e4b514671e6e3d3fd4c0e4811a4,0x2179ecfa0619c125ca0fd28599cede9c239fbf2b,407995,,
2026-08-07T20:36:22+00:00,30503295,FIRE_USDG_40pct,LIQUIDITY,ZERO,0xb24a57f399843c02d60752731f6ab3f7c0745bc222b23011fa0b91fbd86270f2,0x1aa511c41636dc4e1dafe5092157eb606da01d03,389503,,
2026-08-07T20:36:37+00:00,30503444,FIRE_USDG_40pct,LIQUIDITY,ADD,0xd5adea8516a7fa09346cf97b64445d302cd1656c21c2d7c3d607ce92b03cd673,0x1aa511c41636dc4e1dafe5092157eb606da01d03,389503,,
2026-08-07T22:29:59+00:00,30571466,FIRE_USDG_50pct,LIQUIDITY,ZERO,0xc045cc7eac04874eade007a70771b02a5ea884d1e28fd76d16ef6210135fe669,0x1aa511c41636dc4e1dafe5092157eb606da01d03,207093,,
2026-08-08T01:13:28+00:00,30669456,FIRE_USDG_40pct,LIQUIDITY,ZERO,0x5d7b0f8420488da3db2a760776ee7961c4d3174dc74f9c0c35403996fd8c617f,0xa1e4bca023d741bd8d8609875ceef2abd8d755a3,371611,,
2026-08-08T01:13:49+00:00,30669663,FIRE_USDG_40pct,LIQUIDITY,REMOVE,0x825365958de90c2f85fc76c6b5a4f55a1f11edb0c4ee2012723cc896ce8189ab,0xa1e4bca023d741bd8d8609875ceef2abd8d755a3,371611,,
2026-08-08T14:22:00+00:00,31141435,FIRE_USDG_40pct,SWAP,FIRE_TO_USDG,0xd35c8866c86d257963a4df87aff7e21df9e773c331bc10708472db564545ba70,0x0ec4e45f9ce3020024c0418a74cd31fbc487038f,,2658.204929809494,1.862025
2026-08-08T14:24:18+00:00,31142801,FIRE_USDG_40pct,SWAP,FIRE_TO_USDG,0xea67ca7707cbe33826b80dad26f4930da813b2145bf32bdf9e853d26e3cfdd94,0x2bb27b73c602643f42471d4751fe4fc4eebefbd1,,10255.186752666203,7.413923
2026-08-08T14:24:36+00:00,31142987,FIRE_USDG_40pct,SWAP,FIRE_TO_USDG,0x3e5b3f940408f6be3ee2591cbe137600c90873381858823de2c7e79fae02bc47,0x331d9a049d496385998067abf6cbb6371c8d2466,,874.2353275404585,0.649528
2026-08-08T14:24:50+00:00,31143119,FIRE_USDG_40pct,SWAP,FIRE_TO_USDG,0x1b07892e648cb7564d2b4f8ac4bf46ded4c967ff9cc812401fea4ddd589d8764,0x9d0023652c12955515307406146b8029ac52435b,,147707.32101206624,173.905486
2026-08-08T14:24:50+00:00,31143119,FIRE_USDG_50pct,SWAP,FIRE_TO_USDG,0x1b07892e648cb7564d2b4f8ac4bf46ded4c967ff9cc812401fea4ddd589d8764,0x9d0023652c12955515307406146b8029ac52435b,,86154.7676240807,115.938228
2026-08-08T14:24:50+00:00,31143120,FIRE_USDG_40pct,SWAP,USDG_TO_FIRE,0x07191c68596f2b14f87d44fee034c96fb31f3b97821cd9fbbcae4815d2c8d725,0xfce2220c39b345e7273cdce4f58ce54a5e40eb79,,7546.64060055643,4.959454
2026-08-08T14:24:50+00:00,31143120,FIRE_USDG_40pct,SWAP,USDG_TO_FIRE,0xe359893cd11bd8306356caf993fd0f13d9b2bcb067320c58c4c8b0b10f5e0e09,0xbc6b4e98c1a34329f40cc31eb8b35a0478fb6b01,,29177.59285908931,17.646214
2026-08-08T14:24:57+00:00,31143195,FIRE_USDG_40pct,SWAP,USDG_TO_FIRE,0xd87fc3352f51c8f3164821a296f9f3ce9a5aafdfc19cd7ec19ecff5702b8f6df,0x0ec4e45f9ce3020024c0418a74cd31fbc487038f,,17043.08848266507,9.310182
2026-08-08T14:27:28+00:00,31144696,FIRE_USDG_40pct,SWAP,USDG_TO_FIRE,0xfcfbe8c386a8d77a35c3d56a568164d4179947e680a378308793bbfd57e0b9df,0xbe2a16dca3961c19acda0268c829e0eb437b28e6,,387516.1339098974,112.711076
2026-08-08T14:27:28+00:00,31144696,FIRE_USDG_50pct,SWAP,USDG_TO_FIRE,0xfcfbe8c386a8d77a35c3d56a568164d4179947e680a378308793bbfd57e0b9df,0xbe2a16dca3961c19acda0268c829e0eb437b28e6,,354266.4718151026,94.593399
2026-08-08T14:27:28+00:00,31144697,FIRE_USDG_40pct,SWAP,FIRE_TO_USDG,0xe424039c700bed2762de734bb599dfad96098dd4ae8a52dd379f3c8019ab440e,0x0f689bd7a211a50a96b1cf3113b8aa811f931977,,128971.1332971653,76.727767
2026-08-08T14:27:28+00:00,31144697,FIRE_USDG_50pct,SWAP,FIRE_TO_USDG,0x768961596fc3e065bad4b47502df44128f93f75f8a5f326990f5b7609d85c15e,0xd050cd349a994a106e6ead251839185da9aec239,,35577.63556730409,24.879017
2026-08-08T14:27:29+00:00,31144700,FIRE_USDG_50pct,SWAP,FIRE_TO_USDG,0x696ce546dd6b4d46098c93a967424986dcd9fbd9f414e46c0b064484475a20cc,0x00116dffafe3ba58117c3c60491181893280b7d7,,743.1651477291978,0.566044
2026-08-08T14:27:48+00:00,31144893,FIRE_USDG_50pct,SWAP,FIRE_TO_USDG,0xd2c3eb4ffe28321eb9d341a6dff17a85e86d5e3a233ebc1bf3b918129520f5b9,0x56c262027e0de4aea31d2489529cb25d23e58a8b,,8241.036641278655,6.418255
2026-08-08T16:43:42+00:00,31226379,FIRE_USDG_40pct,LIQUIDITY,ZERO,0xa98f956e47d6598ab8bb3c1919fd5260ac6b177096de2f5c2c8d75c0afc0326b,0xc6312da2663570a2aee12b27a0c6da4683339acd,206269,,
2026-08-08T17:20:38+00:00,31248512,FIRE_USDG_40pct,LIQUIDITY,ZERO,0xed93b568dec180fb6a403831a090141ba4eecd09ecb15767c26d4dfb4ba4f438,0x1aa511c41636dc4e1dafe5092157eb606da01d03,389503,,
2026-08-08T17:20:54+00:00,31248690,FIRE_USDG_40pct,LIQUIDITY,ADD,0xb2af83366d01eb0d5529a26c4a46cabb5bdefb45aa3b1523c2f477399804470b,0x1aa511c41636dc4e1dafe5092157eb606da01d03,389503,,
2026-08-08T17:21:21+00:00,31248955,FIRE_USDG_40pct,LIQUIDITY,ADD,0x66eb05d959fcd95ce6efa22cb9d704ebc4bcc0245b465acbc9e3eab66b8c42e6,0x1aa511c41636dc4e1dafe5092157eb606da01d03,389503,,
2026-08-08T17:23:23+00:00,31250173,FIRE_USDG_50pct,LIQUIDITY,ZERO,0x24f1f7d798a96fe2b7a4d3309841312307898d3fdef80cc191993354aa2062f3,0x1aa511c41636dc4e1dafe5092157eb606da01d03,207093,,
2026-08-08T18:18:05+00:00,31282957,FIRE_USDG_40pct,LIQUIDITY,ZERO,0xdbf2b08a55355dd5c5cc4afa16b71afc361de3beee82a12cd9b648b8769dc123,0x7777de7a669c6e76e059fae0e15a0ea041fd752c,379757,,
2026-08-08T18:18:21+00:00,31283133,FIRE_USDG_40pct,LIQUIDITY,ADD,0x19f02940c7fddf96f8b12c78c35df88365912d3cb7a06accfa778b23b5d21567,0x7777de7a669c6e76e059fae0e15a0ea041fd752c,379757,,
2026-08-08T18:20:16+00:00,31284280,FIRE_USDG_50pct,LIQUIDITY,ZERO,0x08a88ce64408754e4f9db8009393bb7c6b13901bb674112ccf25b3945e164423,0x7777de7a669c6e76e059fae0e15a0ea041fd752c,211961,,
2026-08-08T18:20:30+00:00,31284413,FIRE_USDG_50pct,LIQUIDITY,ADD,0x5a33d159d14acbce5f3d2b6db6d5f132bf06fb3b404f765096931bdd86b64fe0,0x7777de7a669c6e76e059fae0e15a0ea041fd752c,211961,,
2026-08-08T19:08:57+00:00,31313461,FIRE_USDG_40pct,SWAP,FIRE_TO_USDG,0x97f796d4e909f55dd2d8ac81ff906ded2269f1cc0d9b0a100a266c864cc20fb1,0xeeef618a70e663813331892ee129709845570a1f,,25789.337216135526,21.584906
2026-08-08T19:08:57+00:00,31313462,FIRE_USDG_50pct,SWAP,FIRE_TO_USDG,0xc1f00b4baa1817d5e32ae2e2f1bffb7e5dd77ea71eee78219a440a9331eacb42,0xf5cf113d34dfd4b04fc662519d239c462b7bfa17,,17801.165660802188,14.751504
2026-08-08T19:09:11+00:00,31313598,FIRE_USDG_50pct,SWAP,FIRE_TO_USDG,0x2994c83d0d32502a8ca217bb83d263eb788cd2eb06cba05c5fa22ebc94b744c1,0xa67d7eb4dc68fa6ce8e34ef8cadaf075b9893fbb,,13370.812500394339,11.931802
2026-08-08T19:09:11+00:00,31313598,FIRE_USDG_40pct,SWAP,FIRE_TO_USDG,0x2994c83d0d32502a8ca217bb83d263eb788cd2eb06cba05c5fa22ebc94b744c1,0xa67d7eb4dc68fa6ce8e34ef8cadaf075b9893fbb,,9753.821355450476,8.819158
2026-08-08T19:43:13+00:00,31333991,FIRE_USDG_40pct,SWAP,FIRE_TO_USDG,0x42bc1bb6c968776f816f271924a19a89f6a8dc8e550fb0de101007fd3e19caa1,0x56c262027e0de4aea31d2489529cb25d23e58a8b,,5250.93512391234,4.910629
2026-08-08T19:43:13+00:00,31333991,FIRE_USDG_50pct,SWAP,FIRE_TO_USDG,0x42bc1bb6c968776f816f271924a19a89f6a8dc8e550fb0de101007fd3e19caa1,0x56c262027e0de4aea31d2489529cb25d23e58a8b,,5258.160281537765,4.91063
2026-08-08T19:44:34+00:00,31334797,FIRE_USDG_50pct,SWAP,FIRE_TO_USDG,0xaf0c4fbb94d822534a0f299f605e1332a15da9ac943a10566cf849191aab9b26,0xada5bb90d0de0bd1b6f3938708f49295a8d1f7cb,,4874.982787440396,4.669448
2026-08-08T19:44:34+00:00,31334797,FIRE_USDG_40pct,SWAP,FIRE_TO_USDG,0xaf0c4fbb94d822534a0f299f605e1332a15da9ac943a10566cf849191aab9b26,0xada5bb90d0de0bd1b6f3938708f49295a8d1f7cb,,5386.012887652656,5.16097
2026-08-08T19:45:07+00:00,31335127,FIRE_USDG_50pct,SWAP,FIRE_TO_USDG,0x8baf1364d44369ab5b16350a2c5523b6115450e204c15b6d0b12024b24d17ebd,0xce444442fb53154eae6ac249c30fa6a8c03ea78e,,8315.690110101441,8.236504
2026-08-08T19:45:07+00:00,31335128,FIRE_USDG_40pct,SWAP,FIRE_TO_USDG,0x37a54d0d8c5054ca92e239d86abbcef3aebc56dfa2af1c6cd1355a7b9f76076e,0xaaa11f4a1540d2212dbcd8157c5b588110897677,,8226.765694526122,8.13624
2026-08-08T19:45:20+00:00,31335253,FIRE_USDG_40pct,SWAP,FIRE_TO_USDG,0x53e61037f5300497696998269a3d6babb520e89c0fb7180d234b51f66bde2baf,0x18dd3c14e34c1bc379f7538068c59160d9f68e25,,4121.352555780404,4.195931
2026-08-08T19:45:20+00:00,31335253,FIRE_USDG_50pct,SWAP,FIRE_TO_USDG,0x53e61037f5300497696998269a3d6babb520e89c0fb7180d234b51f66bde2baf,0x18dd3c14e34c1bc379f7538068c59160d9f68e25,,2993.3904796181955,3.05218
2026-08-08T19:49:17+00:00,31337627,FIRE_USDG_50pct,SWAP,FIRE_TO_USDG,0xeef38ba284e18139b79c5954fca1b2efadce229e8fe35cb5bb86363769f3403b,0xce44444210304811ffac48fc7ea08a09f14ec4ac,,10281.686114758397,10.855894
2026-08-08T19:49:17+00:00,31337628,FIRE_USDG_40pct,SWAP,FIRE_TO_USDG,0x9c231c2aa4e8b9ef193229d064752b5e1d78ddce2dfc920c85df41aaf87e0628,0xaaa11c5473e11217320d65453ef8e4916193c291,,10441.832794957918,11.0091
2026-08-08T19:49:31+00:00,31337768,FIRE_USDG_40pct,SWAP,FIRE_TO_USDG,0xf78fa3fcdf4516a6ae2dcedc50fd289d64aad46cce831eb1d1fda4a9d1fa6275,0x370a7e2d300c14d79d4a7ee07aaca46c4b3012cf,,2557.3868237351267,2.782508
2026-08-08T19:49:31+00:00,31337768,FIRE_USDG_50pct,SWAP,FIRE_TO_USDG,0xf78fa3fcdf4516a6ae2dcedc50fd289d64aad46cce831eb1d1fda4a9d1fa6275,0x370a7e2d300c14d79d4a7ee07aaca46c4b3012cf,,1786.7718878694047,1.947757
2026-08-08T19:50:59+00:00,31338638,FIRE_USDG_40pct,SWAP,FIRE_TO_USDG,0x93b7b9fc6d432ed08c2ecb75d2e36514dc18ca93a60d70e95f217fccd929e408,0x0ec4e45f9ce3020024c0418a74cd31fbc487038f,,4754.672429370832,5.267332
2026-08-08T19:50:59+00:00,31338638,FIRE_USDG_50pct,SWAP,FIRE_TO_USDG,0x93b7b9fc6d432ed08c2ecb75d2e36514dc18ca93a60d70e95f217fccd929e408,0x0ec4e45f9ce3020024c0418a74cd31fbc487038f,,4302.309377741176,4.767594
2026-08-08T20:11:47+00:00,31351090,FIRE_USDG_40pct,LIQUIDITY,ZERO,0x5d4aef4426a8407e57587b9623fbd2858f61fd7a404c1f2dc05d412f4cd8ccdd,0x7777de7a669c6e76e059fae0e15a0ea041fd752c,379757,,
2026-08-08T20:12:48+00:00,31351698,FIRE_USDG_50pct,LIQUIDITY,ZERO,0xbbcb3b11ee2c19c1cad79f0206c71e9bfbf98aeb1e24929dfedcdc04d2b9a248,0x7777de7a669c6e76e059fae0e15a0ea041fd752c,211961,,
2026-08-08T20:39:47+00:00,31367910,FIRE_USDG_50pct,LIQUIDITY,ZERO,0x9da7de21282769909cdd8bc4f560dea7b614197d15ca2e0f6e0e279e176b9467,0x1aa511c41636dc4e1dafe5092157eb606da01d03,207093,,
2026-08-08T20:40:35+00:00,31368388,FIRE_USDG_50pct,LIQUIDITY,REMOVE,0x590ebf4431233c8316d8b86f598822580ba1ee94a55358bde0465cbd3b13f798,0x1aa511c41636dc4e1dafe5092157eb606da01d03,207093,,
2026-08-08T20:41:44+00:00,31369071,FIRE_USDG_40pct,LIQUIDITY,ZERO,0x69ce11074e104e1fdb1605e55a090a66802c7e80a3cb09e97f0066e9354de0e1,0x1aa511c41636dc4e1dafe5092157eb606da01d03,389503,,
2026-08-08T20:42:34+00:00,31369576,FIRE_USDG_40pct,LIQUIDITY,REMOVE,0x48ba501a5ae1fe1529fe9fcc2127eb66da8749aa61e5103da291233e955bea90,0x1aa511c41636dc4e1dafe5092157eb606da01d03,389503,,
2026-08-08T20:49:29+00:00,31373728,FIRE_USDG_50pct,LIQUIDITY,REMOVE,0x18a062755ce1e9090f76769db4771f923bdd719d1212d0aa1ae16d426acf740d,0x1aa511c41636dc4e1dafe5092157eb606da01d03,207093,,
2026-08-08T20:50:28+00:00,31374315,FIRE_USDG_40pct,LIQUIDITY,ADD,0x678a0f4cafd05af92ccac016606b10a98a5e5ffcd9667f6f10a241174f0e5d09,0x1aa511c41636dc4e1dafe5092157eb606da01d03,389503,,
2026-08-08T20:50:49+00:00,31374532,FIRE_USDG_40pct,LIQUIDITY,ADD,0xf647c0d79aaef36941af95cafb1f2e2044df52e19adb2ce292400c183fda04b6,0x1aa511c41636dc4e1dafe5092157eb606da01d03,389503,,
2026-08-08T21:08:22+00:00,31385044,FIRE_USDG_40pct,LIQUIDITY,ZERO,0xd453d682e687fb14757976b34d4a0e8e40b68a2a613639fcd189c862ecdf6a3b,0x2179ecfa0619c125ca0fd28599cede9c239fbf2b,407995,,
2026-08-08T21:08:33+00:00,31385153,FIRE_USDG_40pct,LIQUIDITY,ADD,0xa5fc8d3bce0466628bbe98b4f647c64e14bde550f01755d546b2bcbb060626d7,0x2179ecfa0619c125ca0fd28599cede9c239fbf2b,407995,,
2026-08-08T21:12:03+00:00,31387266,FIRE_USDG_50pct,LIQUIDITY,ZERO,0xd1ea3f3341d8ee943968ecadd02ea4d457220db8f5dfd7035290b905d440e4d6,0x2179ecfa0619c125ca0fd28599cede9c239fbf2b,320817,,
2026-08-08T21:12:22+00:00,31387448,FIRE_USDG_50pct,LIQUIDITY,ADD,0x6f3a94dd08e61187495fc47c016bb789b6dbec94f3e05725740caae549ec8ee4,0x2179ecfa0619c125ca0fd28599cede9c239fbf2b,320817,,
2026-08-08T21:24:39+00:00,31394809,FIRE_USDG_40pct,LIQUIDITY,REMOVE,0x03851ad3048d79a38f6b6434fea97b75c86701c9e8fbb02cc5ccc1d7eaa22d2a,0x7777de7a669c6e76e059fae0e15a0ea041fd752c,379757,,
2026-08-08T21:25:47+00:00,31395485,FIRE_USDG_50pct,LIQUIDITY,REMOVE,0x9433516866801b7739dfe4716b569e38fda2003b41c3b7894a0792aa1452b4a3,0x7777de7a669c6e76e059fae0e15a0ea041fd752c,211961,,
2026-08-08T22:04:52+00:00,31418906,FIRE_USDG_50pct,LIQUIDITY,ZERO,0x1028d78008ec47b8eec778d0d0d3e701722b024a6f826feecf0ebff38a39e63e,0x677c32e3d7993e04ffbd910566ee9dff59448070,526790,,
2026-08-08T22:05:03+00:00,31419016,FIRE_USDG_50pct,LIQUIDITY,ADD,0xd38866ede594512433367935de64a96e9d24e250cfa2c317ae691a7ad01b56f8,0x677c32e3d7993e04ffbd910566ee9dff59448070,526790,,
2026-08-08T22:29:51+00:00,31433893,FIRE_USDG_50pct,LIQUIDITY,ZERO,0x396d30959ada0b4785d52b34cf223498569ce47f653ab78e70405dd4f19aa6c0,0x9dfdbeb37f2fd8744db65f6752c66beba351bdee,500556,,
2026-08-08T22:30:16+00:00,31434139,FIRE_USDG_50pct,LIQUIDITY,ADD,0xdf37b629c8d45bc5b1643b832e77bada8453c0a64353b00a98d162aba4ae6df0,0x9dfdbeb37f2fd8744db65f6752c66beba351bdee,500556,,
2026-08-08T23:22:30+00:00,31465435,FIRE_USDG_50pct,LIQUIDITY,REMOVE,0x1f0ac9cd9aacfcdae071359eb4d0e08da80d7811f37daf577999c5a9585cc4d7,0x9dfdbeb37f2fd8744db65f6752c66beba351bdee,500556,,
2026-08-09T00:46:37+00:00,31515786,FIRE_USDG_40pct,SWAP,USDG_TO_FIRE,0xbd387a2bf710e37442ab8e1ecba19bd443227a5237134c25acc509477a75b1d7,0xe71411ebb40224f0043d21ee440829156f4fab0a,,635.75,0.255802
2026-08-09T01:51:31+00:00,31554663,FIRE_USDG_40pct,SWAP,USDG_TO_FIRE,0xc6545cb0eb62a12a2ac618e2175242e2a5b5b989d7ddf96339aef235014e9480,0xe71411ebb40224f0043d21ee440829156f4fab0a,,476.8125,0.191547
