pool,block,timestamp_utc,transaction_hash,transaction_index,log_index,tx_from,modify_sender,pool_id,action,tick_lower,tick_upper,liquidity_delta,abs_liquidity_delta,salt,possible_token_id,tx_from_is_original_creator
FIRE_USDG_40pct,14117871,2026-07-19T20:12:12+00:00,0x8689ba10c676b7509644c5d60e3c3dbaa25e2a5131456af4667738f6bfb29268,1,2,0xc6312da2663570a2aee12b27a0c6da4683339acd,0x58daec3116aae6d93017baaea7749052e8a04fa7,0x0e6ef141436d1b1948593ce40268b6ffc56870929e83922c15a4a5d64f5b4636,ADD,-880000,880000,38781322019309,38781322019309,0x00000000000000000000000000000000000000000000000000000000000325bd,206269,True
FIRE_USDG_40pct,16154398,2026-07-22T04:55:38+00:00,0xd9862f8996e3a70af5824012d58fcaa59412d117ba354fd0ab4cf4518a28a921,3,2,0xc6312da2663570a2aee12b27a0c6da4683339acd,0x58daec3116aae6d93017baaea7749052e8a04fa7,0x0e6ef141436d1b1948593ce40268b6ffc56870929e83922c15a4a5d64f5b4636,ZERO,-880000,880000,0,0,0x00000000000000000000000000000000000000000000000000000000000325bd,206269,True
FIRE_USDG_40pct,16958375,2026-07-23T03:18:26+00:00,0x387ea9907e075473b1587e6deb376c05838ea6b220b69b07b47b9d0d7efc11ec,1,0,0xc6312da2663570a2aee12b27a0c6da4683339acd,0x58daec3116aae6d93017baaea7749052e8a04fa7,0x0e6ef141436d1b1948593ce40268b6ffc56870929e83922c15a4a5d64f5b4636,ZERO,-880000,880000,0,0,0x00000000000000000000000000000000000000000000000000000000000325bd,206269,True
FIRE_USDG_40pct,17447654,2026-07-23T16:56:03+00:00,0x45c3445c41ed0fe94d19617a8fc46888fed37c1ee58b8dd5887a5b232b1d828e,6,29,0x490f1d47c41ba36f103a8db40b3c4db532b41899,0x58daec3116aae6d93017baaea7749052e8a04fa7,0x0e6ef141436d1b1948593ce40268b6ffc56870929e83922c15a4a5d64f5b4636,ADD,-880000,880000,191807085781805,191807085781805,0x000000000000000000000000000000000000000000000000000000000004bc42,310338,False
FIRE_USDG_40pct,17560377,2026-07-23T20:04:11+00:00,0x4bea768919d36d2f29d58da61e1edc9a206db73a7a16c6e5e8a6d823d85c7c71,6,25,0x1983824aa3cf023dfd233115e801520b9d49a258,0x58daec3116aae6d93017baaea7749052e8a04fa7,0x0e6ef141436d1b1948593ce40268b6ffc56870929e83922c15a4a5d64f5b4636,ADD,-880000,880000,466542686362382,466542686362382,0x000000000000000000000000000000000000000000000000000000000004cef7,315127,False
FIRE_USDG_40pct,17622374,2026-07-23T21:47:49+00:00,0x5ae81187a0b3b5687b2a24a0a4b569bf4eb8ea76109420dfafc2c57dc4feb20d,13,969,0x490f1d47c41ba36f103a8db40b3c4db532b41899,0x58daec3116aae6d93017baaea7749052e8a04fa7,0x0e6ef141436d1b1948593ce40268b6ffc56870929e83922c15a4a5d64f5b4636,ADD,-880000,880000,187940965021806,187940965021806,0x000000000000000000000000000000000000000000000000000000000004d6d9,317145,False
FIRE_USDG_40pct,17761148,2026-07-24T01:39:52+00:00,0x2e8ae5fcf95e1226df4a4f5b22467cc11ac02dd86b2763598d13b68e92686488,3,17,0x490f1d47c41ba36f103a8db40b3c4db532b41899,0x58daec3116aae6d93017baaea7749052e8a04fa7,0x0e6ef141436d1b1948593ce40268b6ffc56870929e83922c15a4a5d64f5b4636,ZERO,-880000,880000,0,0,0x000000000000000000000000000000000000000000000000000000000004d6d9,317145,False
FIRE_USDG_40pct,17761385,2026-07-24T01:40:15+00:00,0xe509b1621d907fcc189ea349251be11dd6a1e95abb6201994e2329a1f6de8272,2,0,0x490f1d47c41ba36f103a8db40b3c4db532b41899,0x58daec3116aae6d93017baaea7749052e8a04fa7,0x0e6ef141436d1b1948593ce40268b6ffc56870929e83922c15a4a5d64f5b4636,ZERO,-880000,880000,0,0,0x000000000000000000000000000000000000000000000000000000000004bc42,310338,False
FIRE_USDG_40pct,17761637,2026-07-24T01:40:40+00:00,0x8590daac1018d010a781f851f37aad1553746be319db40272ae9999be07183e8,5,31,0x490f1d47c41ba36f103a8db40b3c4db532b41899,0x58daec3116aae6d93017baaea7749052e8a04fa7,0x0e6ef141436d1b1948593ce40268b6ffc56870929e83922c15a4a5d64f5b4636,REMOVE,-880000,880000,-187940965021806,187940965021806,0x000000000000000000000000000000000000000000000000000000000004d6d9,317145,False
FIRE_USDG_40pct,18021774,2026-07-24T08:55:51+00:00,0x993156d205dbe03e242459ac81324b8912b45c4d851e824b0fa16d50f0d1c60a,3,10,0x490f1d47c41ba36f103a8db40b3c4db532b41899,0x58daec3116aae6d93017baaea7749052e8a04fa7,0x0e6ef141436d1b1948593ce40268b6ffc56870929e83922c15a4a5d64f5b4636,ZERO,-880000,880000,0,0,0x000000000000000000000000000000000000000000000000000000000004bc42,310338,False
FIRE_USDG_40pct,18021979,2026-07-24T08:56:11+00:00,0xed1d4a20fad69619969908616225ff46a96a8af9854f4902f04e9a4d7349f804,1,0,0x490f1d47c41ba36f103a8db40b3c4db532b41899,0x58daec3116aae6d93017baaea7749052e8a04fa7,0x0e6ef141436d1b1948593ce40268b6ffc56870929e83922c15a4a5d64f5b4636,ADD,-880000,880000,29712175187886,29712175187886,0x000000000000000000000000000000000000000000000000000000000004bc42,310338,False
FIRE_USDG_40pct,18151812,2026-07-24T12:33:38+00:00,0x86c64d2f2976d6f42b4afd5692344c56c39e6aa5980306f6c06226a4537d7b87,3,6,0xd0010d99334e89b18f42c1517ad69675113878da,0x58daec3116aae6d93017baaea7749052e8a04fa7,0x0e6ef141436d1b1948593ce40268b6ffc56870929e83922c15a4a5d64f5b4636,ADD,-880000,880000,201655148926717,201655148926717,0x00000000000000000000000000000000000000000000000000000000000506d4,329428,False
FIRE_USDG_40pct,18286537,2026-07-24T16:18:29+00:00,0xa84c333be19c06f41d7b2e95e29d2f8ef28c310927ef60b43b27ebf371a260d6,1,0,0x1983824aa3cf023dfd233115e801520b9d49a258,0x58daec3116aae6d93017baaea7749052e8a04fa7,0x0e6ef141436d1b1948593ce40268b6ffc56870929e83922c15a4a5d64f5b4636,ZERO,-880000,880000,0,0,0x000000000000000000000000000000000000000000000000000000000004cef7,315127,False
FIRE_USDG_40pct,18286745,2026-07-24T16:18:50+00:00,0x5820046500287b63390fdc7a52dd80bceb84b7d6ae9f19a61b97571be9287f7c,3,2,0x1983824aa3cf023dfd233115e801520b9d49a258,0x58daec3116aae6d93017baaea7749052e8a04fa7,0x0e6ef141436d1b1948593ce40268b6ffc56870929e83922c15a4a5d64f5b4636,ADD,-880000,880000,93100531091397,93100531091397,0x000000000000000000000000000000000000000000000000000000000004cef7,315127,False
FIRE_USDG_40pct,18366023,2026-07-24T18:31:07+00:00,0xa954b827a375f5c0ed4c8012d14bb8f7fc4c56314cd1b6c99ca7167fcb78de0b,5,1,0x490f1d47c41ba36f103a8db40b3c4db532b41899,0x58daec3116aae6d93017baaea7749052e8a04fa7,0x0e6ef141436d1b1948593ce40268b6ffc56870929e83922c15a4a5d64f5b4636,ZERO,-880000,880000,0,0,0x000000000000000000000000000000000000000000000000000000000004bc42,310338,False
FIRE_USDG_40pct,18366223,2026-07-24T18:31:27+00:00,0x8916722aba7d177cf3b99bab84c6c2b61937f87fe56f9fb17738b38251347a18,1,0,0x490f1d47c41ba36f103a8db40b3c4db532b41899,0x58daec3116aae6d93017baaea7749052e8a04fa7,0x0e6ef141436d1b1948593ce40268b6ffc56870929e83922c15a4a5d64f5b4636,ADD,-880000,880000,132198378797091,132198378797091,0x000000000000000000000000000000000000000000000000000000000004bc42,310338,False
FIRE_USDG_40pct,18368965,2026-07-24T18:36:03+00:00,0x2d637f9251aaa278e6d904b1abd4c95a574d24635250194300ea4f779d9ec9d7,7,957,0x1983824aa3cf023dfd233115e801520b9d49a258,0x58daec3116aae6d93017baaea7749052e8a04fa7,0x0e6ef141436d1b1948593ce40268b6ffc56870929e83922c15a4a5d64f5b4636,ZERO,-880000,880000,0,0,0x000000000000000000000000000000000000000000000000000000000004cef7,315127,False
FIRE_USDG_40pct,18369169,2026-07-24T18:36:24+00:00,0xf061bda73146994adf458c39204d14708cc7bda68b46865d64d0fb055e2307a3,1,0,0x1983824aa3cf023dfd233115e801520b9d49a258,0x58daec3116aae6d93017baaea7749052e8a04fa7,0x0e6ef141436d1b1948593ce40268b6ffc56870929e83922c15a4a5d64f5b4636,ADD,-880000,880000,166245806350698,166245806350698,0x000000000000000000000000000000000000000000000000000000000004cef7,315127,False
FIRE_USDG_40pct,18371691,2026-07-24T18:40:36+00:00,0x96f2f8eddac80602c673f9d96621d299753bc72dee9ed9815a60939d4bafe56e,6,16,0x1983824aa3cf023dfd233115e801520b9d49a258,0x58daec3116aae6d93017baaea7749052e8a04fa7,0x0e6ef141436d1b1948593ce40268b6ffc56870929e83922c15a4a5d64f5b4636,ADD,-880000,880000,98758095358355,98758095358355,0x000000000000000000000000000000000000000000000000000000000004cef7,315127,False
FIRE_USDG_40pct,18375323,2026-07-24T18:46:39+00:00,0x66b158ded7bdc22ae4ee9df669d3f1db67b637280535d7878bf9a3a0617f1f97,10,55,0xd0010d99334e89b18f42c1517ad69675113878da,0x58daec3116aae6d93017baaea7749052e8a04fa7,0x0e6ef141436d1b1948593ce40268b6ffc56870929e83922c15a4a5d64f5b4636,ZERO,-880000,880000,0,0,0x00000000000000000000000000000000000000000000000000000000000506d4,329428,False
FIRE_USDG_40pct,18422548,2026-07-24T20:05:32+00:00,0xcc81782694604b87733253d445944fdb9fc3174b3851e6ca846730dd8ec4d4e8,4,2,0x490f1d47c41ba36f103a8db40b3c4db532b41899,0x58daec3116aae6d93017baaea7749052e8a04fa7,0x0e6ef141436d1b1948593ce40268b6ffc56870929e83922c15a4a5d64f5b4636,ADD,-880000,880000,147379660011326,147379660011326,0x000000000000000000000000000000000000000000000000000000000004bc42,310338,False
FIRE_USDG_40pct,18437535,2026-07-24T20:30:34+00:00,0x43288cfad6f5a385c7a40ece37a8ccc931cbaa4c0a53d2530ac5dcdb5ff6e0c3,2,1,0x1983824aa3cf023dfd233115e801520b9d49a258,0x58daec3116aae6d93017baaea7749052e8a04fa7,0x0e6ef141436d1b1948593ce40268b6ffc56870929e83922c15a4a5d64f5b4636,ZERO,-880000,880000,0,0,0x000000000000000000000000000000000000000000000000000000000004cef7,315127,False
FIRE_USDG_40pct,18449010,2026-07-24T20:49:44+00:00,0xc0c8e439803389440a73b1eb253f0e6045e18b3563c3ee1939db1d52fe82d7a8,1,0,0xc6312da2663570a2aee12b27a0c6da4683339acd,0x58daec3116aae6d93017baaea7749052e8a04fa7,0x0e6ef141436d1b1948593ce40268b6ffc56870929e83922c15a4a5d64f5b4636,ZERO,-880000,880000,0,0,0x00000000000000000000000000000000000000000000000000000000000325bd,206269,True
FIRE_USDG_40pct,18460997,2026-07-24T21:09:45+00:00,0x9a38f7d7bc587ed9ada168c3f338011973cb4d75f299065ac2d091c450b63251,3,5,0x1aa511c41636dc4e1dafe5092157eb606da01d03,0x58daec3116aae6d93017baaea7749052e8a04fa7,0x0e6ef141436d1b1948593ce40268b6ffc56870929e83922c15a4a5d64f5b4636,ADD,-880000,880000,183541248887932,183541248887932,0x0000000000000000000000000000000000000000000000000000000000052b49,338761,False
FIRE_USDG_40pct,18464356,2026-07-24T21:15:22+00:00,0x217dfe76952db0bc6e0e7b02df1959552d804613423c3049aa1e81c14bb76fc7,1,1,0xd0010d99334e89b18f42c1517ad69675113878da,0x58daec3116aae6d93017baaea7749052e8a04fa7,0x0e6ef141436d1b1948593ce40268b6ffc56870929e83922c15a4a5d64f5b4636,ADD,-880000,880000,148561109618079,148561109618079,0x0000000000000000000000000000000000000000000000000000000000052b8f,338831,False
FIRE_USDG_40pct,18464618,2026-07-24T21:15:48+00:00,0x1f0c99fc922d08800d6627e2ac57f3bedb797a1ff3bea41514d32762c419e73a,3,1,0xd0010d99334e89b18f42c1517ad69675113878da,0x58daec3116aae6d93017baaea7749052e8a04fa7,0x0e6ef141436d1b1948593ce40268b6ffc56870929e83922c15a4a5d64f5b4636,ZERO,-880000,880000,0,0,0x00000000000000000000000000000000000000000000000000000000000506d4,329428,False
FIRE_USDG_40pct,18882899,2026-07-25T08:55:59+00:00,0xa227a71be86bc8b9c77075e8c561a925b1ed966205d28b5a98b4bf8417ce24e1,3,2,0xe49193acd219557a150e35ccc2a66f89c42482e6,0x58daec3116aae6d93017baaea7749052e8a04fa7,0x0e6ef141436d1b1948593ce40268b6ffc56870929e83922c15a4a5d64f5b4636,ADD,-880000,880000,662255472107349,662255472107349,0x0000000000000000000000000000000000000000000000000000000000054800,346112,False
FIRE_USDG_40pct,19054510,2026-07-25T13:43:17+00:00,0x1ca4ed81a1d530470d29ad070219e163bd7afbdf3723e7a05b795cad73a070db,6,4,0xd0010d99334e89b18f42c1517ad69675113878da,0x58daec3116aae6d93017baaea7749052e8a04fa7,0x0e6ef141436d1b1948593ce40268b6ffc56870929e83922c15a4a5d64f5b4636,REMOVE,-880000,880000,-201655148926717,201655148926717,0x00000000000000000000000000000000000000000000000000000000000506d4,329428,False
FIRE_USDG_40pct,19697387,2026-07-26T07:38:34+00:00,0xe8030bce4bb035df2aed75a9270fbebdefd8f28f4788c73d1bebdde9fb2c2320,6,2,0x490f1d47c41ba36f103a8db40b3c4db532b41899,0x58daec3116aae6d93017baaea7749052e8a04fa7,0x0e6ef141436d1b1948593ce40268b6ffc56870929e83922c15a4a5d64f5b4636,REMOVE,-880000,880000,-375822974833581,375822974833581,0x000000000000000000000000000000000000000000000000000000000004bc42,310338,False
FIRE_USDG_40pct,20033033,2026-07-26T16:59:40+00:00,0xa5ab1d58d0015e4b4ca00f9511dcf719abf8ebf8532c35b9dbb3ec91d651b7c2,9,7,0xd0010d99334e89b18f42c1517ad69675113878da,0x58daec3116aae6d93017baaea7749052e8a04fa7,0x0e6ef141436d1b1948593ce40268b6ffc56870929e83922c15a4a5d64f5b4636,ZERO,-880000,880000,0,0,0x0000000000000000000000000000000000000000000000000000000000052b8f,338831,False
FIRE_USDG_40pct,20053303,2026-07-26T17:33:27+00:00,0x8735626ce77fb29e290fa6ac2e9a5c55becd53b014a7e82ea17726d77b70943b,1,0,0xd0010d99334e89b18f42c1517ad69675113878da,0x58daec3116aae6d93017baaea7749052e8a04fa7,0x0e6ef141436d1b1948593ce40268b6ffc56870929e83922c15a4a5d64f5b4636,REMOVE,-880000,880000,-148561109618079,148561109618079,0x0000000000000000000000000000000000000000000000000000000000052b8f,338831,False
FIRE_USDG_40pct,20162041,2026-07-26T20:34:59+00:00,0x7efe9a1d9b30f8578be9ed888ca08745f2c40d68a78023a209fee8d2facd996c,6,30,0x1983824aa3cf023dfd233115e801520b9d49a258,0x58daec3116aae6d93017baaea7749052e8a04fa7,0x0e6ef141436d1b1948593ce40268b6ffc56870929e83922c15a4a5d64f5b4636,ZERO,-880000,880000,0,0,0x000000000000000000000000000000000000000000000000000000000004cef7,315127,False
FIRE_USDG_40pct,20313889,2026-07-27T00:48:45+00:00,0x56c1a377440dbd45996cbed256d0163418be0473a93e69ef7d9ce6c1d70d9e56,2,23,0xe49193acd219557a150e35ccc2a66f89c42482e6,0x58daec3116aae6d93017baaea7749052e8a04fa7,0x0e6ef141436d1b1948593ce40268b6ffc56870929e83922c15a4a5d64f5b4636,ZERO,-880000,880000,0,0,0x0000000000000000000000000000000000000000000000000000000000054800,346112,False
FIRE_USDG_40pct,20340943,2026-07-27T01:34:00+00:00,0xe11038d8d04fa417d487e4aa792e8fc11208662e1888bf359e10454e3b48d1d1,4,7,0x490f1d47c41ba36f103a8db40b3c4db532b41899,0x58daec3116aae6d93017baaea7749052e8a04fa7,0x0e6ef141436d1b1948593ce40268b6ffc56870929e83922c15a4a5d64f5b4636,ADD,-880000,880000,113979744364277,113979744364277,0x000000000000000000000000000000000000000000000000000000000004bc42,310338,False
FIRE_USDG_40pct,20361451,2026-07-27T02:08:19+00:00,0xaca1213923dafab1f0c8f8083f49fcaeceb993bc7d0076806dd3f90194830921,1,0,0x1983824aa3cf023dfd233115e801520b9d49a258,0x58daec3116aae6d93017baaea7749052e8a04fa7,0x0e6ef141436d1b1948593ce40268b6ffc56870929e83922c15a4a5d64f5b4636,ZERO,-880000,880000,0,0,0x000000000000000000000000000000000000000000000000000000000004cef7,315127,False
FIRE_USDG_40pct,20361760,2026-07-27T02:08:50+00:00,0x58729440a8292169cf56c1a6e08c75f16902e93d0b9cb994784b92e4ae3f42e9,5,6,0x1983824aa3cf023dfd233115e801520b9d49a258,0x58daec3116aae6d93017baaea7749052e8a04fa7,0x0e6ef141436d1b1948593ce40268b6ffc56870929e83922c15a4a5d64f5b4636,ADD,-880000,880000,198289300111302,198289300111302,0x000000000000000000000000000000000000000000000000000000000004cef7,315127,False
FIRE_USDG_40pct,20374164,2026-07-27T02:29:35+00:00,0xd8faeba56b03ac05fb7d42be5b6d495c0a2e2478dc5b57a10cf227edc4c16684,2,4,0x490f1d47c41ba36f103a8db40b3c4db532b41899,0x58daec3116aae6d93017baaea7749052e8a04fa7,0x0e6ef141436d1b1948593ce40268b6ffc56870929e83922c15a4a5d64f5b4636,ZERO,-880000,880000,0,0,0x000000000000000000000000000000000000000000000000000000000004bc42,310338,False
FIRE_USDG_40pct,20374468,2026-07-27T02:30:05+00:00,0x8c10c0ac37ee1c8393cca1aabdf16770bdb561e5e25c8231b2d02da8ae72571d,3,11,0x490f1d47c41ba36f103a8db40b3c4db532b41899,0x58daec3116aae6d93017baaea7749052e8a04fa7,0x0e6ef141436d1b1948593ce40268b6ffc56870929e83922c15a4a5d64f5b4636,ADD,-880000,880000,124058576975269,124058576975269,0x000000000000000000000000000000000000000000000000000000000004bc42,310338,False
FIRE_USDG_40pct,20386239,2026-07-27T02:49:47+00:00,0x729384ff8ae5a551ded020ebfd1c04ffd6a30902bca0d794a48e361dee98a19e,5,11,0x1983824aa3cf023dfd233115e801520b9d49a258,0x58daec3116aae6d93017baaea7749052e8a04fa7,0x0e6ef141436d1b1948593ce40268b6ffc56870929e83922c15a4a5d64f5b4636,ZERO,-880000,880000,0,0,0x000000000000000000000000000000000000000000000000000000000004cef7,315127,False
FIRE_USDG_40pct,20386406,2026-07-27T02:50:04+00:00,0x833b5b129bc659a675f9fd3111048ade586da823461ff929c04e56956e6673b5,2,0,0x1983824aa3cf023dfd233115e801520b9d49a258,0x58daec3116aae6d93017baaea7749052e8a04fa7,0x0e6ef141436d1b1948593ce40268b6ffc56870929e83922c15a4a5d64f5b4636,ADD,-880000,880000,58937725883425,58937725883425,0x000000000000000000000000000000000000000000000000000000000004cef7,315127,False
FIRE_USDG_40pct,20390883,2026-07-27T02:57:32+00:00,0x577fbb8c159fa7070f73bf50dcbd705b103e5bdc380a8bb0dad4e862ddb7469f,2,1,0x490f1d47c41ba36f103a8db40b3c4db532b41899,0x58daec3116aae6d93017baaea7749052e8a04fa7,0x0e6ef141436d1b1948593ce40268b6ffc56870929e83922c15a4a5d64f5b4636,ZERO,-880000,880000,0,0,0x000000000000000000000000000000000000000000000000000000000004bc42,310338,False
FIRE_USDG_40pct,20410823,2026-07-27T03:30:55+00:00,0x0ee52d8a91a2eb17d196e1e776c03345bec08ddae51c44d1dfaf216cbd53b0b4,5,9,0x490f1d47c41ba36f103a8db40b3c4db532b41899,0x58daec3116aae6d93017baaea7749052e8a04fa7,0x0e6ef141436d1b1948593ce40268b6ffc56870929e83922c15a4a5d64f5b4636,ADD,-880000,880000,212596675493404,212596675493404,0x000000000000000000000000000000000000000000000000000000000004bc42,310338,False
FIRE_USDG_40pct,20530322,2026-07-27T06:50:54+00:00,0x92056c3c52e43c5e77dcefe2052fc40e1ea2a66a15859bf30919dde192492f5f,1,0,0xc6312da2663570a2aee12b27a0c6da4683339acd,0x58daec3116aae6d93017baaea7749052e8a04fa7,0x0e6ef141436d1b1948593ce40268b6ffc56870929e83922c15a4a5d64f5b4636,ZERO,-880000,880000,0,0,0x00000000000000000000000000000000000000000000000000000000000325bd,206269,True
FIRE_USDG_40pct,20627607,2026-07-27T09:33:43+00:00,0x9d03abb55c71ea91ac41f25351369b12edcecf72753a6b87c5b29eb32216f5cb,3,13,0xa1e4bca023d741bd8d8609875ceef2abd8d755a3,0x58daec3116aae6d93017baaea7749052e8a04fa7,0x0e6ef141436d1b1948593ce40268b6ffc56870929e83922c15a4a5d64f5b4636,ADD,-880000,880000,258410118604297,258410118604297,0x000000000000000000000000000000000000000000000000000000000005ab9b,371611,False
FIRE_USDG_40pct,20699089,2026-07-27T11:33:19+00:00,0x6eb7c2bb4dc20ecd597bb14d208914f94ab5184adb55767ed2fc642cc40ca21d,1,0,0x1983824aa3cf023dfd233115e801520b9d49a258,0x58daec3116aae6d93017baaea7749052e8a04fa7,0x0e6ef141436d1b1948593ce40268b6ffc56870929e83922c15a4a5d64f5b4636,REMOVE,-880000,880000,-1081874145157559,1081874145157559,0x000000000000000000000000000000000000000000000000000000000004cef7,315127,False
FIRE_USDG_40pct,20743785,2026-07-27T12:48:04+00:00,0xf1a0ae99692c7619b65c487b2487ade95ec2e3737bd148e9d6410c0df6abe9d0,7,18,0x1aa511c41636dc4e1dafe5092157eb606da01d03,0x58daec3116aae6d93017baaea7749052e8a04fa7,0x0e6ef141436d1b1948593ce40268b6ffc56870929e83922c15a4a5d64f5b4636,ZERO,-880000,880000,0,0,0x0000000000000000000000000000000000000000000000000000000000052b49,338761,False
FIRE_USDG_40pct,20743928,2026-07-27T12:48:18+00:00,0xdf73f34fa3b40855fd795a025a3cab496fb6713bf8af50970259221787dad309,2,1,0x1aa511c41636dc4e1dafe5092157eb606da01d03,0x58daec3116aae6d93017baaea7749052e8a04fa7,0x0e6ef141436d1b1948593ce40268b6ffc56870929e83922c15a4a5d64f5b4636,ADD,-880000,880000,118412282552466,118412282552466,0x0000000000000000000000000000000000000000000000000000000000052b49,338761,False
FIRE_USDG_40pct,20744809,2026-07-27T12:49:47+00:00,0x65871beb871a322c3cac89b96137038a0ca88b94bacd25e0b122c2a47b8ac6bb,4,1,0xe49193acd219557a150e35ccc2a66f89c42482e6,0x58daec3116aae6d93017baaea7749052e8a04fa7,0x0e6ef141436d1b1948593ce40268b6ffc56870929e83922c15a4a5d64f5b4636,ZERO,-880000,880000,0,0,0x0000000000000000000000000000000000000000000000000000000000054800,346112,False
FIRE_USDG_40pct,21023575,2026-07-27T20:37:34+00:00,0x0a473eb4f8648079e0c5cde5a828e7f6e1760fd3d8453802c2b6c00aa0063cd3,8,2,0xa1e4bca023d741bd8d8609875ceef2abd8d755a3,0x58daec3116aae6d93017baaea7749052e8a04fa7,0x0e6ef141436d1b1948593ce40268b6ffc56870929e83922c15a4a5d64f5b4636,ZERO,-880000,880000,0,0,0x000000000000000000000000000000000000000000000000000000000005ab9b,371611,False
FIRE_USDG_40pct,21088413,2026-07-27T22:25:55+00:00,0xb7fe99424a8c1e54029ac613de73e03fd6a0ee942a88326cdc71f4a2d9999784,9,31,0x9dfdbeb37f2fd8744db65f6752c66beba351bdee,0x58daec3116aae6d93017baaea7749052e8a04fa7,0x0e6ef141436d1b1948593ce40268b6ffc56870929e83922c15a4a5d64f5b4636,ADD,-880000,880000,43737802735105,43737802735105,0x000000000000000000000000000000000000000000000000000000000005c7df,378847,False
FIRE_USDG_40pct,21150283,2026-07-28T00:09:20+00:00,0x7b40066d786b0266672813306a41f6395399e93b34d282e4c72e5e2474772195,5,1,0xe49193acd219557a150e35ccc2a66f89c42482e6,0x58daec3116aae6d93017baaea7749052e8a04fa7,0x0e6ef141436d1b1948593ce40268b6ffc56870929e83922c15a4a5d64f5b4636,ZERO,-880000,880000,0,0,0x0000000000000000000000000000000000000000000000000000000000054800,346112,False
FIRE_USDG_40pct,21159170,2026-07-28T00:24:11+00:00,0x31cffe8ca73da8ce8e345e823e8ec61c118c4be18fa4cdcec5ad7652e82bdd59,6,23,0x7777de7a669c6e76e059fae0e15a0ea041fd752c,0x58daec3116aae6d93017baaea7749052e8a04fa7,0x0e6ef141436d1b1948593ce40268b6ffc56870929e83922c15a4a5d64f5b4636,ADD,-880000,880000,1854768030234104,1854768030234104,0x000000000000000000000000000000000000000000000000000000000005cb6d,379757,False
FIRE_USDG_40pct,21895244,2026-07-28T20:55:18+00:00,0x79d3a671239361b08e28950520e77ff8b440b95da4d771c5648be3896079d0c8,2,4,0xa1e4bca023d741bd8d8609875ceef2abd8d755a3,0x58daec3116aae6d93017baaea7749052e8a04fa7,0x0e6ef141436d1b1948593ce40268b6ffc56870929e83922c15a4a5d64f5b4636,ZERO,-880000,880000,0,0,0x000000000000000000000000000000000000000000000000000000000005ab9b,371611,False
FIRE_USDG_40pct,21957059,2026-07-28T22:38:27+00:00,0xfc978ca28202e0d75330d9216e8c5f666c4cc5d86f178774e51c1c9996550c26,1,1,0x1aa511c41636dc4e1dafe5092157eb606da01d03,0x58daec3116aae6d93017baaea7749052e8a04fa7,0x0e6ef141436d1b1948593ce40268b6ffc56870929e83922c15a4a5d64f5b4636,ADD,-880000,880000,343992055113259,343992055113259,0x000000000000000000000000000000000000000000000000000000000005f17f,389503,False
FIRE_USDG_40pct,21964629,2026-07-28T22:51:05+00:00,0x956f126752ada37f5aa65ff6c60db2eaab72009dcd51782b1a96d5398e616097,32,12,0xe49193acd219557a150e35ccc2a66f89c42482e6,0x58daec3116aae6d93017baaea7749052e8a04fa7,0x0e6ef141436d1b1948593ce40268b6ffc56870929e83922c15a4a5d64f5b4636,ZERO,-880000,880000,0,0,0x0000000000000000000000000000000000000000000000000000000000054800,346112,False
FIRE_USDG_40pct,22257564,2026-07-29T07:00:25+00:00,0xf8d51ff40ad5744d6740dc74144b860e8169b1f566845d1657bb6bb87c3d8f09,3,907,0xa1e4bca023d741bd8d8609875ceef2abd8d755a3,0x58daec3116aae6d93017baaea7749052e8a04fa7,0x0e6ef141436d1b1948593ce40268b6ffc56870929e83922c15a4a5d64f5b4636,ZERO,-880000,880000,0,0,0x000000000000000000000000000000000000000000000000000000000005ab9b,371611,False
FIRE_USDG_40pct,22295011,2026-07-29T08:03:07+00:00,0x76d232e5f4295eabfcc9a332f4cc00bb58f833efdf9ad914df62561487ca9bac,6,22,0x490f1d47c41ba36f103a8db40b3c4db532b41899,0x58daec3116aae6d93017baaea7749052e8a04fa7,0x0e6ef141436d1b1948593ce40268b6ffc56870929e83922c15a4a5d64f5b4636,ZERO,-880000,880000,0,0,0x000000000000000000000000000000000000000000000000000000000004bc42,310338,False
FIRE_USDG_40pct,22646736,2026-07-29T17:51:04+00:00,0x5f9523e385eb45b4da6f136e37c8467d7dac51b0352f723e9c831ecfaead11a9,5,15,0x7777de7a669c6e76e059fae0e15a0ea041fd752c,0x58daec3116aae6d93017baaea7749052e8a04fa7,0x0e6ef141436d1b1948593ce40268b6ffc56870929e83922c15a4a5d64f5b4636,ZERO,-880000,880000,0,0,0x000000000000000000000000000000000000000000000000000000000005cb6d,379757,False
FIRE_USDG_40pct,22770285,2026-07-29T21:17:16+00:00,0xea8ae9ad1ff3d7eff9c45aa3c01ba23aa88b3412867dc7826c477e64337322eb,3,8,0xe49193acd219557a150e35ccc2a66f89c42482e6,0x58daec3116aae6d93017baaea7749052e8a04fa7,0x0e6ef141436d1b1948593ce40268b6ffc56870929e83922c15a4a5d64f5b4636,ZERO,-880000,880000,0,0,0x0000000000000000000000000000000000000000000000000000000000054800,346112,False
FIRE_USDG_40pct,22799859,2026-07-29T22:06:34+00:00,0x01d9a0c3b1bd71f6685b140520a8fbb95622914c818edd40140bd3d481a24e58,11,11,0x490f1d47c41ba36f103a8db40b3c4db532b41899,0x58daec3116aae6d93017baaea7749052e8a04fa7,0x0e6ef141436d1b1948593ce40268b6ffc56870929e83922c15a4a5d64f5b4636,REMOVE,-880000,880000,-287954660888738,287954660888738,0x000000000000000000000000000000000000000000000000000000000004bc42,310338,False
FIRE_USDG_40pct,22911014,2026-07-30T01:12:12+00:00,0xc258b4d938b038d46922146494c006ee7fda597a46ad2b64527c97dfb2d0ce79,3,1,0x7777de7a669c6e76e059fae0e15a0ea041fd752c,0x58daec3116aae6d93017baaea7749052e8a04fa7,0x0e6ef141436d1b1948593ce40268b6ffc56870929e83922c15a4a5d64f5b4636,ZERO,-880000,880000,0,0,0x000000000000000000000000000000000000000000000000000000000005cb6d,379757,False
FIRE_USDG_40pct,23187405,2026-07-30T08:54:32+00:00,0x6f54804c8d3d9c28df55247ac0c3ecf526596c0008b9018b6173566fbead28ce,3,3,0xa1e4bca023d741bd8d8609875ceef2abd8d755a3,0x58daec3116aae6d93017baaea7749052e8a04fa7,0x0e6ef141436d1b1948593ce40268b6ffc56870929e83922c15a4a5d64f5b4636,ZERO,-880000,880000,0,0,0x000000000000000000000000000000000000000000000000000000000005ab9b,371611,False
FIRE_USDG_40pct,23429847,2026-07-30T15:39:43+00:00,0xb91bc98a585090ee39d1c4dbc00820e40f2ec0c791283a2a54d51e0a69bcfffa,38,8,0xe49193acd219557a150e35ccc2a66f89c42482e6,0x58daec3116aae6d93017baaea7749052e8a04fa7,0x0e6ef141436d1b1948593ce40268b6ffc56870929e83922c15a4a5d64f5b4636,REMOVE,-880000,880000,-662255472107349,662255472107349,0x0000000000000000000000000000000000000000000000000000000000054800,346112,False
FIRE_USDG_40pct,23454954,2026-07-30T16:21:42+00:00,0x8f89573c81ef247269bb1f9d2c2960c0c326d560ebee193d3cf82a9fcdc6cd9f,1,0,0x490f1d47c41ba36f103a8db40b3c4db532b41899,0x58daec3116aae6d93017baaea7749052e8a04fa7,0x0e6ef141436d1b1948593ce40268b6ffc56870929e83922c15a4a5d64f5b4636,ZERO,-880000,880000,0,0,0x000000000000000000000000000000000000000000000000000000000004bc42,310338,False
FIRE_USDG_40pct,23459205,2026-07-30T16:28:51+00:00,0xc6d05c31a746b9701ae80910cd7b04fc71619d3d062418eab1f72e5edd3792aa,6,7,0x2179ecfa0619c125ca0fd28599cede9c239fbf2b,0x58daec3116aae6d93017baaea7749052e8a04fa7,0x0e6ef141436d1b1948593ce40268b6ffc56870929e83922c15a4a5d64f5b4636,ADD,-880000,880000,2148618485371444,2148618485371444,0x00000000000000000000000000000000000000000000000000000000000639bb,407995,False
FIRE_USDG_40pct,23501480,2026-07-30T17:39:27+00:00,0x2b9d746dfcc2438089a42e99775ee425003861962c1cc8ddaf140c78760f6142,14,16,0x7777de7a669c6e76e059fae0e15a0ea041fd752c,0x58daec3116aae6d93017baaea7749052e8a04fa7,0x0e6ef141436d1b1948593ce40268b6ffc56870929e83922c15a4a5d64f5b4636,ZERO,-880000,880000,0,0,0x000000000000000000000000000000000000000000000000000000000005cb6d,379757,False
FIRE_USDG_40pct,23514817,2026-07-30T18:01:43+00:00,0xd893d4196907f8c12e27e61099af56aa187000704b1a620e759b21638655a024,8,14,0x1aa511c41636dc4e1dafe5092157eb606da01d03,0x58daec3116aae6d93017baaea7749052e8a04fa7,0x0e6ef141436d1b1948593ce40268b6ffc56870929e83922c15a4a5d64f5b4636,ZERO,-880000,880000,0,0,0x000000000000000000000000000000000000000000000000000000000005f17f,389503,False
FIRE_USDG_40pct,23514948,2026-07-30T18:01:56+00:00,0xf94ad25b37b2f70e4ae0d41df229d51b78d92510945cb159d6ab72ff1d4b4ee3,4,8,0x1aa511c41636dc4e1dafe5092157eb606da01d03,0x58daec3116aae6d93017baaea7749052e8a04fa7,0x0e6ef141436d1b1948593ce40268b6ffc56870929e83922c15a4a5d64f5b4636,ADD,-880000,880000,141403338408691,141403338408691,0x000000000000000000000000000000000000000000000000000000000005f17f,389503,False
FIRE_USDG_40pct,23515134,2026-07-30T18:02:15+00:00,0xd7910a3096eda8a836f30f29faf7baf2a9546c453585125a2c11d5497f2a5ad7,7,22,0x1aa511c41636dc4e1dafe5092157eb606da01d03,0x58daec3116aae6d93017baaea7749052e8a04fa7,0x0e6ef141436d1b1948593ce40268b6ffc56870929e83922c15a4a5d64f5b4636,ZERO,-880000,880000,0,0,0x0000000000000000000000000000000000000000000000000000000000052b49,338761,False
FIRE_USDG_40pct,23515253,2026-07-30T18:02:27+00:00,0xace31c29e711568252a69abae48f9de19f76bd8ebdb95e8f68152a761e5e8493,3,7,0x1aa511c41636dc4e1dafe5092157eb606da01d03,0x58daec3116aae6d93017baaea7749052e8a04fa7,0x0e6ef141436d1b1948593ce40268b6ffc56870929e83922c15a4a5d64f5b4636,ADD,-880000,880000,160356908454036,160356908454036,0x0000000000000000000000000000000000000000000000000000000000052b49,338761,False
FIRE_USDG_40pct,23523933,2026-07-30T18:16:57+00:00,0xbff0cf92d6d3213f01eb50c9f9fba5cfc0f21d27b868484ca286441c6199b6d5,13,16,0x1aa511c41636dc4e1dafe5092157eb606da01d03,0x58daec3116aae6d93017baaea7749052e8a04fa7,0x0e6ef141436d1b1948593ce40268b6ffc56870929e83922c15a4a5d64f5b4636,ADD,-880000,880000,396268973496252,396268973496252,0x000000000000000000000000000000000000000000000000000000000005f17f,389503,False
FIRE_USDG_40pct,23593924,2026-07-30T20:13:51+00:00,0x74e6252d615cbd15484bcd6a8a643f9b15fbb4be47763dabf0c8bee3a30ec521,79,106,0x9dfdbeb37f2fd8744db65f6752c66beba351bdee,0x58daec3116aae6d93017baaea7749052e8a04fa7,0x0e6ef141436d1b1948593ce40268b6ffc56870929e83922c15a4a5d64f5b4636,ZERO,-880000,880000,0,0,0x000000000000000000000000000000000000000000000000000000000005c7df,378847,False
FIRE_USDG_40pct,23641012,2026-07-30T21:32:33+00:00,0xe3ca96bad97e1f1347c208b8c53ac4e836a5293320285842e8c92e1e24fd6f57,13,55,0xa1e4bca023d741bd8d8609875ceef2abd8d755a3,0x58daec3116aae6d93017baaea7749052e8a04fa7,0x0e6ef141436d1b1948593ce40268b6ffc56870929e83922c15a4a5d64f5b4636,ZERO,-880000,880000,0,0,0x000000000000000000000000000000000000000000000000000000000005ab9b,371611,False
FIRE_USDG_40pct,23674291,2026-07-30T22:28:24+00:00,0x1d25845168908ada99e410079516b1c9bfa7a2498e19610e7729d20d7d5759ac,9,32,0xc6312da2663570a2aee12b27a0c6da4683339acd,0x58daec3116aae6d93017baaea7749052e8a04fa7,0x0e6ef141436d1b1948593ce40268b6ffc56870929e83922c15a4a5d64f5b4636,ZERO,-880000,880000,0,0,0x00000000000000000000000000000000000000000000000000000000000325bd,206269,True
FIRE_USDG_40pct,23689807,2026-07-30T22:54:33+00:00,0x5269dd97bcb4f317a483052161557815561cbd54eb708493bbd75431e89e679e,3,5,0xc6312da2663570a2aee12b27a0c6da4683339acd,0x58daec3116aae6d93017baaea7749052e8a04fa7,0x0e6ef141436d1b1948593ce40268b6ffc56870929e83922c15a4a5d64f5b4636,ADD,-880000,880000,20595378192014,20595378192014,0x00000000000000000000000000000000000000000000000000000000000325bd,206269,True
FIRE_USDG_40pct,24176883,2026-07-31T12:27:52+00:00,0x17f8d864a51dfdbbbe8f8d7f646809abe571d21ffc6590ab878709c942bb5cd6,7,6,0x490f1d47c41ba36f103a8db40b3c4db532b41899,0x58daec3116aae6d93017baaea7749052e8a04fa7,0x0e6ef141436d1b1948593ce40268b6ffc56870929e83922c15a4a5d64f5b4636,ADD,-880000,880000,2041512694379710,2041512694379710,0x0000000000000000000000000000000000000000000000000000000000066bfa,420858,False
FIRE_USDG_40pct,24201828,2026-07-31T13:09:33+00:00,0x2153367727b0ced45742a67f1c3b6fc7a557354147f00b7197d17d53d42cc6b9,6,5,0x490f1d47c41ba36f103a8db40b3c4db532b41899,0x58daec3116aae6d93017baaea7749052e8a04fa7,0x0e6ef141436d1b1948593ce40268b6ffc56870929e83922c15a4a5d64f5b4636,REMOVE,-880000,880000,-287954660888739,287954660888739,0x000000000000000000000000000000000000000000000000000000000004bc42,310338,False
FIRE_USDG_40pct,24202061,2026-07-31T13:09:56+00:00,0xbc0eb21487b86c134a3ebbf2c9a4494a434c04c2198a2b60ae1873e89e8bbab6,3,5,0x490f1d47c41ba36f103a8db40b3c4db532b41899,0x58daec3116aae6d93017baaea7749052e8a04fa7,0x0e6ef141436d1b1948593ce40268b6ffc56870929e83922c15a4a5d64f5b4636,ADD,-880000,880000,287954648932559,287954648932559,0x0000000000000000000000000000000000000000000000000000000000066bfa,420858,False
FIRE_USDG_40pct,24571380,2026-07-31T23:26:16+00:00,0x6eb0c534c2ac7447408ec5e2709455bedb9ac1babc43b7d5f9f86e85684404ae,3,12,0x490f1d47c41ba36f103a8db40b3c4db532b41899,0x58daec3116aae6d93017baaea7749052e8a04fa7,0x0e6ef141436d1b1948593ce40268b6ffc56870929e83922c15a4a5d64f5b4636,ADD,-880000,880000,248746369149127,248746369149127,0x0000000000000000000000000000000000000000000000000000000000066bfa,420858,False
FIRE_USDG_40pct,24606148,2026-08-01T00:24:22+00:00,0xcb58feabd3555fc568f9651e4970854eac30947350a92a4507348b38fc9e2edf,6,16,0x490f1d47c41ba36f103a8db40b3c4db532b41899,0x58daec3116aae6d93017baaea7749052e8a04fa7,0x0e6ef141436d1b1948593ce40268b6ffc56870929e83922c15a4a5d64f5b4636,ZERO,-880000,880000,0,0,0x0000000000000000000000000000000000000000000000000000000000066bfa,420858,False
FIRE_USDG_40pct,24678651,2026-08-01T02:25:29+00:00,0x1157a768a29607a298bb802d7097b26fc50b17753eb2c811119a2439a2669e9c,11,34,0x490f1d47c41ba36f103a8db40b3c4db532b41899,0x58daec3116aae6d93017baaea7749052e8a04fa7,0x0e6ef141436d1b1948593ce40268b6ffc56870929e83922c15a4a5d64f5b4636,ZERO,-880000,880000,0,0,0x0000000000000000000000000000000000000000000000000000000000066bfa,420858,False
FIRE_USDG_40pct,24684267,2026-08-01T02:34:53+00:00,0x8bda86ccfa5fce02a53e7696f7f4096379b7f88a8385955ad2e4476a7cd1e5d7,2,1,0x490f1d47c41ba36f103a8db40b3c4db532b41899,0x58daec3116aae6d93017baaea7749052e8a04fa7,0x0e6ef141436d1b1948593ce40268b6ffc56870929e83922c15a4a5d64f5b4636,ADD,-880000,880000,694223173587252,694223173587252,0x0000000000000000000000000000000000000000000000000000000000066bfa,420858,False
FIRE_USDG_40pct,24687130,2026-08-01T02:39:39+00:00,0xee3dc9b1401fe7031087b8f1a17674c3b8c64dcb284186357bc654a5d732f682,5,19,0xa1e4bca023d741bd8d8609875ceef2abd8d755a3,0x58daec3116aae6d93017baaea7749052e8a04fa7,0x0e6ef141436d1b1948593ce40268b6ffc56870929e83922c15a4a5d64f5b4636,ZERO,-880000,880000,0,0,0x000000000000000000000000000000000000000000000000000000000005ab9b,371611,False
FIRE_USDG_40pct,24732330,2026-08-01T03:55:12+00:00,0x4ddd8eb1168448ddeea10059b341e4ff68a6de161991298c4715034d697ea8a6,6,9,0x7777de7a669c6e76e059fae0e15a0ea041fd752c,0x58daec3116aae6d93017baaea7749052e8a04fa7,0x0e6ef141436d1b1948593ce40268b6ffc56870929e83922c15a4a5d64f5b4636,ZERO,-880000,880000,0,0,0x000000000000000000000000000000000000000000000000000000000005cb6d,379757,False
FIRE_USDG_40pct,24749028,2026-08-01T04:23:09+00:00,0xf2c4ceca6e6425fd094d95f25f94c2e733e5a30409f9ddd602b87791ee534fda,1,0,0x490f1d47c41ba36f103a8db40b3c4db532b41899,0x58daec3116aae6d93017baaea7749052e8a04fa7,0x0e6ef141436d1b1948593ce40268b6ffc56870929e83922c15a4a5d64f5b4636,REMOVE,-880000,880000,-3272436886048648,3272436886048648,0x0000000000000000000000000000000000000000000000000000000000066bfa,420858,False
FIRE_USDG_40pct,24753023,2026-08-01T04:29:50+00:00,0xad93dce4a3c87335150f8d9894e927d79ad5d4b0644afcfdb2c6ff80c86baf48,5,26,0x490f1d47c41ba36f103a8db40b3c4db532b41899,0x58daec3116aae6d93017baaea7749052e8a04fa7,0x0e6ef141436d1b1948593ce40268b6ffc56870929e83922c15a4a5d64f5b4636,ADD,-880000,880000,1975023934551983,1975023934551983,0x0000000000000000000000000000000000000000000000000000000000066bfa,420858,False
FIRE_USDG_40pct,25225594,2026-08-01T17:40:18+00:00,0xb6764391387338082dd6d85006fbbc2599e31e015b0b1a291012537be9613ffb,3,2,0x1aa511c41636dc4e1dafe5092157eb606da01d03,0x58daec3116aae6d93017baaea7749052e8a04fa7,0x0e6ef141436d1b1948593ce40268b6ffc56870929e83922c15a4a5d64f5b4636,ZERO,-880000,880000,0,0,0x000000000000000000000000000000000000000000000000000000000005f17f,389503,False
FIRE_USDG_40pct,25250111,2026-08-01T18:21:16+00:00,0xac007721d121bccd14a37aa5ec9885b7deae661424a30a42367b144e713e769c,12,79,0x1aa511c41636dc4e1dafe5092157eb606da01d03,0x58daec3116aae6d93017baaea7749052e8a04fa7,0x0e6ef141436d1b1948593ce40268b6ffc56870929e83922c15a4a5d64f5b4636,ZERO,-880000,880000,0,0,0x0000000000000000000000000000000000000000000000000000000000052b49,338761,False
FIRE_USDG_40pct,25378498,2026-08-01T21:55:34+00:00,0x5a2f54d8845ac335def0d156ab05c4729be4992295fe15977a21d497ea1a9dbe,10,40,0x9dfdbeb37f2fd8744db65f6752c66beba351bdee,0x58daec3116aae6d93017baaea7749052e8a04fa7,0x0e6ef141436d1b1948593ce40268b6ffc56870929e83922c15a4a5d64f5b4636,ZERO,-880000,880000,0,0,0x000000000000000000000000000000000000000000000000000000000005c7df,378847,False
FIRE_USDG_40pct,25419489,2026-08-01T23:04:04+00:00,0x96e25ad2818386306f5899ba4f8ba30e8e4ec1756c3d779dd38ac53bdb71c641,1,0,0x2179ecfa0619c125ca0fd28599cede9c239fbf2b,0x58daec3116aae6d93017baaea7749052e8a04fa7,0x0e6ef141436d1b1948593ce40268b6ffc56870929e83922c15a4a5d64f5b4636,ZERO,-880000,880000,0,0,0x00000000000000000000000000000000000000000000000000000000000639bb,407995,False
FIRE_USDG_40pct,25419614,2026-08-01T23:04:16+00:00,0xd09b4a2b33263bd5eda0b2ff39a7c1cf091deca46bd65d35c92e31b4077f6c61,4,33,0x2179ecfa0619c125ca0fd28599cede9c239fbf2b,0x58daec3116aae6d93017baaea7749052e8a04fa7,0x0e6ef141436d1b1948593ce40268b6ffc56870929e83922c15a4a5d64f5b4636,ADD,-880000,880000,468578233565419,468578233565419,0x00000000000000000000000000000000000000000000000000000000000639bb,407995,False
FIRE_USDG_40pct,25547785,2026-08-02T02:38:30+00:00,0xc2601057ddb183dccc324b26798aa9290a94a7bc628723970603d8718f9483c5,1,0,0xc6312da2663570a2aee12b27a0c6da4683339acd,0x58daec3116aae6d93017baaea7749052e8a04fa7,0x0e6ef141436d1b1948593ce40268b6ffc56870929e83922c15a4a5d64f5b4636,ZERO,-880000,880000,0,0,0x00000000000000000000000000000000000000000000000000000000000325bd,206269,True
FIRE_USDG_40pct,26160672,2026-08-02T19:43:17+00:00,0x0e165ecc1abef0bd8b30f86e47dc5ff5204f21edda39ebf3758022e9f1030217,16,47,0x490f1d47c41ba36f103a8db40b3c4db532b41899,0x58daec3116aae6d93017baaea7749052e8a04fa7,0x0e6ef141436d1b1948593ce40268b6ffc56870929e83922c15a4a5d64f5b4636,ZERO,-880000,880000,0,0,0x0000000000000000000000000000000000000000000000000000000000066bfa,420858,False
FIRE_USDG_40pct,26185144,2026-08-02T20:24:08+00:00,0xaf1a605836a556672c47bb83534c6f0f0012e8b7f938206f2ccc3372650817df,7,16,0xa1e4bca023d741bd8d8609875ceef2abd8d755a3,0x58daec3116aae6d93017baaea7749052e8a04fa7,0x0e6ef141436d1b1948593ce40268b6ffc56870929e83922c15a4a5d64f5b4636,ZERO,-880000,880000,0,0,0x000000000000000000000000000000000000000000000000000000000005ab9b,371611,False
FIRE_USDG_40pct,26198852,2026-08-02T20:46:59+00:00,0x7345b58b2fe7fce5fa06994176ca75c348376207c4bd5881a40b4f615f69cf90,12,24,0x490f1d47c41ba36f103a8db40b3c4db532b41899,0x58daec3116aae6d93017baaea7749052e8a04fa7,0x0e6ef141436d1b1948593ce40268b6ffc56870929e83922c15a4a5d64f5b4636,REMOVE,-880000,880000,-1975023934551983,1975023934551983,0x0000000000000000000000000000000000000000000000000000000000066bfa,420858,False
FIRE_USDG_40pct,26291727,2026-08-02T23:21:55+00:00,0x4d7b4d96ee06ebc3772190da71826578d60d38833e24379739c06560e36b1dd6,15,88,0x490f1d47c41ba36f103a8db40b3c4db532b41899,0x58daec3116aae6d93017baaea7749052e8a04fa7,0x0e6ef141436d1b1948593ce40268b6ffc56870929e83922c15a4a5d64f5b4636,ADD,-384000,-336000,382904752478867,382904752478867,0x000000000000000000000000000000000000000000000000000000000006cd3c,445756,False
FIRE_USDG_40pct,26293936,2026-08-02T23:25:36+00:00,0x10a963d1557899ad26eb6059efe911b63923d04c0892624b258b414e896fdb50,4,6,0x7777de7a669c6e76e059fae0e15a0ea041fd752c,0x58daec3116aae6d93017baaea7749052e8a04fa7,0x0e6ef141436d1b1948593ce40268b6ffc56870929e83922c15a4a5d64f5b4636,ZERO,-880000,880000,0,0,0x000000000000000000000000000000000000000000000000000000000005cb6d,379757,False
FIRE_USDG_40pct,26759225,2026-08-03T12:23:21+00:00,0x59eeeb29b65eb7f43e498d7c011c71c35e240047402b588f100ccf090875e29f,9,9,0x2179ecfa0619c125ca0fd28599cede9c239fbf2b,0x58daec3116aae6d93017baaea7749052e8a04fa7,0x0e6ef141436d1b1948593ce40268b6ffc56870929e83922c15a4a5d64f5b4636,ZERO,-880000,880000,0,0,0x00000000000000000000000000000000000000000000000000000000000639bb,407995,False
FIRE_USDG_40pct,28150341,2026-08-05T03:07:43+00:00,0x1b12a8c8ad3651b5ae156ed220e6260a7fefb43fd3ab038a1c022f289bb323cc,16,47,0x490f1d47c41ba36f103a8db40b3c4db532b41899,0x58daec3116aae6d93017baaea7749052e8a04fa7,0x0e6ef141436d1b1948593ce40268b6ffc56870929e83922c15a4a5d64f5b4636,REMOVE,-384000,-336000,-382904752478867,382904752478867,0x000000000000000000000000000000000000000000000000000000000006cd3c,445756,False
FIRE_USDG_40pct,28915643,2026-08-06T00:25:12+00:00,0x8e34ce1ed13578ef2d5067ad2076d7ab2dc1f29da95d632d40e5a2f564a1ed4a,1,0,0x2179ecfa0619c125ca0fd28599cede9c239fbf2b,0x58daec3116aae6d93017baaea7749052e8a04fa7,0x0e6ef141436d1b1948593ce40268b6ffc56870929e83922c15a4a5d64f5b4636,ZERO,-880000,880000,0,0,0x00000000000000000000000000000000000000000000000000000000000639bb,407995,False
FIRE_USDG_40pct,28915791,2026-08-06T00:25:26+00:00,0x06f3a1d8890e6bb82428105ec8449d3bc8fd0c52e5320240aee43a670a55a328,4,19,0x2179ecfa0619c125ca0fd28599cede9c239fbf2b,0x58daec3116aae6d93017baaea7749052e8a04fa7,0x0e6ef141436d1b1948593ce40268b6ffc56870929e83922c15a4a5d64f5b4636,ADD,-880000,880000,52053328637012,52053328637012,0x00000000000000000000000000000000000000000000000000000000000639bb,407995,False
FIRE_USDG_40pct,28949483,2026-08-06T01:21:40+00:00,0x6af713905543154e0eec8ad088c98f93aabfe93da228190a8cb4e8752375f7d8,13,53,0x9dfdbeb37f2fd8744db65f6752c66beba351bdee,0x58daec3116aae6d93017baaea7749052e8a04fa7,0x0e6ef141436d1b1948593ce40268b6ffc56870929e83922c15a4a5d64f5b4636,REMOVE,-880000,880000,-43737802735105,43737802735105,0x000000000000000000000000000000000000000000000000000000000005c7df,378847,False
FIRE_USDG_40pct,29678904,2026-08-06T21:39:45+00:00,0x8f645d2060c532692cb71f80ca49f8431d77c1aee17374a4dd9a7142562da1b0,2,35,0xa1e4bca023d741bd8d8609875ceef2abd8d755a3,0x58daec3116aae6d93017baaea7749052e8a04fa7,0x0e6ef141436d1b1948593ce40268b6ffc56870929e83922c15a4a5d64f5b4636,ZERO,-880000,880000,0,0,0x000000000000000000000000000000000000000000000000000000000005ab9b,371611,False
FIRE_USDG_40pct,29680388,2026-08-06T21:42:15+00:00,0x7a5620a5646518a7d3c76dcd5eed8c67b3cad361de02000739122217660d08f2,7,57,0x2179ecfa0619c125ca0fd28599cede9c239fbf2b,0x58daec3116aae6d93017baaea7749052e8a04fa7,0x0e6ef141436d1b1948593ce40268b6ffc56870929e83922c15a4a5d64f5b4636,ZERO,-880000,880000,0,0,0x00000000000000000000000000000000000000000000000000000000000639bb,407995,False
FIRE_USDG_40pct,29680487,2026-08-06T21:42:25+00:00,0x59fe9bc8b4e2fd5e58c66a7c14125f43eb63629884a57c599b153c45808761f0,8,7,0x2179ecfa0619c125ca0fd28599cede9c239fbf2b,0x58daec3116aae6d93017baaea7749052e8a04fa7,0x0e6ef141436d1b1948593ce40268b6ffc56870929e83922c15a4a5d64f5b4636,ADD,-880000,880000,165552798236203,165552798236203,0x00000000000000000000000000000000000000000000000000000000000639bb,407995,False
FIRE_USDG_40pct,29695807,2026-08-06T22:07:59+00:00,0x35212f2a14d8271a149ca26571f93da538ad5622a65dc91964ff55d1c2de239b,8,22,0x7777de7a669c6e76e059fae0e15a0ea041fd752c,0x58daec3116aae6d93017baaea7749052e8a04fa7,0x0e6ef141436d1b1948593ce40268b6ffc56870929e83922c15a4a5d64f5b4636,ZERO,-880000,880000,0,0,0x000000000000000000000000000000000000000000000000000000000005cb6d,379757,False
FIRE_USDG_40pct,29695943,2026-08-06T22:08:12+00:00,0x38bd9764324a3b93214a3d5de2cc29c7e12c99c0f66f2a25c35f24b4588b0ee0,5,21,0x7777de7a669c6e76e059fae0e15a0ea041fd752c,0x58daec3116aae6d93017baaea7749052e8a04fa7,0x0e6ef141436d1b1948593ce40268b6ffc56870929e83922c15a4a5d64f5b4636,ADD,-880000,880000,186076659420543,186076659420543,0x000000000000000000000000000000000000000000000000000000000005cb6d,379757,False
FIRE_USDG_40pct,29696841,2026-08-06T22:09:41+00:00,0x7c3ff926d7df5149c39cd970257e7813c0aaa9a7d45e1d9682d62fd41787c653,4,9,0x7777de7a669c6e76e059fae0e15a0ea041fd752c,0x58daec3116aae6d93017baaea7749052e8a04fa7,0x0e6ef141436d1b1948593ce40268b6ffc56870929e83922c15a4a5d64f5b4636,ADD,-880000,880000,745188626330019,745188626330019,0x000000000000000000000000000000000000000000000000000000000005cb6d,379757,False
FIRE_USDG_40pct,29747499,2026-08-06T23:34:17+00:00,0x44f7ed0774db68bc3f89369cc0c60037a77999c03b75ad2ecccf4f4061d8ed49,16,9,0x1aa511c41636dc4e1dafe5092157eb606da01d03,0x58daec3116aae6d93017baaea7749052e8a04fa7,0x0e6ef141436d1b1948593ce40268b6ffc56870929e83922c15a4a5d64f5b4636,ZERO,-880000,880000,0,0,0x000000000000000000000000000000000000000000000000000000000005f17f,389503,False
FIRE_USDG_40pct,29747631,2026-08-06T23:34:30+00:00,0x101bb7c4ae96cec554c36ea143fa944b7ea104a225456c4604ceaad2ba230867,27,9,0x1aa511c41636dc4e1dafe5092157eb606da01d03,0x58daec3116aae6d93017baaea7749052e8a04fa7,0x0e6ef141436d1b1948593ce40268b6ffc56870929e83922c15a4a5d64f5b4636,ADD,-880000,880000,109759760019962,109759760019962,0x000000000000000000000000000000000000000000000000000000000005f17f,389503,False
FIRE_USDG_40pct,29747888,2026-08-06T23:34:56+00:00,0xaed50e06056b53be9ee3e5df99ac9832f6f20e57429d70eede4d83a98e1765e3,58,10,0x1aa511c41636dc4e1dafe5092157eb606da01d03,0x58daec3116aae6d93017baaea7749052e8a04fa7,0x0e6ef141436d1b1948593ce40268b6ffc56870929e83922c15a4a5d64f5b4636,ZERO,-880000,880000,0,0,0x0000000000000000000000000000000000000000000000000000000000052b49,338761,False
FIRE_USDG_40pct,29748151,2026-08-06T23:35:22+00:00,0x758c0237dca71b757e253afd6b1ae0b804ac66502f6371e3fc655d4150a01884,34,0,0x1aa511c41636dc4e1dafe5092157eb606da01d03,0x58daec3116aae6d93017baaea7749052e8a04fa7,0x0e6ef141436d1b1948593ce40268b6ffc56870929e83922c15a4a5d64f5b4636,REMOVE,-880000,880000,-462310439894434,462310439894434,0x0000000000000000000000000000000000000000000000000000000000052b49,338761,False
FIRE_USDG_40pct,29748390,2026-08-06T23:35:46+00:00,0x125f41df02baeab3d59fe09f4b32c6ed233534af1973502fa2cb3b53a68704cf,68,10,0x1aa511c41636dc4e1dafe5092157eb606da01d03,0x58daec3116aae6d93017baaea7749052e8a04fa7,0x0e6ef141436d1b1948593ce40268b6ffc56870929e83922c15a4a5d64f5b4636,ADD,-880000,880000,519864172577795,519864172577795,0x000000000000000000000000000000000000000000000000000000000005f17f,389503,False
FIRE_USDG_40pct,29750575,2026-08-06T23:39:23+00:00,0x58e93c9d7cefc477dff677666a8d8efc41ef218c889a9fc2add49ded4f8d8fb1,6,6,0x7777de7a669c6e76e059fae0e15a0ea041fd752c,0x58daec3116aae6d93017baaea7749052e8a04fa7,0x0e6ef141436d1b1948593ce40268b6ffc56870929e83922c15a4a5d64f5b4636,ZERO,-880000,880000,0,0,0x000000000000000000000000000000000000000000000000000000000005cb6d,379757,False
FIRE_USDG_40pct,29763686,2026-08-07T00:01:08+00:00,0x1c701a161b44fe5827f4ebd750910c9cda0e3af556ae33b50b4545f4bcfd5e50,15,14,0xa1e4bca023d741bd8d8609875ceef2abd8d755a3,0x58daec3116aae6d93017baaea7749052e8a04fa7,0x0e6ef141436d1b1948593ce40268b6ffc56870929e83922c15a4a5d64f5b4636,ZERO,-880000,880000,0,0,0x000000000000000000000000000000000000000000000000000000000005ab9b,371611,False
FIRE_USDG_40pct,29779495,2026-08-07T00:27:15+00:00,0x93cc7ec7b6e5214759ddaf8269fffa7543e89dc2002f3d7f0e9bcc772b12e403,64,5,0x2179ecfa0619c125ca0fd28599cede9c239fbf2b,0x58daec3116aae6d93017baaea7749052e8a04fa7,0x0e6ef141436d1b1948593ce40268b6ffc56870929e83922c15a4a5d64f5b4636,ZERO,-880000,880000,0,0,0x00000000000000000000000000000000000000000000000000000000000639bb,407995,False
FIRE_USDG_40pct,29779597,2026-08-07T00:27:26+00:00,0x4b9d134295e380b850245b32206f18179e56787535df34c802e42ffc75d67d9f,16,3,0x2179ecfa0619c125ca0fd28599cede9c239fbf2b,0x58daec3116aae6d93017baaea7749052e8a04fa7,0x0e6ef141436d1b1948593ce40268b6ffc56870929e83922c15a4a5d64f5b4636,ADD,-880000,880000,75363557988606,75363557988606,0x00000000000000000000000000000000000000000000000000000000000639bb,407995,False
FIRE_USDG_40pct,30007542,2026-08-07T06:48:07+00:00,0x40491830d11d4caeb6f4943c1a52fac936bf82628135a020fafc952f08ad916d,1,0,0xc6312da2663570a2aee12b27a0c6da4683339acd,0x58daec3116aae6d93017baaea7749052e8a04fa7,0x0e6ef141436d1b1948593ce40268b6ffc56870929e83922c15a4a5d64f5b4636,ZERO,-880000,880000,0,0,0x00000000000000000000000000000000000000000000000000000000000325bd,206269,True
FIRE_USDG_40pct,30452227,2026-08-07T19:11:07+00:00,0x54a82fd80a120f34e7910bc07b020aae6539e06a6fd7a451d40d362ff92a9b40,8,34,0x7777de7a669c6e76e059fae0e15a0ea041fd752c,0x58daec3116aae6d93017baaea7749052e8a04fa7,0x0e6ef141436d1b1948593ce40268b6ffc56870929e83922c15a4a5d64f5b4636,ZERO,-880000,880000,0,0,0x000000000000000000000000000000000000000000000000000000000005cb6d,379757,False
FIRE_USDG_40pct,30452395,2026-08-07T19:11:23+00:00,0x36b76f157cf0ba8ceb2fa442c7f09de56b439fe5c3be383c89d1e51af7029d12,9,37,0x7777de7a669c6e76e059fae0e15a0ea041fd752c,0x58daec3116aae6d93017baaea7749052e8a04fa7,0x0e6ef141436d1b1948593ce40268b6ffc56870929e83922c15a4a5d64f5b4636,ADD,-880000,880000,489594514898884,489594514898884,0x000000000000000000000000000000000000000000000000000000000005cb6d,379757,False
FIRE_USDG_40pct,30465735,2026-08-07T19:33:41+00:00,0x9b54f00888cf9ae0df90b46189b1a3499d496331a4d7572c43996c4b8520844c,3,15,0x2179ecfa0619c125ca0fd28599cede9c239fbf2b,0x58daec3116aae6d93017baaea7749052e8a04fa7,0x0e6ef141436d1b1948593ce40268b6ffc56870929e83922c15a4a5d64f5b4636,ZERO,-880000,880000,0,0,0x00000000000000000000000000000000000000000000000000000000000639bb,407995,False
FIRE_USDG_40pct,30466017,2026-08-07T19:34:09+00:00,0xefff8a5aa3d6511f1a3bec51c152ca1d3c314e4b514671e6e3d3fd4c0e4811a4,1,0,0x2179ecfa0619c125ca0fd28599cede9c239fbf2b,0x58daec3116aae6d93017baaea7749052e8a04fa7,0x0e6ef141436d1b1948593ce40268b6ffc56870929e83922c15a4a5d64f5b4636,ADD,-880000,880000,482184012321375,482184012321375,0x00000000000000000000000000000000000000000000000000000000000639bb,407995,False
FIRE_USDG_40pct,30503295,2026-08-07T20:36:22+00:00,0xb24a57f399843c02d60752731f6ab3f7c0745bc222b23011fa0b91fbd86270f2,8,16,0x1aa511c41636dc4e1dafe5092157eb606da01d03,0x58daec3116aae6d93017baaea7749052e8a04fa7,0x0e6ef141436d1b1948593ce40268b6ffc56870929e83922c15a4a5d64f5b4636,ZERO,-880000,880000,0,0,0x000000000000000000000000000000000000000000000000000000000005f17f,389503,False
FIRE_USDG_40pct,30503444,2026-08-07T20:36:37+00:00,0xd5adea8516a7fa09346cf97b64445d302cd1656c21c2d7c3d607ce92b03cd673,7,21,0x1aa511c41636dc4e1dafe5092157eb606da01d03,0x58daec3116aae6d93017baaea7749052e8a04fa7,0x0e6ef141436d1b1948593ce40268b6ffc56870929e83922c15a4a5d64f5b4636,ADD,-880000,880000,250404583428579,250404583428579,0x000000000000000000000000000000000000000000000000000000000005f17f,389503,False
FIRE_USDG_40pct,30669456,2026-08-08T01:13:28+00:00,0x5d7b0f8420488da3db2a760776ee7961c4d3174dc74f9c0c35403996fd8c617f,3,4,0xa1e4bca023d741bd8d8609875ceef2abd8d755a3,0x58daec3116aae6d93017baaea7749052e8a04fa7,0x0e6ef141436d1b1948593ce40268b6ffc56870929e83922c15a4a5d64f5b4636,ZERO,-880000,880000,0,0,0x000000000000000000000000000000000000000000000000000000000005ab9b,371611,False
FIRE_USDG_40pct,30669663,2026-08-08T01:13:49+00:00,0x825365958de90c2f85fc76c6b5a4f55a1f11edb0c4ee2012723cc896ce8189ab,22,24,0xa1e4bca023d741bd8d8609875ceef2abd8d755a3,0x58daec3116aae6d93017baaea7749052e8a04fa7,0x0e6ef141436d1b1948593ce40268b6ffc56870929e83922c15a4a5d64f5b4636,REMOVE,-880000,880000,-258410118604297,258410118604297,0x000000000000000000000000000000000000000000000000000000000005ab9b,371611,False
FIRE_USDG_40pct,31226379,2026-08-08T16:43:42+00:00,0xa98f956e47d6598ab8bb3c1919fd5260ac6b177096de2f5c2c8d75c0afc0326b,8,19,0xc6312da2663570a2aee12b27a0c6da4683339acd,0x58daec3116aae6d93017baaea7749052e8a04fa7,0x0e6ef141436d1b1948593ce40268b6ffc56870929e83922c15a4a5d64f5b4636,ZERO,-880000,880000,0,0,0x00000000000000000000000000000000000000000000000000000000000325bd,206269,True
FIRE_USDG_40pct,31248512,2026-08-08T17:20:38+00:00,0xed93b568dec180fb6a403831a090141ba4eecd09ecb15767c26d4dfb4ba4f438,12,4,0x1aa511c41636dc4e1dafe5092157eb606da01d03,0x58daec3116aae6d93017baaea7749052e8a04fa7,0x0e6ef141436d1b1948593ce40268b6ffc56870929e83922c15a4a5d64f5b4636,ZERO,-880000,880000,0,0,0x000000000000000000000000000000000000000000000000000000000005f17f,389503,False
FIRE_USDG_40pct,31248690,2026-08-08T17:20:54+00:00,0xb2af83366d01eb0d5529a26c4a46cabb5bdefb45aa3b1523c2f477399804470b,6,18,0x1aa511c41636dc4e1dafe5092157eb606da01d03,0x58daec3116aae6d93017baaea7749052e8a04fa7,0x0e6ef141436d1b1948593ce40268b6ffc56870929e83922c15a4a5d64f5b4636,ADD,-880000,880000,502093319021596,502093319021596,0x000000000000000000000000000000000000000000000000000000000005f17f,389503,False
FIRE_USDG_40pct,31248955,2026-08-08T17:21:21+00:00,0x66eb05d959fcd95ce6efa22cb9d704ebc4bcc0245b465acbc9e3eab66b8c42e6,3,4,0x1aa511c41636dc4e1dafe5092157eb606da01d03,0x58daec3116aae6d93017baaea7749052e8a04fa7,0x0e6ef141436d1b1948593ce40268b6ffc56870929e83922c15a4a5d64f5b4636,ADD,-880000,880000,502093319021596,502093319021596,0x000000000000000000000000000000000000000000000000000000000005f17f,389503,False
FIRE_USDG_40pct,31282957,2026-08-08T18:18:05+00:00,0xdbf2b08a55355dd5c5cc4afa16b71afc361de3beee82a12cd9b648b8769dc123,8,16,0x7777de7a669c6e76e059fae0e15a0ea041fd752c,0x58daec3116aae6d93017baaea7749052e8a04fa7,0x0e6ef141436d1b1948593ce40268b6ffc56870929e83922c15a4a5d64f5b4636,ZERO,-880000,880000,0,0,0x000000000000000000000000000000000000000000000000000000000005cb6d,379757,False
FIRE_USDG_40pct,31283133,2026-08-08T18:18:21+00:00,0x19f02940c7fddf96f8b12c78c35df88365912d3cb7a06accfa778b23b5d21567,9,7,0x7777de7a669c6e76e059fae0e15a0ea041fd752c,0x58daec3116aae6d93017baaea7749052e8a04fa7,0x0e6ef141436d1b1948593ce40268b6ffc56870929e83922c15a4a5d64f5b4636,ADD,-880000,880000,924785188924733,924785188924733,0x000000000000000000000000000000000000000000000000000000000005cb6d,379757,False
FIRE_USDG_40pct,31351090,2026-08-08T20:11:47+00:00,0x5d4aef4426a8407e57587b9623fbd2858f61fd7a404c1f2dc05d412f4cd8ccdd,4,4,0x7777de7a669c6e76e059fae0e15a0ea041fd752c,0x58daec3116aae6d93017baaea7749052e8a04fa7,0x0e6ef141436d1b1948593ce40268b6ffc56870929e83922c15a4a5d64f5b4636,ZERO,-880000,880000,0,0,0x000000000000000000000000000000000000000000000000000000000005cb6d,379757,False
FIRE_USDG_40pct,31369071,2026-08-08T20:41:44+00:00,0x69ce11074e104e1fdb1605e55a090a66802c7e80a3cb09e97f0066e9354de0e1,6,198,0x1aa511c41636dc4e1dafe5092157eb606da01d03,0x58daec3116aae6d93017baaea7749052e8a04fa7,0x0e6ef141436d1b1948593ce40268b6ffc56870929e83922c15a4a5d64f5b4636,ZERO,-880000,880000,0,0,0x000000000000000000000000000000000000000000000000000000000005f17f,389503,False
FIRE_USDG_40pct,31369576,2026-08-08T20:42:34+00:00,0x48ba501a5ae1fe1529fe9fcc2127eb66da8749aa61e5103da291233e955bea90,7,18,0x1aa511c41636dc4e1dafe5092157eb606da01d03,0x58daec3116aae6d93017baaea7749052e8a04fa7,0x0e6ef141436d1b1948593ce40268b6ffc56870929e83922c15a4a5d64f5b4636,REMOVE,-880000,880000,-691469880271932,691469880271932,0x000000000000000000000000000000000000000000000000000000000005f17f,389503,False
FIRE_USDG_40pct,31374315,2026-08-08T20:50:28+00:00,0x678a0f4cafd05af92ccac016606b10a98a5e5ffcd9667f6f10a241174f0e5d09,5,9,0x1aa511c41636dc4e1dafe5092157eb606da01d03,0x58daec3116aae6d93017baaea7749052e8a04fa7,0x0e6ef141436d1b1948593ce40268b6ffc56870929e83922c15a4a5d64f5b4636,ADD,-880000,880000,325254383211118,325254383211118,0x000000000000000000000000000000000000000000000000000000000005f17f,389503,False
FIRE_USDG_40pct,31374532,2026-08-08T20:50:49+00:00,0xf647c0d79aaef36941af95cafb1f2e2044df52e19adb2ce292400c183fda04b6,4,11,0x1aa511c41636dc4e1dafe5092157eb606da01d03,0x58daec3116aae6d93017baaea7749052e8a04fa7,0x0e6ef141436d1b1948593ce40268b6ffc56870929e83922c15a4a5d64f5b4636,ADD,-880000,880000,77158339520612,77158339520612,0x000000000000000000000000000000000000000000000000000000000005f17f,389503,False
FIRE_USDG_40pct,31385044,2026-08-08T21:08:22+00:00,0xd453d682e687fb14757976b34d4a0e8e40b68a2a613639fcd189c862ecdf6a3b,8,30,0x2179ecfa0619c125ca0fd28599cede9c239fbf2b,0x58daec3116aae6d93017baaea7749052e8a04fa7,0x0e6ef141436d1b1948593ce40268b6ffc56870929e83922c15a4a5d64f5b4636,ZERO,-880000,880000,0,0,0x00000000000000000000000000000000000000000000000000000000000639bb,407995,False
FIRE_USDG_40pct,31385153,2026-08-08T21:08:33+00:00,0xa5fc8d3bce0466628bbe98b4f647c64e14bde550f01755d546b2bcbb060626d7,6,37,0x2179ecfa0619c125ca0fd28599cede9c239fbf2b,0x58daec3116aae6d93017baaea7749052e8a04fa7,0x0e6ef141436d1b1948593ce40268b6ffc56870929e83922c15a4a5d64f5b4636,ADD,-880000,880000,1826551740790908,1826551740790908,0x00000000000000000000000000000000000000000000000000000000000639bb,407995,False
FIRE_USDG_40pct,31394809,2026-08-08T21:24:39+00:00,0x03851ad3048d79a38f6b6434fea97b75c86701c9e8fbb02cc5ccc1d7eaa22d2a,1,0,0x7777de7a669c6e76e059fae0e15a0ea041fd752c,0x58daec3116aae6d93017baaea7749052e8a04fa7,0x0e6ef141436d1b1948593ce40268b6ffc56870929e83922c15a4a5d64f5b4636,REMOVE,-880000,880000,-1050103254952070,1050103254952070,0x000000000000000000000000000000000000000000000000000000000005cb6d,379757,False
