origin_tx,order_id,fire_source,block,fire_sold,actual_relay_deposit_usdg,actual_usdg_per_fire,nearest1_canonical_eth_per_fire,nearest1_bridge_usdg_per_eth,nearest1_benchmark_usdg,nearest1_diff_usdg,nearest1_diff_pct,nearest1_confidence,nearest1_canonical_blocks_back,nearest1_bridge_blocks_back,nearest1_canonical_size_ratio,nearest1_bridge_size_ratio,nearest1_canonical_obs,nearest1_bridge_obs,median3_canonical_eth_per_fire,median3_bridge_usdg_per_eth,median3_benchmark_usdg,median3_diff_usdg,median3_diff_pct,median3_confidence,median3_canonical_blocks_back,median3_bridge_blocks_back,median3_canonical_size_ratio,median3_bridge_size_ratio,median3_canonical_obs,median3_bridge_obs,median5_canonical_eth_per_fire,median5_bridge_usdg_per_eth,median5_benchmark_usdg,median5_diff_usdg,median5_diff_pct,median5_confidence,median5_canonical_blocks_back,median5_bridge_blocks_back,median5_canonical_size_ratio,median5_bridge_size_ratio,median5_canonical_obs,median5_bridge_obs
0x64a1b87235edb8fce25e9797dd1b136374359256b00edc9f48a966f7a5f7c27e,0x5bcbe5e5f071bf2158306d8b134238bbec8bd7293bd577cd74dcf53e8ccdb4f1,0x3268eebced4018c5321d904121c10111a4700daf,16945015,2144.5111562838,1.901863,0.000886851529975585510916749379690252600413101470479252569893364,4.5865845966084306E-7,1925.7222222222222,1.8941368800242272163488719250692937914016751016,0.0077261199757727836511280749307062085983248984,0.407896602260020493282346213308388518909238411489456533689203,MEDIUM,5899,15,1.15435756939760915703669975276779796344621997292792948831974,1.00650856868148572089972728279499904075893313301418503506560,0xf72100bf39f83fb311beec571be9cd8584cda8630769e5fdd9beac144d645c63#15,0xaa7f5d51523d81223e85596a109dabc2886c97d022f5ea0530ea869208e0751a#81,4.7451840811455256E-7,1925.7222222222222,1.9596342291926438627591479096175098868606805216,-0.0577712291926438627591479096175098868606805216,-2.94806185419843483080388088462591887750897222736785757272141,HIGH,88,15,1.01362703623814938969784179719312800719074005673266265437850,1.02788890915523961120330240053333333333333333333333333333333,0xf72100bf39f83fb311beec571be9cd8584cda8630769e5fdd9beac144d645c63#15|0x57b09c3f75376cdfe8cad0918640da19b55ee457b0fe4a305325042efff4d7c1#38|0xe9e48c0ac1e305ec670057c283da8ed7422992b7da536061fc2c5432d826759a#117,0xaa7f5d51523d81223e85596a109dabc2886c97d022f5ea0530ea869208e0751a#81|0x91f9e8aeef4e764e8919ba9e97a58209808b309641680c5395184f7a577b9fb3#4|0xd240ae814db012b890d392f569f3dedadc48a5dd676437c12f6c340d95b27d09#42,4.5865845966084306E-7,1925.6080808080808,1.8940246107365965957185424794638274150551545824,0.0078383892634034042814575205361725849448454176,0.413848332221776756896202580430445227670600790839918942494013,HIGH,88,15,1.01362703623814938969784179719312800719074005673266265437850,1.00650856868148572089972728279499904075893313301418503506560,0xf72100bf39f83fb311beec571be9cd8584cda8630769e5fdd9beac144d645c63#15|0x57b09c3f75376cdfe8cad0918640da19b55ee457b0fe4a305325042efff4d7c1#38|0xe9e48c0ac1e305ec670057c283da8ed7422992b7da536061fc2c5432d826759a#117|0xa35dd29010148d22a39b6e955db6606d57952a241079cb930c60993d82482824#23|0xa9f89e8283d65f8d7c8f0f05fee2c1d0fcda836a9f22d2c4c2748c2b07b8bd63#16,0xaa7f5d51523d81223e85596a109dabc2886c97d022f5ea0530ea869208e0751a#81|0x91f9e8aeef4e764e8919ba9e97a58209808b309641680c5395184f7a577b9fb3#4|0xd240ae814db012b890d392f569f3dedadc48a5dd676437c12f6c340d95b27d09#42|0xbdde6eca07d8c0a830a35afd958d0f02cc579f0859672e2a3cae1f37863fc5c3#13|0x4e8d075acee1d3f1c5db9e2e7972fc6f6fb2050e31768a53b535552f4f7a6fb8#18
0x097b2738e51cb10e5e345239b790a8c23a26263ccdb25a9229f7e264eb799021,0xcbbdd498fdb2846c8ccfcce41087fa08d7ad8735fc54d3d57e398f6b82c60ad7,0xe0077b307550eff13aad4a163be7c1d99b22314d,16963641,4144.008340027574371295,3.023953,0.000729716919435514098102235366748736298906143091478893574823057,3.9429944339708287E-7,1919.276656714943,3.13606002066652672229345702712251238598066233324440095,-0.11210702066652672229345702712251238598066233324440095,-3.57477280178776381672258509795034910379169314027094643134665,LOW,4376,4,4.24753777303638794103651760492552447334311577841791399377197,1.49668500254099696194771851768273796502091334902063234917451,0x0e76adbc6b52fbf1a74b5315cf6ae181ffedc4f1d31da2d6cfd4c785cee1fefc#40,0x0471ae68eee2a336d844ce5329bc7ea57df092eccd44f3b4e8c89701e78bc4cd#11,3.94470627544963E-7,1919.2767676767676,3.1374217149133016254091144592970594379303926573264460,-0.1134687149133016254091144592970594379303926573264460,-3.61662298612723086711877100387960552451210909557231336710179,MEDIUM,4376,4,1.68302053180481197922321405318823158305085018815490854635838,1.14123565152507803264353089698774869614669079587137555296221,0x0e76adbc6b52fbf1a74b5315cf6ae181ffedc4f1d31da2d6cfd4c785cee1fefc#40|0xe52d4a5bdb26c9994fe0520f26b7a866db086e47f87a46c4e1c4cdf7a4c17f8d#18|0x970d497af4a0e46d544d9aaa3f3f6681f873b98b60675ecc5d6dcd56164448e0#30,0x0471ae68eee2a336d844ce5329bc7ea57df092eccd44f3b4e8c89701e78bc4cd#11|0xe4bcbd6177dcf42ad56d7d4ad34b688b4bf659ddeaab3786db4f99513260977d#11|0x301d89b8f7aaf42835ee30068e7e5518feb578769ca19fa18c75738a8268d3ef#8,4.1797639297566647E-7,1921.4868686868688,3.328202905948457133098208712562116740224087272840951120,-0.304249905948457133098208712562116740224087272840951120,-9.14156722249941328921005886990044826739972785027651220036724,MEDIUM,4376,4,1.68302053180481197922321405318823158305085018815490854635838,1.11620796467664549944935159040768906436466687685745691887850,0x0e76adbc6b52fbf1a74b5315cf6ae181ffedc4f1d31da2d6cfd4c785cee1fefc#40|0xe52d4a5bdb26c9994fe0520f26b7a866db086e47f87a46c4e1c4cdf7a4c17f8d#18|0x970d497af4a0e46d544d9aaa3f3f6681f873b98b60675ecc5d6dcd56164448e0#30|0x57b09c3f75376cdfe8cad0918640da19b55ee457b0fe4a305325042efff4d7c1#38|0xae6f6e9f97defdc36ddde34386ca89c0c1c96dbc254894a63e09202720c5c9b8#9,0x0471ae68eee2a336d844ce5329bc7ea57df092eccd44f3b4e8c89701e78bc4cd#11|0x3827cfe4bfb9c377afbce0578df4196e1d82628b008b2cadd1fba4da61d0a65d#9|0xf9a3ea6ddfbeeb30fab653c174f08dd4b7a40a0fa8ecd64f0d9e19fd346d2a1a#23|0x85f95050d26464e89aa36e61dcfc739300bc1f44599bf1c38781dcd6b6af077c#34|0xe4bcbd6177dcf42ad56d7d4ad34b688b4bf659ddeaab3786db4f99513260977d#11
0xca79f4c1188e23915caf67d7e9ccb19b9b25309c0a8d24ec2ab6b2541b359afe,0x6b7b5740fc3aa325941f3c56a8017ea35935504b02642af484a4e76492565a9c,0x23845fb6645bbb694d4089c920794b9cf6ae61c6,16966396,2687.14708264371395029,1.913554,0.000712113606419108002275216614479783807132808948403280618473962,3.940175059768274E-7,1921.9258066752993,2.0349023554097749099677840758260627496669567436768378,-0.1213483554097749099677840758260627496669567436768378,-5.96335028494959880797662461653306686684591365342381546602956,MEDIUM,1131,160,3.47439751292435117210555226953101456310165451892979615277526,1.02421045460002030729723205913119426879709623684754310174101,0xef1ec729f7e6f34ce8e1d5f4faa8210bd97efa90c37ca06c818a35de396917a9#48,0xfcc04786a6ddfbd8f50a895364ea9cf0a48a8e0cf1ccec8b04549f60c65a009d#11,3.9429944339708287E-7,1921.9258066752993,2.03635842046235090464623094416391455110315028312881739,-0.12280442046235090464623094416391455110315028312881739,-6.03058966576563760180594355559823854912682113198626147472928,MEDIUM,421,160,3.47439751292435117210555226953101456310165451892979615277526,1.02008892446915401739303121269734371114698910502367090240735,0xef1ec729f7e6f34ce8e1d5f4faa8210bd97efa90c37ca06c818a35de396917a9#48|0x9c8225f17be64ea53f63d09c94de5a8cd7c74d9c40b82dc9bb1e504429927edc#7|0x0e76adbc6b52fbf1a74b5315cf6ae181ffedc4f1d31da2d6cfd4c785cee1fefc#40,0xfcc04786a6ddfbd8f50a895364ea9cf0a48a8e0cf1ccec8b04549f60c65a009d#11|0x5634d71f9d9c64b68ab75d7ea19d67c90abcc8a1e082d640033db113a750552e#9|0x6ad6dc5f212ca9fffcc555fa8e9c0aa55c70cd69bf44330c5081ecb495552ef3#34,3.94470627544963E-7,1921.3857834311218,2.036670075575388802739095299574876055031012491483086,-0.123116075575388802739095299574876055031012491483086,-6.04496904294166190549857828695201009818757248692540164176046,MEDIUM,421,160,2.59548543705879444058831621173753237066864245915517758546929,1.00234504563503312171311928912704942273676752902177578315975,0xef1ec729f7e6f34ce8e1d5f4faa8210bd97efa90c37ca06c818a35de396917a9#48|0x9c8225f17be64ea53f63d09c94de5a8cd7c74d9c40b82dc9bb1e504429927edc#7|0x0e76adbc6b52fbf1a74b5315cf6ae181ffedc4f1d31da2d6cfd4c785cee1fefc#40|0xe52d4a5bdb26c9994fe0520f26b7a866db086e47f87a46c4e1c4cdf7a4c17f8d#18|0x970d497af4a0e46d544d9aaa3f3f6681f873b98b60675ecc5d6dcd56164448e0#30,0xfcc04786a6ddfbd8f50a895364ea9cf0a48a8e0cf1ccec8b04549f60c65a009d#11|0x5634d71f9d9c64b68ab75d7ea19d67c90abcc8a1e082d640033db113a750552e#9|0x6ad6dc5f212ca9fffcc555fa8e9c0aa55c70cd69bf44330c5081ecb495552ef3#34|0xdcc9782613ff23070aab6ebb2d0d512a947436c89feea77d5994fd8378eecf5c#23|0x5a2369254879df6161235cd9500508da068d2237513898c48c3e38811c51f67e#11
0x1b7c5c26aa9724794d5b9685cb306f0c9dc05a8811a5d2caf734c6b5a1446268,0x36f09c51add846100bc080f61523be60a39e98f080a34b30c1081044366fcd6b,0x7a09760387b078c9e255467c8c5620e25f8a16af,17054619,4013.4344747681,2.792735,0.000695846666379514478539831999517915896879867385024752707987649,4.2866696622583766E-7,1921.3192444136844,3.3054890818737120344675088015743073806262025224,-0.5127540818737120344675088015743073806262025224,-15.5122001365999997100988537407539496000074007633999584339525,MEDIUM,2822,142,2.27088897535129635975107470163101995661913317469571419456448,1.07187715863695302039683498685631374483116083024699157150607,0x3a312b3f405e0f266b73faeb1a2d1773ca33b79fb82efed31abf4458f31bd387#10,0xb80b40355cccaaad6e7b7e0d6c68b669ad91ba4d41fe989b8c131c9eee697405#15,4.2892454036417156E-7,1921.3192444136844,3.3074752589508306431898187011912971323651355184,-0.5147402589508306431898187011912971323651355184,-15.5629360358121680734062135250681024963716337700631425464825,MEDIUM,2822,119,2.02709572291167096550748072658466342819488876659285052709928,1.04428204212897457875151906743376523810665249951690076370472,0x3a312b3f405e0f266b73faeb1a2d1773ca33b79fb82efed31abf4458f31bd387#10|0x222152b4031ef0fe58dc49d1cff63346f2e9aa4fb5d8761f90ac7e37d5f8eb38#7|0x7967eb564c882c281c4b40becbee3259a8c4d6160a3d83c493406fd98eb41334#50,0xb80b40355cccaaad6e7b7e0d6c68b669ad91ba4d41fe989b8c131c9eee697405#15|0x6442e738871239669f0b83f6a8a041ed3e5ce40526f433744108c2e5a5400512#38|0x55962f6e17d5b0590dee6f720ce19fd675a36b6645a7654c341e25f06b805eb4#89,4.2866696622583766E-7,1921.3161616161617,3.3054837781462952917933590438414706112658686582,-0.5127487781462952917933590438414706112658686582,-15.5120645739136908770446772557231560038359351958634653034320,MEDIUM,1840,119,2.02709572291167096550748072658466342819488876659285052709928,1.04365493870665567190085138326132872845100932447174763597580,0x3a312b3f405e0f266b73faeb1a2d1773ca33b79fb82efed31abf4458f31bd387#10|0x222152b4031ef0fe58dc49d1cff63346f2e9aa4fb5d8761f90ac7e37d5f8eb38#7|0x7967eb564c882c281c4b40becbee3259a8c4d6160a3d83c493406fd98eb41334#50|0x5124a1c21760a456424db725222e16fb5dc066bff556e82238a481d986b62a8d#4|0xa7de797a863f3d59b021aeec0893b1d4b7627b23d341c63931b87e2084f54ba2#9,0xb80b40355cccaaad6e7b7e0d6c68b669ad91ba4d41fe989b8c131c9eee697405#15|0x6442e738871239669f0b83f6a8a041ed3e5ce40526f433744108c2e5a5400512#38|0x55962f6e17d5b0590dee6f720ce19fd675a36b6645a7654c341e25f06b805eb4#89|0x465de9965372c3615e45c8a52c37a36877fff760810b6deaa934428b37019f5e#50|0x9f74946d179c963c910d7440517b416925c6a01c045e3139a21d5dc7dce76ef9#39
0x70b1124c104e7f8dfe01737b5544dbecc861c3f25cf1bd56c46baf973971292f,0x6219f74d0a0ff553abc3f4b22d273863b12b6361382118cab86357680b4dbf1b,0x95f44a617172de3938240a2d0a0f52df5dbd8f48,18278116,4045.0592960165,2.544418,0.000629018714881558362007372236806606841417409715794834355795160,3.5284662896012385E-7,1860.5502335575168,2.6555364383687792557273777907508712943377987200,-0.1111184383687792557273777907508712943377987200,-4.18440646354060808841081495750960626656181932064533035736085,LOW,2788,231,6.20315767850390236915123724179051528142692882218832208793272,1.02457615552847972919550434234541959879676019689390021339532,0x47ccffc17aa776d102ced56a810e030af0e6a0a19edc8427883d2ec779d02d70#4,0x72769460a723ee8c4ad107159f5ae3d78deea720382b560e7b3ccb131bb9011e#23,3.49555830715727E-7,1860.5502335575168,2.63076977225361724314727163501908682926637440,-0.08635177225361724314727163501908682926637440,-3.28237663228299287387301068626677337338661402173305115737952,LOW,2547,103,6.08019567055375090793696565629257961480107124648582217580253,1.00425520514793798574839809728773832433886103136185406141840,0x47ccffc17aa776d102ced56a810e030af0e6a0a19edc8427883d2ec779d02d70#4|0x79a9ab62ac2e35e94bd2099865f2436e1fb984bf3d12ba02bb06628ff390b402#35|0x11281cc7bba790a8eb7d554b1d4d5104694a124d2adfe5b999a06f768a6ccca2#8,0x72769460a723ee8c4ad107159f5ae3d78deea720382b560e7b3ccb131bb9011e#23|0x300502c7511f2861832817a10951816b4faeb61197d9a0385374a47a15a39ad0#14|0xd513b871001a2d31b07ec45409a29d52b8c55505064776060b5848b7f1292cc8#55,3.4118966208891495E-7,1860.5502335575168,2.5678056858359236867024733569897144914218966400,-0.0233876858359236867024733569897144914218966400,-0.910804348044352017144731214888149127655859766912725044116767,LOW,1682,103,6.08019567055375090793696565629257961480107124648582217580253,1.00935947540604202370111910341245375575244375612443636863901,0x47ccffc17aa776d102ced56a810e030af0e6a0a19edc8427883d2ec779d02d70#4|0x79a9ab62ac2e35e94bd2099865f2436e1fb984bf3d12ba02bb06628ff390b402#35|0x11281cc7bba790a8eb7d554b1d4d5104694a124d2adfe5b999a06f768a6ccca2#8|0x919ebda0deb891c450d6357aead2af301ecbbf879b82f75063b8f325c4eacaf8#90|0x6d9c4ce4bb6a9fbac35c0247c2a5dd5eeb0fc276860f75c6b2129a9eff776498#3,0x72769460a723ee8c4ad107159f5ae3d78deea720382b560e7b3ccb131bb9011e#23|0x300502c7511f2861832817a10951816b4faeb61197d9a0385374a47a15a39ad0#14|0xd513b871001a2d31b07ec45409a29d52b8c55505064776060b5848b7f1292cc8#55|0xddb2a8c0d103b9e1a96b16ce9b49a10ff88aede60beaab10bd0eaf8987dbf26e#25|0xe5ded3351fc1c0006ae91a9a2f8af609bb6037317ce1112fb61a9d46d4f0f36d#44
0x6c6b4aaa9824a3d21e7c0cea6b8310a1499f5d1f518e9cf7de9b8a1c8f9e4d08,0x8bacc6a197c6938c27f1dd5ffecc613e40f39cc03e85eb04848f696a77479d67,0x12eed01bbdeff4848296bfc608dedacbf4813902,18288047,4657.8328240988,2.854402,0.000612817614499135922549264376701067423192244337747534036320438,3.5284662896012385E-7,1861.5841820830628,3.0595147392723695484829618672384180949731046640,-0.2051127392723695484829618672384180949731046640,-6.70409384336388511027590145435132916580081393329481187188416,LOW,12719,410,7.14285485912395647131315578057685950391895846104569535676893,1.06178549824634260906249100301382872537333682200967138607049,0x47ccffc17aa776d102ced56a810e030af0e6a0a19edc8427883d2ec779d02d70#4,0xb13695728def348f8e592d9dd13a127b8b3788a3f6ea0d0f61dd89281f3e4f40#4,3.4830903384052383E-7,1861.6216587336594,3.0202302891777771585976299119818202423714339976,-0.1658282891777771585976299119818202423714339976,-5.49058427007968311557694708832107911205191950232334208050056,LOW,7212,18,5.28029943271554248088460471609416462260945596687353022751443,1.04813097444062086116789233841711001928462753534707484179822,0x47ccffc17aa776d102ced56a810e030af0e6a0a19edc8427883d2ec779d02d70#4|0xca481d603278031a5cfff2b0951b0286052d1d5a628781610698fe1a2587cc30#6|0x79a9ab62ac2e35e94bd2099865f2436e1fb984bf3d12ba02bb06628ff390b402#35,0xb13695728def348f8e592d9dd13a127b8b3788a3f6ea0d0f61dd89281f3e4f40#4|0x7bb3a0daeef14a54e82fc71c3c1e69c62e4a544ecce3b282a79125e5153e8254#29|0xbcbc9a1bad1b8cac255090e061081da90459222aff193b5091e33aa7e31d129b#11,3.4830903384052383E-7,1861.5841820830628,3.0201694883621346406252963416287250294750845712,-0.1657674883621346406252963416287250294750845712,-5.48868164521560861071543262446604713929458694464586965987646,LOW,7212,18,5.28029943271554248088460471609416462260945596687353022751443,1.02349933899413242199207981046324669675912340895054514420628,0x47ccffc17aa776d102ced56a810e030af0e6a0a19edc8427883d2ec779d02d70#4|0xca481d603278031a5cfff2b0951b0286052d1d5a628781610698fe1a2587cc30#6|0x79a9ab62ac2e35e94bd2099865f2436e1fb984bf3d12ba02bb06628ff390b402#35|0x11281cc7bba790a8eb7d554b1d4d5104694a124d2adfe5b999a06f768a6ccca2#8|0x919ebda0deb891c450d6357aead2af301ecbbf879b82f75063b8f325c4eacaf8#90,0xb13695728def348f8e592d9dd13a127b8b3788a3f6ea0d0f61dd89281f3e4f40#4|0x7bb3a0daeef14a54e82fc71c3c1e69c62e4a544ecce3b282a79125e5153e8254#29|0xbcbc9a1bad1b8cac255090e061081da90459222aff193b5091e33aa7e31d129b#11|0xcb563898c65efd4fff47904df62c582f78f9b8e5485d581a82decf3db0d5b569#9|0xab05b00742c89ab5bbc6b7ae44de6e21b89f1a5c043c1df08a6b771afeb7ca45#16
0x13976748c9ec47f275cf18ed6261210d8c36624e6fba3344a21b65d6fd4ff9d1,0xac5bca2347ac9d889bd3eb8488ef327e87366258626d3f191c5b0683985f2520,0x85c857ee7bf7c23b0f463b1c0e130f408b34e9eb,18349880,4210.894902325255219588,2.939952,0.000698177482030377715128928328731572485754549126868083757714879,3.680257970602139E-7,1863.3081528975874,2.88760209607886400706024487177917806908983363793591768,0.05234990392113599293975512822082193091016636206408232,1.81291958446155151671107556368998537185029522347131819725317,LOW,8242,1374,8.17927909039165217043028595454234885613625702804398823703892,1.11920406360299818149160778442715221363200125616870612942127,0xb1febc78e4d575f9cc2d3a317f1cd76f6e1640cb00463683f223408caf12444c#17,0xdc16353bb3e059882edd9a162dde613307a764e8f6f95468f7d66be40101027f#20,3.7952566053164154E-7,1864.050505050505,2.97901864972898642417359479636725457389597828713118760,-0.03906664972898642417359479636725457389597828713118760,-1.31139325806303622622227721609619946748695895722859214901993,LOW,1661,1374,8.17927909039165217043028595454234885613625702804398823703892,1.07619034965273715322082753798976598351515151515151515151515,0xb1febc78e4d575f9cc2d3a317f1cd76f6e1640cb00463683f223408caf12444c#17|0xab062f855d711354fc2358b6db1ed6e324cfcd7c5e7f9f62dcbbb9e6e2f33243#27|0x5cf0c191caa84a06e5524524df38c15764dc2074090732129c846a028f56aed1#11,0xdc16353bb3e059882edd9a162dde613307a764e8f6f95468f7d66be40101027f#20|0xc7022aaf11fcb8d0b7d4fd151bad48ff00cd9f1676ebf1516f6c7b8df8c05359#52|0xe0029cb299049dd2518a84a463c1108c7d7bc674fe100ce8893a3c0518b76d30#32,3.715486385458688E-7,1864.050505050505,2.9164044453781479753534638336951298919540142649374720,0.0235475546218520246465361663048701080459857350625280,0.807417320295532343326455824232430595294765357708351474944071,MEDIUM,1661,645,2.80711576973656096333329888910133598328237461785345820693674,1.05357055085433518996546572225874616457912457912457912457912,0xb1febc78e4d575f9cc2d3a317f1cd76f6e1640cb00463683f223408caf12444c#17|0xab062f855d711354fc2358b6db1ed6e324cfcd7c5e7f9f62dcbbb9e6e2f33243#27|0x5cf0c191caa84a06e5524524df38c15764dc2074090732129c846a028f56aed1#11|0x03cb020afdf76e344d04e98c4a05ddb3dfbd90a8d6b0f0de85052f0beca04d30#69|0xeffac250da824714714264a16db0993bb6358be4b09dc7a7bdc2b6bb7f192831#2,0xdc16353bb3e059882edd9a162dde613307a764e8f6f95468f7d66be40101027f#20|0xc7022aaf11fcb8d0b7d4fd151bad48ff00cd9f1676ebf1516f6c7b8df8c05359#52|0xa984f5bb0a7fbc4af20a1a98d868ae08fdce52dd7fd6df3f6e51332fa9175d16#27|0x3330c5ec0fb98079a6501a49c4f85b85cb3b67d899a1940c340c06016ed00a62#41|0x3d696981ffff2e7f4a6cdfa802d2c16cd217f57d5bf19d7b72ab81e209d7a74c#21
0x5343f529dde83de5a69f167746ef76f95f9350fe3a2c7e1f663e5caf9e71f257,0x962b259380d5eb5973e42b445f1cb60d9dea13200709105ac9d1d8e609865c94,0xdc7e7358922826eaeb11f6ad0cbe3c109d96e705,18701871,9850.28198233373848904,5.17913,0.000525784948013534474458051921281985009363712782207641803960439,3.0814300162404733E-7,1855.8076832942736,5.63292462994534441008353772472571042431415930859841152,-0.45379462994534441008353772472571042431415930859841152,-8.05611045340309346152510066802003940365876659664901933682855,LOW,12839,138,7.80411889942758630839026569752707829145912578673249261129798,1.59446195183462735572103216698894351000609709281302074263696,0xf8b7a98bbade79755935d90a19de81cc043a33eb781b136509645facd3049695#17,0x7aef1f98dc6e0eef7d844b4ecb8b561903496b80ad38dd8f9dc31f90f5e506e1#29,2.8268143645817686E-7,1857.7798858664878,5.17297297039494369022491572241937827127246103207990432,0.00615702960505630977508427758062172872753896792009568,0.119023038401575792401700401718845929413850055135323618594632,LOW,9917,138,7.80411889942758630839026569752707829145912578673249261129798,1.01066137981402321261697570762913929907695511772064476450419,0xf8b7a98bbade79755935d90a19de81cc043a33eb781b136509645facd3049695#17|0x97f75193ebf05bff8a8831aceb1bc19afe4bc077e3611081a447f32d9046cb1c#542|0x4c8f2f3e402913f6e5cd20cfe0ba54e7eec16ba378179051e99ec729d2fa3b95#9,0x63c13b24b038a436b088633d1e379f6c9c40e3f95a554c28b3bbc9756c72c92f#12|0xc2088bccd844b7594b9bd1707ba561426693f4b700a3efb4cfbc1b3afbf6459f#4|0x7aef1f98dc6e0eef7d844b4ecb8b561903496b80ad38dd8f9dc31f90f5e506e1#29,3.0338857431178153E-7,1857.7798858664878,5.55190646441228825322611984686230619801242933722573936,-0.37277646441228825322611984686230619801242933722573936,-6.71438661299113748802109239463363559835321979214027928150796,MEDIUM,9917,138,1.16432472009242853545788289205060303410203087891438077018856,1.06193090760897947523276663509027515758498870932253674507725,0xf8b7a98bbade79755935d90a19de81cc043a33eb781b136509645facd3049695#17|0x97f75193ebf05bff8a8831aceb1bc19afe4bc077e3611081a447f32d9046cb1c#542|0x4c8f2f3e402913f6e5cd20cfe0ba54e7eec16ba378179051e99ec729d2fa3b95#9|0x77cfcac140c350a09ce61be5cbabbf7e3f1219fcea6bef4964dd757e009d748b#87|0x219905ba1b0b0e80609fffd97bee70f38a9d25eeb37922fd941a1e1b77ac492a#9,0x7aef1f98dc6e0eef7d844b4ecb8b561903496b80ad38dd8f9dc31f90f5e506e1#29|0x63c13b24b038a436b088633d1e379f6c9c40e3f95a554c28b3bbc9756c72c92f#12|0xc2088bccd844b7594b9bd1707ba561426693f4b700a3efb4cfbc1b3afbf6459f#4|0xaf8c0fce1bc187a37d22cf6e8d8000ba9b220da0a321b744a9fbf9b2e6a2fe8f#22|0x17526699aa75d90c6b22922ec1cb4dd8c718286a9550784b68c4f62bddcf6bd8#5
0x1347148cb39ca5001db1b7be88e91c25134e8bf2fa4920fdfd6b6ff450fe58ee,0x9eb883ac1546c736e1fbba67ca4c1727b34eefb0020d7aeea203b05c44084eb5,0xfea12f8f88faf484c0c74818f48b6a688c549d2d,18362149,6169.696621947221570347,3.792264,0.000614659720302928174481727498870656069113451549269655776061456,3.773286002800829E-7,1861.8158999999998,4.33431298298297815294840107785293928462812645693164674,-0.54204898298297815294840107785293928462812645693164674,-12.5059954163699327931172509792330849033538251194628338717593,MEDIUM,10346,120,1.69063192743376556215120553555371487769243129081436477096407,1.14101127893085097995120402436784538510647899922815160785848,0xc45b17e47ce7d69d8472cb87161e52e909f865d0a53b09319215d863c74b96de#38,0x21258975a751b456f51f8b30f06ef8a2f64d090678635930a789285ce900afa1#39,3.680257970602139E-7,1861.8158999999998,4.22745317764597360255533901970102450108098117525655534,-0.43518917764597360255533901970102450108098117525655534,-10.2943583135864680281261804322517143509521829250803939566851,HIGH,2997,120,1.69063192743376556215120553555371487769243129081436477096407,1.10889285582577121082596790364673321909500392749949471386162,0xc45b17e47ce7d69d8472cb87161e52e909f865d0a53b09319215d863c74b96de#38|0x99de8cc3a215f6ce14a7921b6d6973a2e8ff7cb2c348ce13be8b69aedde2d610#3|0xb1febc78e4d575f9cc2d3a317f1cd76f6e1640cb00463683f223408caf12444c#17,0x7f27e8adabe7cf430e621edb8440ff4bf42547afda9aa14a0f1c492dbd1decb7#20|0x21258975a751b456f51f8b30f06ef8a2f64d090678635930a789285ce900afa1#39|0x680cbf41024f4e72771f22f497eefb9a282e29cb69660fca59b0219ecd13cc64#6,3.680257970602139E-7,1861.832,4.2274897344269963372268755697742538852910856,-0.4352257344269963372268755697742538852910856,-10.2951340338615353806011000013650581554215782408296323494191,HIGH,2997,120,1.69063192743376556215120553555371487769243129081436477096407,1.01740489666206636180387465395971712835087016785501897517863,0xc45b17e47ce7d69d8472cb87161e52e909f865d0a53b09319215d863c74b96de#38|0x99de8cc3a215f6ce14a7921b6d6973a2e8ff7cb2c348ce13be8b69aedde2d610#3|0xb1febc78e4d575f9cc2d3a317f1cd76f6e1640cb00463683f223408caf12444c#17|0xa510d7f9354aa7ce76bbe213fb9724dbc8698916785f2e0eb55d87d94981991e#7|0xc8cf4575a6d77250e2e9117b76b6dc8c8709445798e0735647f780e5382e4245#60,0x7f27e8adabe7cf430e621edb8440ff4bf42547afda9aa14a0f1c492dbd1decb7#20|0x21258975a751b456f51f8b30f06ef8a2f64d090678635930a789285ce900afa1#39|0x680cbf41024f4e72771f22f497eefb9a282e29cb69660fca59b0219ecd13cc64#6|0x3d63d0541dc832416791075671c55d71feb2dbcbb913ed5312c5cd15614e3fc3#11|0xb476ee71d9b7434adf61bc9981d721ccecc0c5b8d418f7fd18ebf8f5282071ea#12
0x036c9da13f534059d5feb064f85e0c069caa48f3b157271b31ccd373406c8a29,0x4584f44cd199db099273b5d0c4c1b1b0e7649b43a94e03efaab790173782ef13,0x6de10fca0e47549a78d1527573c5d42a5f18f15a,20021264,4631.819918130973597053,2.334657,0.000504047445985783917282654630799377660450640565473074151623784,2.6908865526267675E-7,1917.6737420469879,2.390131392348088241327712388794410985666511077765675225,-0.055474392348088241327712388794410985666511077765675225,-2.32097668461605622075383012899657782497990839913371792509942,MEDIUM,11438,345,1.72140364802785783047419312695150905162529917235053996575952,1.05969308379808959528722607672013633440777255116530710261737,0xc887d19747c28d92a78316792357f8b68d52fb076105f31bc0c60ed5b4156a35#9,0x731f58b3d54d48ae3a70a644a577cad7ab423b13d308b16b73e6423c6330ebf9#17,2.6908865526267675E-7,1917.6753356214049,2.390133378531742218259718231351279305867633938508776975,-0.055476378531742218259718231351279305867633938508776975,-2.32105785518217944963074240599779236135239897176828866177900,MEDIUM,4913,345,1.72140364802785783047419312695150905162529917235053996575952,1.05639153189516332920232564148925048345338286931659420389678,0xc887d19747c28d92a78316792357f8b68d52fb076105f31bc0c60ed5b4156a35#9|0xf592b856dd69aad3c040d556faa3f135923c4635b931c7ad418987341c357b3d#16|0xa56f51348d0a29bafef219f9d49ad97c44406a8bdf3841be4952e914da3cf2a3#30,0x731f58b3d54d48ae3a70a644a577cad7ab423b13d308b16b73e6423c6330ebf9#17|0xcfd0e6596feb27294f2851143dd743169d41c1c7a6bcb63af66e0c967b2049a1#74|0x0b68f9d036f4f8b3720a8a67fc981cf8f120380a879bad77ff220a8207fcec73#3,2.7547633480839715E-7,1917.7148559789655,2.446921262120924623823144279889981700855831406792886225,-0.112264262120924623823144279889981700855831406792886225,-4.58798016343268122983161319132928068922415984842887173625764,MEDIUM,4913,79,1.55894770139665290107627500763546146293240638291157784831411,1.01313536305668532466926977776445735961053296927233664359981,0xc887d19747c28d92a78316792357f8b68d52fb076105f31bc0c60ed5b4156a35#9|0xf592b856dd69aad3c040d556faa3f135923c4635b931c7ad418987341c357b3d#16|0xa56f51348d0a29bafef219f9d49ad97c44406a8bdf3841be4952e914da3cf2a3#30|0x11f357005cd34b021668b887555dc084d336ecd64461ff62dbe695a84531c94c#47|0x569b5b198165379a79abfb76815909ddb782356fe23843e99d60575ef1632a8a#26,0x731f58b3d54d48ae3a70a644a577cad7ab423b13d308b16b73e6423c6330ebf9#17|0xcfd0e6596feb27294f2851143dd743169d41c1c7a6bcb63af66e0c967b2049a1#74|0x01464ae0ae4e15ad65becab557906ece8fd43dbd36fbb65008ad6be2ed73b945#27|0x95eb22881d6cfd38f8562bd94ef439aeaeb84a9cb9470f5f575aa63fd4e99d8c#83|0x0b68f9d036f4f8b3720a8a67fc981cf8f120380a879bad77ff220a8207fcec73#3
0x08e50bfda808b7991599da01be574023be05212e60225203e5d1b8228b96c660,0x30e6486ea1c0fd5812d2941f7c287f1529495d9d6b5e94eb086ce32e23036cce,0x67b142cf3fcbf2975e29940716ddb411cc85a496,19687264,6277.083525423276633932,3.323093,0.000529400793623487272948804818991282703451824676752552642431306,2.897984818234494E-7,1881.8810349776911,3.42330960933530252116279092724513333818196579739729688,-0.10021660933530252116279092724513333818196579739729688,-2.92747723028071038266387381928703915008376748897912012601085,LOW,7555,1084,5.21431230233872458070021420786928038184767172651321281834149,1.54507175908842357344220056446948960625559982010816263888229,0x9b27006db1be7ed29cce0766f7bbedb6f6dc01e28f5ebb262d4f2e4b7417b109#6,0xff978633adb89decc04a41a3a5451cb3e55f8a5451bbb4b3833a0f605cbca8de#22,2.897984818234494E-7,1881.8810349776911,3.42330960933530252116279092724513333818196579739729688,-0.10021660933530252116279092724513333818196579739729688,-2.92747723028071038266387381928703915008376748897912012601085,LOW,2691,772,5.21431230233872458070021420786928038184767172651321281834149,1.38108348171028471060103878700637070636912813056602808389736,0x9b27006db1be7ed29cce0766f7bbedb6f6dc01e28f5ebb262d4f2e4b7417b109#6|0x07c3a771a82ab698ce018058bcf8ed72986bb2604ae31f3a3b14d1c8464750ee#14|0x6a93dd9c92780e9fa636ca565796ef3e4131fb63050b930617733657616ba14d#42,0xff978633adb89decc04a41a3a5451cb3e55f8a5451bbb4b3833a0f605cbca8de#22|0x123c62df273ee259b97e8de427e8cd2d2c9c7a276b304017b1aad33714d68b62#12|0x74ea6cbe1b40654847c55c94e4afde9bd9f00afd5dbdd79833d154136b48c6b9#52,2.897984818234494E-7,1882.7955756183778,3.42497324040719307668361219096233206945026093661481424,-0.10188024040719307668361219096233206945026093661481424,-2.97462880016781077542935967552780370839594254683456510383703,LOW,2691,772,5.21431230233872458070021420786928038184767172651321281834149,1.07383369475268813878883019354892063830916068077348043324361,0x9b27006db1be7ed29cce0766f7bbedb6f6dc01e28f5ebb262d4f2e4b7417b109#6|0x07c3a771a82ab698ce018058bcf8ed72986bb2604ae31f3a3b14d1c8464750ee#14|0x6a93dd9c92780e9fa636ca565796ef3e4131fb63050b930617733657616ba14d#42,0xff978633adb89decc04a41a3a5451cb3e55f8a5451bbb4b3833a0f605cbca8de#22|0x123c62df273ee259b97e8de427e8cd2d2c9c7a276b304017b1aad33714d68b62#12|0x74ea6cbe1b40654847c55c94e4afde9bd9f00afd5dbdd79833d154136b48c6b9#52|0x7b0def99dfae4c992ca949e5bf78aa98aca83e3e2037dc0313852f610d15550d#14|0x3c910bab335340f8fd5f33c44c2d9cb5542973a3a1ca800ac1cc3f1cde6a09b3#11
0x64fa0aa1c397a6b32f8bdff2c53a9bb079e8ce156b5418351aa19d9b8c41e791,0xe3a8816fa76c57634176850f16bae432cd1f565b5216f759b358aa43b3662b7e,0x40ed225bdcb060947f6887fcbb811c6d320e6bce,20098837,5201.553144158262515977,2.401443,0.000461678066809141817272450368669012297025294201457691558071424,2.5424108259660754E-7,1911.8136723156904,2.528275128117265806691501504427120154711959011412106832,-0.126832128117265806691501504427120154711959011412106832,-5.01654771297434175240670536282094234822351324702179060523969,LOW,3969,142,4.42935133537042402194154953788437365962639049543751819338616,1.00225840606476489944948621851657697732344624895334322134181,0xedd09abe0d6b99adea0d675f55c0826596350e4d674fa948e29561ae0d0b6055#30,0x17e02ee4a7f707cce0d7d86f897aad6462b12f5b66982e8b4bc3ce36f9b82ac7#12,2.4358171634408643E-7,1911.907371418467,2.42239283896415000192611091218304806206167446930959537,-0.02094983896415000192611091218304806206167446930959537,-0.864840690872767532034923111138826496569600829906365727264779,MEDIUM,3969,142,3.04709781141948010126237456691164969999491109377140454458910,1.04611818170909446132609327765873769847112032411731654191819,0xedd09abe0d6b99adea0d675f55c0826596350e4d674fa948e29561ae0d0b6055#30|0xeae65dbf0455031e98671a9eb497745387909a61c2d261aac0f1910648d21a24#9|0x2b6f91cd920931a078b6bc2a7d33e359d45840704b004a4d83a8e9566f474f8c#17,0x17e02ee4a7f707cce0d7d86f897aad6462b12f5b66982e8b4bc3ce36f9b82ac7#12|0xfce895c53d30d99a3ce010f4aac41c550395dbf52224aafb014c0565cfdeebde#14|0x4f5597a4dd8d3386537476a5a7ee08a8bad138e26cb114aa8981e1456b6151cf#18,2.421058393243844E-7,1911.907371418467,2.4077154075978825755275688562496454820056888024023596,-0.0062724075978825755275688562496454820056888024023596,-0.260512832126634088414516862879839081624894865043776715347848,MEDIUM,3969,142,3.04709781141948010126237456691164969999491109377140454458910,1.05249531738077184568401838990568665196694267575269376015817,0xedd09abe0d6b99adea0d675f55c0826596350e4d674fa948e29561ae0d0b6055#30|0xeae65dbf0455031e98671a9eb497745387909a61c2d261aac0f1910648d21a24#9|0x2b6f91cd920931a078b6bc2a7d33e359d45840704b004a4d83a8e9566f474f8c#17|0xe1c387aac3c787e409ea1691e73dd096af4526201fb8f1b83270a0c105b72d39#35|0xe1b7d319b21d063a110c06e515fb88210d382abd8a034433a0727ad2ef7adfaf#6,0x17e02ee4a7f707cce0d7d86f897aad6462b12f5b66982e8b4bc3ce36f9b82ac7#12|0xfce895c53d30d99a3ce010f4aac41c550395dbf52224aafb014c0565cfdeebde#14|0x4f5597a4dd8d3386537476a5a7ee08a8bad138e26cb114aa8981e1456b6151cf#18|0xf133f0dbfad1d3921de2f2665d117465605fc146eabc817547026ca5a4241086#11|0xda610a555997fec6506491ef668ca93a5528448d4d7f6574f3ca88f71b2f998b#27
0x0e8761a434d77192d252711ea37f5bf9036540543cc62b7b302ac27cb97c98bc,0xf4418ed95237ae1b377016a16e3f304aba4c28211ef10a3a49267b50f2d79eda,0xa6580ce630320e9e88a32ec5a6fbe154252dd09e,20240624,6844.6432008003,2.296555,0.000335525889754410957525082521568498480386637343805820898560819,2.1603226379994058E-7,1944.6790297000125,2.8755264168846571258744140461565172492233771750,-0.5789714168846571258744140461565172492233771750,-20.1344495910392041000013512031048205138677947213401169156203,LOW,27305,917,3.33760173304541599485109078867992301509879398987757830384803,1.03392373046637731966415201463892931801779369395917350612273,0x9c28b2a8c6c7475b816e0b00dc0030970c2011e07a4fec2e7fce2bb2584e7ac5#93,0x5f5393d452b8173c164d3c89bc2ba6d9df73048d3ee2a973676c8a9e5b7dfa89#33,2.1603226379994058E-7,1944.6173585167119,2.8754352259405305944314495273243568301966152706,-0.5788802259405305944314495273243568301966152706,-20.1319167518782746404786157206514751077334692300485153928864,LOW,27305,917,3.33760173304541599485109078867992301509879398987757830384803,1.03392373046637731966415201463892931801779369395917350612273,0x9c28b2a8c6c7475b816e0b00dc0030970c2011e07a4fec2e7fce2bb2584e7ac5#93|0x47a5835fde838237087b9a021c0fc5a8c897ff575f4a37e96b8a6b31d99ca41e#13|0xec57d245f6e8f44146af5ce1a9ecddd6ce58b56e130423b31a85de5e7e9c8a97#12,0x5f5393d452b8173c164d3c89bc2ba6d9df73048d3ee2a973676c8a9e5b7dfa89#33|0xb4420d156202e21874bccb93856e83e2117b5ecf9969c66300cddd786b528935#12|0x7eac6c54934d52037c6fe534f611dec5276847d5988f2d57e297b33e6501a7b8#16,2.1603226379994058E-7,1944.5815776747206,2.8753823181059764106194111400846143080895889844,-0.5788273181059764106194111400846143080895889844,-20.1304471569280508207139045675590507165567649559837897247685,LOW,27305,917,3.33760173304541599485109078867992301509879398987757830384803,1.03392373046637731966415201463892931801779369395917350612273,0x9c28b2a8c6c7475b816e0b00dc0030970c2011e07a4fec2e7fce2bb2584e7ac5#93|0x47a5835fde838237087b9a021c0fc5a8c897ff575f4a37e96b8a6b31d99ca41e#13|0xec57d245f6e8f44146af5ce1a9ecddd6ce58b56e130423b31a85de5e7e9c8a97#12,0x5f5393d452b8173c164d3c89bc2ba6d9df73048d3ee2a973676c8a9e5b7dfa89#33|0xb4420d156202e21874bccb93856e83e2117b5ecf9969c66300cddd786b528935#12|0x7eac6c54934d52037c6fe534f611dec5276847d5988f2d57e297b33e6501a7b8#16|0x1def0a65e588ab423606e43410298e432ed4aa0b2eeff62a0cd3405d84253363#40|0x102145787d372f635ee894852598d6b71ab82cd936a8c1212bb2a9d5b69b0fdc#12
0x5717d76e8646d3e2983d565210ccc95b5cb61ae0d81c82a84d5b0eb8b175ea65,0xa03b4eed311a1f0205eca532a53411e309d37e423fbb759ee90153c7dae3dd0d,0x240a3b686201aa700ff685334a63b0351991680c,20754676,4679.502885037473162617,2.084315,0.000445413765351981172576863349722436352075048202639426186252769,2.557885350814137E-7,1955.1329963314274,2.34022222400452510687608781635897459401852787940634946,-0.25590722400452510687608781635897459401852787940634946,-10.9351676682491961007896205779861449410399400906022535364998,MEDIUM,15145,541,3.07969688438363382173797374247897952100183588618629208027113,1.01405688405773383703816703280045154658459595919381500460688,0xbfbe4ad9fa3cd266eb530cf39ecb534e60a105ec4fad8a5d44b5a28a46304fb2#18,0xd104af95632b8636f7d2eff308e7fc56c5238e1a8060a9c12164df9bdc036278#81,2.533519026877541E-7,1955.1329963314274,2.31792935119239303311568893703687599372647643972492378,-0.23361435119239303311568893703687599372647643972492378,-10.0785794473078635441999241540162431502193955010803744231000,MEDIUM,771,452,3.07969688438363382173797374247897952100183588618629208027113,1.00439701461940210822267358490955718026862622193339678491708,0xbfbe4ad9fa3cd266eb530cf39ecb534e60a105ec4fad8a5d44b5a28a46304fb2#18|0xfabb705d671a80dd0f68201f676a81a6e0a69df8e78f0120044dc376f1d9dac6#14|0xfac244b95ae4d5ce24919043e140dbf787c07d41c7a3b5099a156a7673315d84#14,0xd104af95632b8636f7d2eff308e7fc56c5238e1a8060a9c12164df9bdc036278#81|0x2da646055e338ee7b4987b0fcf1e5796227b4aa370c8d9a118cc38de6a33db47#113|0xd104af95632b8636f7d2eff308e7fc56c5238e1a8060a9c12164df9bdc036278#226,2.557885350814137E-7,1955.1330825868379,2.34022232724907623024897257747666420985840704164936491,-0.25590732724907623024897257747666420985840704164936491,-10.9351715975590432465144223861700475013501341594296424199703,MEDIUM,771,452,3.07969688438363382173797374247897952100183588618629208027113,1.01405688405773383703816703280045154658459595919381500460688,0xbfbe4ad9fa3cd266eb530cf39ecb534e60a105ec4fad8a5d44b5a28a46304fb2#18|0xfabb705d671a80dd0f68201f676a81a6e0a69df8e78f0120044dc376f1d9dac6#14|0xfac244b95ae4d5ce24919043e140dbf787c07d41c7a3b5099a156a7673315d84#14|0x211197d5d4867f6d573a8cf33646df7bbcb29a9fb7a33d35b0b0c45d6603f404#25|0x1ea6e5dc03d216b46f7f573a7be1e93b66c73647c106f1102a5136ac438e38a7#9,0xd104af95632b8636f7d2eff308e7fc56c5238e1a8060a9c12164df9bdc036278#81|0x2da646055e338ee7b4987b0fcf1e5796227b4aa370c8d9a118cc38de6a33db47#113|0xd104af95632b8636f7d2eff308e7fc56c5238e1a8060a9c12164df9bdc036278#226|0xf4b1aa2dfc498e7e6e7772cade1499d0d5a2dcb7f065703f53e5fb5c1a12c76d#48|0x7ddb573c9c25abf09d2123671906fd690681eecc7cdddd1a416f775d9cc3104d#43
0xdfef287a4a46121ca8bce8e9dc1052af434cced44422621119ed86088c727c21,0xf814552d80f2b08e5682be77abe42a47ccfad82efe640b169a9720afba31aa9d,0x353a3cbaceb6e95ceb503e21d19a903a29806e14,20784022,9346.3422642319,3.951908,0.000422829368781389821931690784515233210495544657756188843317791,2.176971378939715E-7,1963.4826504695316,3.995043094232738898537237738892557799384585860,-0.043135094232738898537237738892557799384585860,-1.07971536765170075242316982264479525728783992102354948931266,LOW,20466,1058,17.8379505178158801989889867981250781596151906528110040211997,1.01628465681914142486377275507294968814350807773711827055461,0x82821ced531bc641678760bcec4835df21ced81c81f55d325913c3ad8c35bb47#45,0x09c7315c316114581248e8452a4f8e77130d22857907add35993156cc41949f5#11,2.2407697237202048E-7,1963.6126318083334,4.1123940866261356473135781091847083602750846208,-0.1604860866261356473135781091847083602750846208,-3.90249774816208404052076139035784674515221636376408900184019,LOW,20466,136,17.8379505178158801989889867981250781596151906528110040211997,1.01281270261459819037236880433219052834108285209682101063478,0x82821ced531bc641678760bcec4835df21ced81c81f55d325913c3ad8c35bb47#45|0xb09f8250eee9289bf3778c0d4a9f746dc2819460c3326d587769147f92b38108#9|0x15196a57243380af89205d4fbe2be4faaba30708ea782e56dac7deefccfacdc1#16,0x09c7315c316114581248e8452a4f8e77130d22857907add35993156cc41949f5#11|0x959a43bf40440887f9a32dfbb6c54af8e82d64fe16fb262438e8506416556921#3|0xbb3276274cc9019335544abc4adcd165ad5f082d25dc4d1f4a47af2864bc7937#12,2.2882185723990418E-7,1963.6712906990401,4.1996004910815512417902018142566240851317616142,-0.2476924910815512417902018142566240851317616142,-5.89800128863594202533674049842473830775932954630423075360516,LOW,20466,136,17.8379505178158801989889867981250781596151906528110040211997,1.02608348920847655985462461295262746095436474760750295106746,0x82821ced531bc641678760bcec4835df21ced81c81f55d325913c3ad8c35bb47#45|0xb09f8250eee9289bf3778c0d4a9f746dc2819460c3326d587769147f92b38108#9|0x15196a57243380af89205d4fbe2be4faaba30708ea782e56dac7deefccfacdc1#16|0xfabb705d671a80dd0f68201f676a81a6e0a69df8e78f0120044dc376f1d9dac6#14,0x09c7315c316114581248e8452a4f8e77130d22857907add35993156cc41949f5#11|0x959a43bf40440887f9a32dfbb6c54af8e82d64fe16fb262438e8506416556921#3|0xbb3276274cc9019335544abc4adcd165ad5f082d25dc4d1f4a47af2864bc7937#12|0x7f9c0701f22d7461a9d628046fb788a9ffda6116baf34c3000e56cbfaa1475dc#24|0x1ad75a2065633c776ab5749f79dc2a79fd860c97bf7fe769923540cab4ada899#8
0x88de39808ac0335c509d0a853382fef16634d9d4d5d185b468ecb158982d60a8,0xb6e8495e71b8cd70827f551319d697b6f665d7b75929f2304aa462267d534dcd,0x7a09760387b078c9e255467c8c5620e25f8a16af,20382514,11832.3889739029,5.938436,0.000501879714493633119829967802065555208443958428875422158129248,2.763066044134907E-7,1945.227042732288,6.35966152795250814764065262211009765533163264,-0.42122552795250814764065262211009765533163264,-6.62339538198853844406422710924769886583269464294670978952961,LOW,19253,269,1.57895244371772753135126872167803095017445264094999818009163,1.01499034238795064981261870111304359626604189476082201662705,0xe6d6afa26c6b7595ef46a41e6f4f863dbf76b3de22aa3c46cc874c86506ee986#2,0x2049dd3de6767dc8cd6a5ae81649f97835075216acf62fd41ef50f7c5c595e70#19,2.747338188080638E-7,1945.227042732288,6.32346122022630389498148073308036525303768576,-0.38502522022630389498148073308036525303768576,-6.08883658517201471238213870529247595747012380100224247095948,MEDIUM,4267,206,1.57895244371772753135126872167803095017445264094999818009163,1.00921283951738536365521998325993613544955732168336512960457,0xe6d6afa26c6b7595ef46a41e6f4f863dbf76b3de22aa3c46cc874c86506ee986#2|0xe428ef22bc000c49feeadab370a314dfb776a246e842f7829c4944d9c43b7d4f#18|0x974acaaa266d400c79e4ae52b246d20918b59202f4aab851a81bf0ba3e14a1e0#9,0x2049dd3de6767dc8cd6a5ae81649f97835075216acf62fd41ef50f7c5c595e70#19|0x404a2c7dc00f98671ce3ec018f7bca542249caee5f8c852448b43b6d929adf1e#11|0x52719e5c225724db0c1d3f95285c2c9f5b607a703825decd8c882cc7e16d35dc#12,2.763066044134907E-7,1945.2349476870272,6.359687372152403951214979510571278651820012416,-0.421251372152403951214979510571278651820012416,-6.62377484146415769188543045358443626920220098258543797759067,MEDIUM,4267,79,1.04192352403157827206361296301797666195528550867565978843829,1.01499034238795064981261870111304359626604189476082201662705,0xe6d6afa26c6b7595ef46a41e6f4f863dbf76b3de22aa3c46cc874c86506ee986#2|0xe428ef22bc000c49feeadab370a314dfb776a246e842f7829c4944d9c43b7d4f#18|0x974acaaa266d400c79e4ae52b246d20918b59202f4aab851a81bf0ba3e14a1e0#9|0xf7c3273e78459a6f2b15601ec760372a4a15a6b37e22c6b47241052d1df80645#52|0x8c8e26f3828592707496f140b4a1a2c7997317202cf2b49bd583e3d85a18c327#50,0x2049dd3de6767dc8cd6a5ae81649f97835075216acf62fd41ef50f7c5c595e70#19|0x404a2c7dc00f98671ce3ec018f7bca542249caee5f8c852448b43b6d929adf1e#11|0x52719e5c225724db0c1d3f95285c2c9f5b607a703825decd8c882cc7e16d35dc#12|0x224c61890169edc857321d2f5af8deb4c0f2085659532f938ada5bf9f398d166#48|0x95564f0f8d0acde60bb4df00fbf73752185200c9bcd6696e7e0cfe7ed00451ce#31
0x7ff8e745d14ac0f798fe449114c5cd5dd58790df090b415c407e6218f7b0d407,0x196fbae81177d0bd0adf2d89f330f04220b2d1b821120ea68317ac11aaf77a55,0xb1cc9e0cd3d51a582b7bd66049aee8854fdba408,21879972,59078.6163482397,21.389005,0.000362043093120567040105030052226280421358140379428786918600684,2.1505874501150072E-7,1915.7544436369426,24.3403749530647868578926164353582408391519876784,-2.9513699530647868578926164353582408391519876784,-12.1254087447538228009821155439457751918913032431397513192056,MEDIUM,9715,1299,1.46660744890640336507037951039510743470803218324385400153611,1.03520340375148260465938713074117279345530424485634694465675,0x5917f8ecc30f9cde68ad2e1ba1df5d7a482c5ed216ec2d33ca39d6e263b5ec20#19,0x4fce3053fafc31f440d01f30038bc94e0ec215015bf96472a6fd9c52a598a9fb#11,2.1505874501150072E-7,1916.4484729703663,24.3491928546805535817152129780702125312480905192,-2.9601878546805535817152129780702125312480905192,-12.1572319556848383414729077694383790040847000443916335028240,HIGH,2834,506,1.30275518079799313601437633055409407290010731262710181773608,1.03520340375148260465938713074117279345530424485634694465675,0x5917f8ecc30f9cde68ad2e1ba1df5d7a482c5ed216ec2d33ca39d6e263b5ec20#19|0xaceec88b358ea70f2fbff9ceaa8601723ef6f66b64ed1ad73b987dfc8e2eb424#19|0xed6a6fbc45ef67ad359ae4ae250f7c4d050a876ef123410041b3fa90f26f5267#1,0x4fce3053fafc31f440d01f30038bc94e0ec215015bf96472a6fd9c52a598a9fb#11|0x9c0bf234b2c7f67d842f3c373d11374414a28880a1aefe82270dcab221706150#19|0x0943e798ea8af8891666b2b9653b532ee54a26d0adab777fb860b39c8aeb1e77#14,2.1394769665561032E-7,1916.4484729703663,24.2233987109129779771977078737763498239214817752,-2.8343937109129779771977078737763498239214817752,-11.7010570842647452047782377707100218055335206614954934102312,HIGH,2064,163,1.30275518079799313601437633055409407290010731262710181773608,1.04057930196272455391065873860208160654925907930904815674509,0x5917f8ecc30f9cde68ad2e1ba1df5d7a482c5ed216ec2d33ca39d6e263b5ec20#19|0xaceec88b358ea70f2fbff9ceaa8601723ef6f66b64ed1ad73b987dfc8e2eb424#19|0xed6a6fbc45ef67ad359ae4ae250f7c4d050a876ef123410041b3fa90f26f5267#1|0xa45e5f7efb0c7e1d7da8beef82bb3b6fa44c8ce29b768c590cc19cfa88e34bc4#13|0x5ac1a1c9b5aa71cb7b10601a9dbf02db65ce82530ec2fc9754404290d0589a14#9,0x4fce3053fafc31f440d01f30038bc94e0ec215015bf96472a6fd9c52a598a9fb#11|0x0943e798ea8af8891666b2b9653b532ee54a26d0adab777fb860b39c8aeb1e77#14|0x9c0bf234b2c7f67d842f3c373d11374414a28880a1aefe82270dcab221706150#19|0xe374e50efd91553c816e2218da97469588c6bd1be88ee6e4fa6eb799524000ce#59|0x632639db38ecab6262527a44b0c37459bad9ef203f16553cbbd17f97300560e9#18
0x20a5232eb7c5d688b2ec7815e59c6428c7c7c76f1ef6c0101e2f6fc272cb6886,0x5c278f605caa787d4e374f45f368502b80ca0dc59ef736e11f14acc72dfe2fc4,0xa6580ce630320e9e88a32ec5a6fbe154252dd09e,22699058,80411.152599781758990138,16.327337,0.000203048165237272241719266296611634854785979327195059878450812,1.2356856240564605E-7,1911.640584203898,18.99461623002567574535644085280419645528178240539680020,-2.66727923002567574535644085280419645528178240539680020,-14.0422907087187319422449793694414145926925565725820440440229,MEDIUM,6283,1043,1.00000000000000000000001243608588695586069665058188828079768,1.00930367678052763176756006363173676519641198486859625080761,0xb4a18fe3eb03d4e7a9aeb2e8f85415f5af83f91e6c7dd215660af90aea59ae9d#22,0xcad768f57a925d07f2e593063bd6941b917e06de09d1d71a9762db059174b349#16,1.2356856240564605E-7,1911.386033325388,18.99208693854260811943601189089100632532766182238060120,-2.66474993854260811943601189089100632532766182238060120,-14.0308431988838215006149779310356077663184808840851073156060,HIGH,711,542,1.00000000000000000000001243608588695586069665058188828079768,1.00930367678052763176756006363173676519641198486859625080761,0xb4a18fe3eb03d4e7a9aeb2e8f85415f5af83f91e6c7dd215660af90aea59ae9d#22|0xbd66dae75e5f3883764969c655c68c4307017764a6f4a42b05d7e1cdfb7a970e#15|0xaffbbb7ea899339844ecf5f1da537fc21087d8aac6f501825472dad7e424a2a9#22,0xcad768f57a925d07f2e593063bd6941b917e06de09d1d71a9762db059174b349#16|0xbbaa87cf8f71cb5306d1be63bfd16bb371535126cee955a00e88ea03b23830d3#69|0x7f8d876781c135fa93257a886fb2cd0ba03df86cb5cf6d4a589e78662a29c76f#39,1.2484024645006277E-7,1911.567785507199,19.18936517630745884617036657237368569958793951224730974,-2.86202817630745884617036657237368569958793951224730974,-14.9146579368926717587384317752969771356333784438796723571778,HIGH,711,542,1.00000000000000000000001243608588695586069665058188828079768,1.00097854262876956261001433496705900373975663450062840646745,0xb4a18fe3eb03d4e7a9aeb2e8f85415f5af83f91e6c7dd215660af90aea59ae9d#22|0xbd66dae75e5f3883764969c655c68c4307017764a6f4a42b05d7e1cdfb7a970e#15|0xaffbbb7ea899339844ecf5f1da537fc21087d8aac6f501825472dad7e424a2a9#22|0x029cf9a7332d61af35f6b7fd2158ba675ecc6ccda53dfd98b1be9aab2f10f63a#38|0x8cd82d6d45fccd91da5fc0a9bc7ecd712b9f0e19ce28f8ecc3c9408756c199df#21,0xcad768f57a925d07f2e593063bd6941b917e06de09d1d71a9762db059174b349#16|0xbbaa87cf8f71cb5306d1be63bfd16bb371535126cee955a00e88ea03b23830d3#69|0x7f8d876781c135fa93257a886fb2cd0ba03df86cb5cf6d4a589e78662a29c76f#39|0xf66f15e89b3ada8147847019089c41cc7db220ffbd13b123fc1d31d274d441e4#23|0xdbcd835471ac8ab6496b37e0cf7e1e9a287d28eb7532c3fa55732f2c7a59fbef#48
0xcd5a6a7752daf94ef19ddf3ddd47d3c2ebccf65ae9bdd308f72e674c9015221f,0xa739c08107aa4f14740576ac257d51f1f256f0ce18e3a5851e5257cc37af3a2c,0x084dfa381fb739bc14d5dcca2c9466e62d712946,24603793,9504.309031260407491361,2.874755,0.000302468595091416794645758827919474270192558727037583578702816,2.0167573794858276E-7,1862.6763518319992,3.570356680395812425224670736263732973950486095096690912,-0.695601680395812425224670736263732973950486095096690912,-19.4826943821953805492450832492538640988246487848625329031503,MEDIUM,8530,186,1.19335427734914695170079244533637258525762566714442678654396,1.10417676703851718603052701836203305769511687375857744601306,0xe7479961c8a69d4210bd3998dc65eb2b5db10738afb5a9128657ca8f751967c3#26,0x97dfb01f1b0e842ab6b0e14b0cd0612ee5dbac0986b8a76e09b3e30affda166f#33,2.0167573794858276E-7,1862.6763518319992,3.570356680395812425224670736263732973950486095096690912,-0.695601680395812425224670736263732973950486095096690912,-19.4826943821953805492450832492538640988246487848625329031503,HIGH,1995,186,1.19335427734914695170079244533637258525762566714442678654396,1.06568172656743668009358028312473772161661756726835377358747,0xe7479961c8a69d4210bd3998dc65eb2b5db10738afb5a9128657ca8f751967c3#26|0xc5e561fc907fb17f973e5259ddb1c07310d7a170e3f3b1c15866bddc3533dff2#22|0x6d670c1f77794d4e34cab36bea52340190259bb5ce242ffe626784ffaaf90d1c#8,0x97dfb01f1b0e842ab6b0e14b0cd0612ee5dbac0986b8a76e09b3e30affda166f#33|0x8c00a802ea411d16dd1f4548da27bc7b93ab1f70d2284e5a51a4fba26cf86cfe#21|0xc088158a870304baeafad6a5bcf9eeee14bb8cd94556217f25acf30c44d70d6c#28,2.0167573794858276E-7,1862.6763518319992,3.570356680395812425224670736263732973950486095096690912,-0.695601680395812425224670736263732973950486095096690912,-19.4826943821953805492450832492538640988246487848625329031503,HIGH,1995,127,1.19335427734914695170079244533637258525762566714442678654396,1.06568172656743668009358028312473772161661756726835377358747,0xe7479961c8a69d4210bd3998dc65eb2b5db10738afb5a9128657ca8f751967c3#26|0xc5e561fc907fb17f973e5259ddb1c07310d7a170e3f3b1c15866bddc3533dff2#22|0x6d670c1f77794d4e34cab36bea52340190259bb5ce242ffe626784ffaaf90d1c#8|0xc733d258722e8baf01206bda7eaa6665decb3bdc7b24b5585ef70c4c5cc489eb#8|0x40a0b85591aa569f97c1ace6545a0d4a4971a101a606750e4c6df91f3528ccf4#18,0x97dfb01f1b0e842ab6b0e14b0cd0612ee5dbac0986b8a76e09b3e30affda166f#33|0x8c00a802ea411d16dd1f4548da27bc7b93ab1f70d2284e5a51a4fba26cf86cfe#21|0xc088158a870304baeafad6a5bcf9eeee14bb8cd94556217f25acf30c44d70d6c#28|0x761ebb7e2d2af2b755d6d16a46f087b7d833c778a4b65b7c6690a41fd7b63b9d#29|0xfea127d7fe90c21a54e4754679b9b71188a9a498633be8552494dfbf688e0822#12
0xd87fc3352f51c8f3164821a296f9f3ce9a5aafdfc19cd7ec19ecff5702b8f6df,0xb9d228de3e114dafa63d2f74a7204686a56452a005bfcb4843a31dc3dad504fb,0x965fbde71f030b28e23084da0154298d51f9725c,31143195,17043.088482665067795853,9.310182,0.000546273171641959636327519382045889868717258672935066044558873,2.823091871019938E-7,1921.8525710765966,9.24684077244991289164847545181750917478726655240942124,0.06334122755008710835152454818249082521273344759057876,0.685003982536460476706773999286788551602964767353464045020179,HIGH,745,910,1.06817701044144497366314962336534753657382238578164818330146,1.03483981561680251889013391982117325859355446695391805295661,0x1281c5e02e2ca59fc18b70a0151f12e577081aeb47a22cce9be1c2aacf976c9f#7,0x3645db5808e68e723459707459e55a3a87e72f2299ed28a5888578f78532d540#13,2.823091871019938E-7,1921.8418283166316,9.24678908451487146568516468725991099411207656145532024,0.06339291548512853431483531274008900588792343854467976,0.685566794113314789150578332195075198091190814294449157103996,HIGH,651,816,1.06817701044144497366314962336534753657382238578164818330146,1.03399818125913966730846568689438298792331647203645278617979,0x1281c5e02e2ca59fc18b70a0151f12e577081aeb47a22cce9be1c2aacf976c9f#7|0x6aa04f86fee512ce710b7e9fa3d470b0ba72c46094dc1d80be8bfb650144d31c#11|0xcfee76f467964e848995b982e55ef52f96874e7fd435e167c62ba919b3287ef7#45,0x3645db5808e68e723459707459e55a3a87e72f2299ed28a5888578f78532d540#13|0x3585f0549ac8c4bc5940d5fce96cca03f13e8bea5a67224ab144d3a112e94145#13|0xba242edc12a28b86c2c11fb555e5c813cf550af4d9e8a23561ada51756ae7d8e#6,2.823091871019938E-7,1921.8359215006765,9.24676066433975970917301595739592761630354663501276210,0.06342133566024029082698404260407238369645336498723790,0.685876253992659408807769773027070757296093980812332622537641,HIGH,139,816,1.06817701044144497366314962336534753657382238578164818330146,1.01911569165214496814398472603226581754110227880614989566586,0x1281c5e02e2ca59fc18b70a0151f12e577081aeb47a22cce9be1c2aacf976c9f#7|0x6aa04f86fee512ce710b7e9fa3d470b0ba72c46094dc1d80be8bfb650144d31c#11|0xcfee76f467964e848995b982e55ef52f96874e7fd435e167c62ba919b3287ef7#45|0xdd05fa46f1e4508b545a16502c979d3aafceded5378689d676f20f062b2701e8#65|0x86350c6d9a9aa1471d3dddec4f1e27633da174f02676c5dbd71c79d303276aaa#26,0x3645db5808e68e723459707459e55a3a87e72f2299ed28a5888578f78532d540#13|0x3585f0549ac8c4bc5940d5fce96cca03f13e8bea5a67224ab144d3a112e94145#13|0xba242edc12a28b86c2c11fb555e5c813cf550af4d9e8a23561ada51756ae7d8e#6|0x5cf6203093643e51f5fd2beebf50b4acac57774b5466aa9fe017614f8578657c#47|0x50260ab015b31d237f0fc20d6b9331f3e0783ca6d2480d641d34e7f252a6f30e#11
