tx_hash,block,timestamp,route_shape,n_v4_hops,tx_from,tx_from_type,tx_from_population_frequency,swap_sender,swap_sender_population_frequency,v4_input_token,v4_input_token_address,v4_input_amount,v4_output_token,v4_output_token_address,v4_output_amount,economic_input_source,economic_input_source_type,physical_input_source_amount,economic_output_recipient,economic_output_recipient_type,physical_output_recipient_amount,input_source_equals_tx_from,output_returns_to_input_source,position_manager_touched,universal_router_touched,permit2_touched,zeroex_allowanceholder_touched,classification,confidence,classification_reason
0x6110c258c007d8d68d3e6e6a4974b761396e3dbc2d771a84bc99411297320e66,15333407,2026-07-21T06:04:32+00:00,FIRE/USDG@50100 -> WETH/USDG@300 -> FIRE/USDG@400000 -> WETH/USDG@200,4,0xe93bc5b2088eac5b7bf3aabb6db9a40b079f5ffc,EOA,1,0x8876789976decbfcbbbe364623c63652db8c0904,11,FIRE,0x43eea882b845a8493152ebc55cf30ae9281b02d5,8778.141659681376262818,WETH,0x0bd7d308f8e1639fab988df18a8011f41eacad73,0.001621268021230368,0xe93bc5b2088eac5b7bf3aabb6db9a40b079f5ffc,EOA,8778.141659681376262818,,,0,True,False,False,True,True,False,DIRECT_USER_SELL,HIGH,FIRE economic source is the transaction sender.
0x64a1b87235edb8fce25e9797dd1b136374359256b00edc9f48a966f7a5f7c27e,16945015,2026-07-23T02:56:07+00:00,ETH/USDG@0 -> FIRE/USDG@500000,2,0x43370308b53e3611521ba48e2f7632a5644d7b1f,EOA,2,0x1d4b86491ec211257cbedd77a4380a7494624eff,17,FIRE,0x43eea882b845a8493152ebc55cf30ae9281b02d5,2144.5111562838,USDG,0x5fc5360d0400a0fd4f2af552add042d716f1d168,1.901863,0x3268eebced4018c5321d904121c10111a4700daf,EOA_7702,2144.5111562838,0x4cd00e387622c35bddb9b4c962c136462338bc31,CONTRACT,252.872526,False,False,False,False,False,False,RFQ_INTENT_SETTLEMENT,MEDIUM,Distinct user-like wallet supplies FIRE while another account submits the transaction.
0x2ad27c41fc2e78348a7b3768167319d33f6e3484e4cdccb5ae8eac03eda82ad1,16941808,2026-07-23T02:50:44+00:00,ETH/FIRE@3000 -> FIRE/USDG@500000,2,0xb4864f7f85eb2fdbd58b4293a2b9bd684fb13336,EOA,9,0xa633c73658857d5241fe21d43f854a82e2d0592c,26,ETH,0x0000000000000000000000000000000000000000,0.031318531897268427,USDG,0x5fc5360d0400a0fd4f2af552add042d716f1d168,100.907144,0xa633c73658857d5241fe21d43f854a82e2d0592c,CONTRACT,0.031634880704311542,0x52e65b17fb6e5ba00ed806f37afcd2daa50271ca,CONTRACT,100.907144,False,False,False,False,False,False,OTHER_ONE_WAY_ROUTE,MEDIUM,One-way route does not use FIRE as its economic V4 input.
0x68bd9a33708ae4c5d59865eff34299b17d489d38e8bbacbd7bd6b275ee14ad85,16947150,2026-07-23T02:59:40+00:00,ETH/FIRE@3000 -> FIRE/USDG@500000,2,0x6113eecea9998199825a9df4811368f069d85a50,EOA,1,0xa633c73658857d5241fe21d43f854a82e2d0592c,26,ETH,0x0000000000000000000000000000000000000000,0.00407956387140322,USDG,0x5fc5360d0400a0fd4f2af552add042d716f1d168,8.325636,0xa633c73658857d5241fe21d43f854a82e2d0592c,CONTRACT,0.004120771587275979,0x52e65b17fb6e5ba00ed806f37afcd2daa50271ca,CONTRACT,8.325636,False,False,False,False,False,False,OTHER_ONE_WAY_ROUTE,MEDIUM,One-way route does not use FIRE as its economic V4 input.
0x097b2738e51cb10e5e345239b790a8c23a26263ccdb25a9229f7e264eb799021,16963641,2026-07-23T03:27:15+00:00,FIRE/USDG@500000,1,0x4337016838785634c63fce393bfc6222564436c4,EOA,1,0x1d4b86491ec211257cbedd77a4380a7494624eff,17,FIRE,0x43eea882b845a8493152ebc55cf30ae9281b02d5,4144.008340027574371295,USDG,0x5fc5360d0400a0fd4f2af552add042d716f1d168,3.023953,0xe0077b307550eff13aad4a163be7c1d99b22314d,EOA_7702,4144.008340027574371295,0x4cd00e387622c35bddb9b4c962c136462338bc31,CONTRACT,3.023953,False,False,False,False,False,False,RFQ_INTENT_SETTLEMENT,MEDIUM,Distinct user-like wallet supplies FIRE while another account submits the transaction.
0xca79f4c1188e23915caf67d7e9ccb19b9b25309c0a8d24ec2ab6b2541b359afe,16966396,2026-07-23T03:31:52+00:00,FIRE/USDG@500000,1,0x4337021d22bcd0775a0fd1b4a6665051dc15d995,EOA,1,0x1d4b86491ec211257cbedd77a4380a7494624eff,17,FIRE,0x43eea882b845a8493152ebc55cf30ae9281b02d5,2687.14708264371395029,USDG,0x5fc5360d0400a0fd4f2af552add042d716f1d168,1.913554,0x23845fb6645bbb694d4089c920794b9cf6ae61c6,EOA_7702,2687.14708264371395029,0x4cd00e387622c35bddb9b4c962c136462338bc31,CONTRACT,1.913554,False,False,False,False,False,False,RFQ_INTENT_SETTLEMENT,MEDIUM,Distinct user-like wallet supplies FIRE while another account submits the transaction.
0x1b7c5c26aa9724794d5b9685cb306f0c9dc05a8811a5d2caf734c6b5a1446268,17054619,2026-07-23T05:59:24+00:00,FIRE/USDG@500000,1,0x43370188473a398394e4ba4a7c7cbb2c6265e22a,EOA,1,0x1d4b86491ec211257cbedd77a4380a7494624eff,17,FIRE,0x43eea882b845a8493152ebc55cf30ae9281b02d5,4013.4344747681,USDG,0x5fc5360d0400a0fd4f2af552add042d716f1d168,2.792735,0x7a09760387b078c9e255467c8c5620e25f8a16af,EOA_7702,4013.4344747681,0x4cd00e387622c35bddb9b4c962c136462338bc31,CONTRACT,2.792735,False,False,False,False,False,False,RFQ_INTENT_SETTLEMENT,MEDIUM,Distinct user-like wallet supplies FIRE while another account submits the transaction.
0xf50ffe042627593be4497336916db1f1ff1386c3e9a1055da47b66365dfa06f7,17296836,2026-07-23T12:44:10+00:00,FIRE/USDG@450000 -> FIRE/USDG@400000 -> FIRE/USDG@25000 -> FIRE/USDG@500000,4,0x35f17f653000b663c3f28667bcd68b2e17d460d7,EOA,3,0x1d4b86491ec211257cbedd77a4380a7494624eff,17,FIRE,0x43eea882b845a8493152ebc55cf30ae9281b02d5,10000,USDG,0x5fc5360d0400a0fd4f2af552add042d716f1d168,7.248075,0x35f17f653000b663c3f28667bcd68b2e17d460d7,EOA,10000,0x52e65b17fb6e5ba00ed806f37afcd2daa50271ca,CONTRACT,7.248075,True,False,False,False,False,False,DIRECT_USER_SELL,HIGH,FIRE economic source is the transaction sender.
0xb9502a70234e44da590669bafad43ccba5d1bdc3ff0ee130843da13ee40b7959,17297811,2026-07-23T12:45:47+00:00,ETH/FIRE@3000 -> FIRE/USDG@500000,2,0xd71212080d90ffa50a80bff2af2ade6f99f29b96,EOA,1,0x1521027b665fa38fa4a642991607ad708376dd7b,1,ETH,0x0000000000000000000000000000000000000000,0.003506055801907824,USDG,0x5fc5360d0400a0fd4f2af552add042d716f1d168,7.055577,0x1521027b665fa38fa4a642991607ad708376dd7b,CONTRACT,0.0035414705069776,0x52e65b17fb6e5ba00ed806f37afcd2daa50271ca,CONTRACT,7.055577,False,False,False,False,False,False,OTHER_ONE_WAY_ROUTE,MEDIUM,One-way route does not use FIRE as its economic V4 input.
0x97b9df076fe1a90f52805aa1e411b3aea2d37c841459cb7e946b4df94e341ce7,17748013,2026-07-24T01:17:53+00:00,FIRE/USDG@400000,1,0x0db8a59558dad8e67b5b4d4ea6aabf9f96bf075d,EOA,1,0xa687b664662b96b180346d699a6d5b42e9b05d31,5,FIRE,0x43eea882b845a8493152ebc55cf30ae9281b02d5,5198.175976119336126776,USDG,0x5fc5360d0400a0fd4f2af552add042d716f1d168,3.395128,0x0db8a59558dad8e67b5b4d4ea6aabf9f96bf075d,EOA,5198.175976119336126776,0x0db8a59558dad8e67b5b4d4ea6aabf9f96bf075d,EOA,3.378153,True,True,False,False,False,False,DIRECT_USER_SELL,HIGH,FIRE economic source is the transaction sender.
0x135bd717c3349de7177b85bdc54da7f302b9f20b3f31114010891e39108e4b5f,17299899,2026-07-23T12:49:17+00:00,FIRE/USDG@25000 -> FIRE/USDG@450000 -> FIRE/USDG@500000,3,0x35f17f653000b663c3f28667bcd68b2e17d460d7,EOA,3,0x1d4b86491ec211257cbedd77a4380a7494624eff,17,FIRE,0x43eea882b845a8493152ebc55cf30ae9281b02d5,18421.108105528225337389,USDG,0x5fc5360d0400a0fd4f2af552add042d716f1d168,10.351809,0x35f17f653000b663c3f28667bcd68b2e17d460d7,EOA,18421.108105528225337389,0x00000000000014aa86c5d3c41765bb24e11bd701,CONTRACT,10.351809,True,False,False,False,False,False,DIRECT_USER_SELL,HIGH,FIRE economic source is the transaction sender.
0xa97ad7f27d90da24c92f43509caac6d31a648688eae53f8eb698c43909a8d938,17299663,2026-07-23T12:48:53+00:00,ETH/FIRE@3000 -> FIRE/USDG@500000,2,0xeeef618a70e663813331892ee129709845570a1f,EOA,13,0xa633c73658857d5241fe21d43f854a82e2d0592c,26,ETH,0x0000000000000000000000000000000000000000,0.003493923201597684,USDG,0x5fc5360d0400a0fd4f2af552add042d716f1d168,6.905387,0xa633c73658857d5241fe21d43f854a82e2d0592c,CONTRACT,0.003529215355149175,0x52e65b17fb6e5ba00ed806f37afcd2daa50271ca,CONTRACT,6.905387,False,False,False,False,False,False,OTHER_ONE_WAY_ROUTE,MEDIUM,One-way route does not use FIRE as its economic V4 input.
0x630c9b30fa769998cca874382f6ce605547baff0d96be7a5f15a2778cb2bd549,17297948,2026-07-23T12:46:01+00:00,FIRE/USDG@25000 -> FIRE/USDG@500000 -> FIRE/USDG@50100 -> FIRE/USDG@450000 -> Index/USDG@9500,5,0x35f17f653000b663c3f28667bcd68b2e17d460d7,EOA,3,0x1d4b86491ec211257cbedd77a4380a7494624eff,17,FIRE,0x43eea882b845a8493152ebc55cf30ae9281b02d5,20000,Index,0x56910d4409f3a0c78c64dd8d0545ff0705389870,1607.229734823383987075,0x35f17f653000b663c3f28667bcd68b2e17d460d7,EOA,20000,0x8fb79468b6273de01370f01d0ba7784c1753a820,EOA,1607.229734823383987075,True,False,False,False,False,False,DIRECT_USER_SELL,HIGH,FIRE economic source is the transaction sender.
0x01db8a735a57fb324ebe09bbdf29dae1e3dd51d9224019b363d984cdf2a9ae09,17963321,2026-07-24T07:18:05+00:00,ETH/FIRE@3000 -> FIRE/USDG@500000,2,0xeeef618a70e663813331892ee129709845570a1f,EOA,13,0xa633c73658857d5241fe21d43f854a82e2d0592c,26,ETH,0x0000000000000000000000000000000000000000,0.004459605982533253,USDG,0x5fc5360d0400a0fd4f2af552add042d716f1d168,8.909087,0xa633c73658857d5241fe21d43f854a82e2d0592c,CONTRACT,0.004504652507609346,0x52e65b17fb6e5ba00ed806f37afcd2daa50271ca,CONTRACT,8.909087,False,False,False,False,False,False,OTHER_ONE_WAY_ROUTE,MEDIUM,One-way route does not use FIRE as its economic V4 input.
0x203f02389c183e2bc468da547fc60172b995b1f0ae25a73356fa8ab0751b1e08,18275319,2026-07-24T15:59:45+00:00,ETH/FIRE@3000 -> FIRE/USDG@400000 -> USDG/VIRTUAL@3000,3,0xb4864f7f85eb2fdbd58b4293a2b9bd684fb13336,EOA,9,0xa633c73658857d5241fe21d43f854a82e2d0592c,26,ETH,0x0000000000000000000000000000000000000000,0.007353055632171868,VIRTUAL,0xc6911796042b15d7fa4f6cde69e245ddcd3d9c31,42.879301883939944023,0xa633c73658857d5241fe21d43f854a82e2d0592c,CONTRACT,0.007427328921385725,0xd95e8e2cd04c207625c6f23c974d365a5f3a91d3,CONTRACT,42.879301883939944023,False,False,False,False,False,False,OTHER_ONE_WAY_ROUTE,MEDIUM,One-way route does not use FIRE as its economic V4 input.
0x4666c008a31e451e8d3c630dca2bbc42bc05f0cc3c9ad314b5c335bd4f0cf1a2,18275319,2026-07-24T15:59:45+00:00,ETH/FIRE@3000 -> FIRE/USDG@500000 -> USDG/VIRTUAL@3000,3,0xe858582b200ed580c840b8c24f37560a68406584,EOA,1,0xa633c73658857d5241fe21d43f854a82e2d0592c,26,ETH,0x0000000000000000000000000000000000000000,0.040207342408649278,VIRTUAL,0xc6911796042b15d7fa4f6cde69e245ddcd3d9c31,198.354121259071775478,0xa633c73658857d5241fe21d43f854a82e2d0592c,CONTRACT,0.040613477180453816,0x851d1b0342d2257a4172826b68221d2366c1c6b5,CONTRACT,198.354121259071775478,False,False,False,False,False,False,OTHER_ONE_WAY_ROUTE,MEDIUM,One-way route does not use FIRE as its economic V4 input.
0x70b1124c104e7f8dfe01737b5544dbecc861c3f25cf1bd56c46baf973971292f,18278116,2026-07-24T16:04:25+00:00,FIRE/USDG@500000,1,0x43370308b53e3611521ba48e2f7632a5644d7b1f,EOA,2,0x1d4b86491ec211257cbedd77a4380a7494624eff,17,FIRE,0x43eea882b845a8493152ebc55cf30ae9281b02d5,4045.0592960165,USDG,0x5fc5360d0400a0fd4f2af552add042d716f1d168,2.544418,0x95f44a617172de3938240a2d0a0f52df5dbd8f48,EOA_7702,4045.0592960165,0x4cd00e387622c35bddb9b4c962c136462338bc31,CONTRACT,2.544418,False,False,False,False,False,False,RFQ_INTENT_SETTLEMENT,MEDIUM,Distinct user-like wallet supplies FIRE while another account submits the transaction.
0x6c6b4aaa9824a3d21e7c0cea6b8310a1499f5d1f518e9cf7de9b8a1c8f9e4d08,18288047,2026-07-24T16:21:00+00:00,FIRE/USDG@500000,1,0x433700890211c1c776c391d414cffd38efdd1811,EOA,1,0x8f10b468b06c6fd214b65f87778827f7d113f996,5,FIRE,0x43eea882b845a8493152ebc55cf30ae9281b02d5,4657.8328240988,USDG,0x5fc5360d0400a0fd4f2af552add042d716f1d168,2.854402,0x12eed01bbdeff4848296bfc608dedacbf4813902,EOA_7702,4657.8328240988,0x4cd00e387622c35bddb9b4c962c136462338bc31,CONTRACT,2.854402,False,False,False,False,False,False,RFQ_INTENT_SETTLEMENT,MEDIUM,Distinct user-like wallet supplies FIRE while another account submits the transaction.
0xd9e13b883b337272b5fe7116a77c1cce3aab2b25bd5be1328633090937c46d85,18355596,2026-07-24T18:13:43+00:00,ETH/FIRE@3000 -> FIRE/USDG@400000 -> WETH/USDG@200,3,0x718a74deadeb8bdcbcbf2fd0e228f4b41b92cab7,EOA,2,0x4c4353e0d893c9d3114b3ce1d9e4b802e687ad0d,4,ETH,0x0000000000000000000000000000000000000000,0.004808907469806715,WETH,0x0bd7d308f8e1639fab988df18a8011f41eacad73,0.006621460556477311,0x0bd7d308f8e1639fab988df18a8011f41eacad73,INFRASTRUCTURE,0.004857482292734055,0x2185964d3b387461ef79c1841cadcfc4ea5ed639,EOA,0.001763978263743256,False,False,False,False,False,False,OTHER_ONE_WAY_ROUTE,MEDIUM,One-way route does not use FIRE as its economic V4 input.
0x196f54a32b18ed5f42bf93c85c76bffbb0fa7d979dc8fa5a53260104d097b929,18349429,2026-07-24T18:03:27+00:00,ETH/FIRE@3000 -> FIRE/USDG@400000,2,0xdf465f1a0ec31f5d14e8c61179b71e382f97e794,EOA,1,0x4c4353e0d893c9d3114b3ce1d9e4b802e687ad0d,4,ETH,0x0000000000000000000000000000000000000000,0.003477340141104396,USDG,0x5fc5360d0400a0fd4f2af552add042d716f1d168,8.038471,0x0bd7d308f8e1639fab988df18a8011f41eacad73,INFRASTRUCTURE,0.003512464788994339,0x52e65b17fb6e5ba00ed806f37afcd2daa50271ca,CONTRACT,8.038471,False,False,False,False,False,False,OTHER_ONE_WAY_ROUTE,MEDIUM,One-way route does not use FIRE as its economic V4 input.
0xa61be5392ead1d2f84d2e9088f3312f8dbc91a029bb41df80361aac0223fbcec,18349429,2026-07-24T18:03:27+00:00,ETH/FIRE@3000 -> FIRE/USDG@500000,2,0x95d5a1aa091655dbb5b61cf011b3288ac2f79f92,EOA,2,0xa633c73658857d5241fe21d43f854a82e2d0592c,26,ETH,0x0000000000000000000000000000000000000000,0.006848276737347512,USDG,0x5fc5360d0400a0fd4f2af552add042d716f1d168,13.536994,0xa633c73658857d5241fe21d43f854a82e2d0592c,CONTRACT,0.006917451249845971,0x33eabd63853e74ff70d8b89982dfb5bc3eb0a189,EOA,0.647444,False,False,False,False,False,False,OTHER_ONE_WAY_ROUTE,MEDIUM,One-way route does not use FIRE as its economic V4 input.
0x13976748c9ec47f275cf18ed6261210d8c36624e6fba3344a21b65d6fd4ff9d1,18349880,2026-07-24T18:04:12+00:00,FIRE/USDG@500000,1,0x4337011463ef6bd863e47e7b5e743d2522261131,EOA,1,0x1d4b86491ec211257cbedd77a4380a7494624eff,17,FIRE,0x43eea882b845a8493152ebc55cf30ae9281b02d5,4210.894902325255219588,USDG,0x5fc5360d0400a0fd4f2af552add042d716f1d168,2.939952,0x85c857ee7bf7c23b0f463b1c0e130f408b34e9eb,EOA_7702,4210.894902325255219588,0x4cd00e387622c35bddb9b4c962c136462338bc31,CONTRACT,2.939952,False,False,False,False,False,False,RFQ_INTENT_SETTLEMENT,MEDIUM,Distinct user-like wallet supplies FIRE while another account submits the transaction.
0x7228a91562d54ce26e73875288b1538ada3317fbdcce9cc194159c7f24a5959d,18355596,2026-07-24T18:13:43+00:00,ETH/FIRE@3000 -> FIRE/USDG@500000 -> WETH/USDG@200,3,0x718a74deadeb8bdcbcbf2fd0e228f4b41b92cab7,EOA,2,0x4c4353e0d893c9d3114b3ce1d9e4b802e687ad0d,4,ETH,0x0000000000000000000000000000000000000000,0.012131608204535984,WETH,0x0bd7d308f8e1639fab988df18a8011f41eacad73,0.013597027201020094,0x0bd7d308f8e1639fab988df18a8011f41eacad73,INFRASTRUCTURE,0.012254149701551498,0x2185964d3b387461ef79c1841cadcfc4ea5ed639,EOA,0.001342877499468596,False,False,False,False,False,False,OTHER_ONE_WAY_ROUTE,MEDIUM,One-way route does not use FIRE as its economic V4 input.
0x5343f529dde83de5a69f167746ef76f95f9350fe3a2c7e1f663e5caf9e71f257,18701871,2026-07-25T03:52:31+00:00,FIRE/USDG@500000,1,0x4337007ab182ebe9cdb0bc4b96734c32176d44cc,EOA,2,0x1d4b86491ec211257cbedd77a4380a7494624eff,17,FIRE,0x43eea882b845a8493152ebc55cf30ae9281b02d5,9850.28198233373848904,USDG,0x5fc5360d0400a0fd4f2af552add042d716f1d168,5.17913,0xdc7e7358922826eaeb11f6ad0cbe3c109d96e705,EOA_7702,9850.28198233373848904,0x4cd00e387622c35bddb9b4c962c136462338bc31,CONTRACT,5.17913,False,False,False,False,False,False,RFQ_INTENT_SETTLEMENT,MEDIUM,Distinct user-like wallet supplies FIRE while another account submits the transaction.
0x1347148cb39ca5001db1b7be88e91c25134e8bf2fa4920fdfd6b6ff450fe58ee,18362149,2026-07-24T18:24:41+00:00,FIRE/USDG@500000,1,0x4337026d731283f9917fa3c9194d74809bfbec26,EOA,1,0x1d4b86491ec211257cbedd77a4380a7494624eff,17,FIRE,0x43eea882b845a8493152ebc55cf30ae9281b02d5,6169.696621947221570347,USDG,0x5fc5360d0400a0fd4f2af552add042d716f1d168,3.792264,0xfea12f8f88faf484c0c74818f48b6a688c549d2d,EOA_7702,6169.696621947221570347,0x4cd00e387622c35bddb9b4c962c136462338bc31,CONTRACT,3.792264,False,False,False,False,False,False,RFQ_INTENT_SETTLEMENT,MEDIUM,Distinct user-like wallet supplies FIRE while another account submits the transaction.
0x036c9da13f534059d5feb064f85e0c069caa48f3b157271b31ccd373406c8a29,20021264,2026-07-26T16:40:02+00:00,FIRE/USDG@400000,1,0x4337019d937ebcbd73dd750072d86c1ce664b350,EOA,1,0x1d4b86491ec211257cbedd77a4380a7494624eff,17,FIRE,0x43eea882b845a8493152ebc55cf30ae9281b02d5,4631.819918130973597053,USDG,0x5fc5360d0400a0fd4f2af552add042d716f1d168,2.334657,0x6de10fca0e47549a78d1527573c5d42a5f18f15a,EOA_7702,4631.819918130973597053,0x4cd00e387622c35bddb9b4c962c136462338bc31,CONTRACT,2.334657,False,False,False,False,False,False,RFQ_INTENT_SETTLEMENT,MEDIUM,Distinct user-like wallet supplies FIRE while another account submits the transaction.
0x08e50bfda808b7991599da01be574023be05212e60225203e5d1b8228b96c660,19687264,2026-07-26T07:21:38+00:00,FIRE/USDG@400000,1,0x4337004ec9c1417f1c7a26ebd4b4fbed6acf9e5d,EOA,1,0x1d4b86491ec211257cbedd77a4380a7494624eff,17,FIRE,0x43eea882b845a8493152ebc55cf30ae9281b02d5,6277.083525423276633932,USDG,0x5fc5360d0400a0fd4f2af552add042d716f1d168,3.323093,0x67b142cf3fcbf2975e29940716ddb411cc85a496,EOA_7702,6277.083525423276633932,0x4cd00e387622c35bddb9b4c962c136462338bc31,CONTRACT,3.323093,False,False,False,False,False,False,RFQ_INTENT_SETTLEMENT,MEDIUM,Distinct user-like wallet supplies FIRE while another account submits the transaction.
0x655f24cffb634f7149ebe98a3b51834b234b933b9f9be86ad35d018b43c82c26,19411729,2026-07-25T23:40:30+00:00,FIRE/USDG@500000,1,0xe71411ebb40224f0043d21ee440829156f4fab0a,EOA_7702,3,0x8876789976decbfcbbbe364623c63652db8c0904,11,FIRE,0x43eea882b845a8493152ebc55cf30ae9281b02d5,2543,USDG,0x5fc5360d0400a0fd4f2af552add042d716f1d168,1.305911,0xe71411ebb40224f0043d21ee440829156f4fab0a,EOA_7702,2543,0xe71411ebb40224f0043d21ee440829156f4fab0a,EOA_7702,1.305911,True,True,False,True,True,False,DIRECT_USER_SELL,HIGH,FIRE economic source is the transaction sender.
0x08cd4620309c75d71b3b082eeb42b0827a7c1d7976872fdedbc2f7b9e748f213,19687599,2026-07-26T07:22:12+00:00,FIRE/USDG@500000 -> FIRE/USDG@450000,2,0xfad4c8f1e71e4c56b87733bd916ff7cff46c6c29,EOA,1,0x8876789976decbfcbbbe364623c63652db8c0904,11,FIRE,0x43eea882b845a8493152ebc55cf30ae9281b02d5,24369,USDG,0x5fc5360d0400a0fd4f2af552add042d716f1d168,12.039928,0xfad4c8f1e71e4c56b87733bd916ff7cff46c6c29,EOA,24369,0xfad4c8f1e71e4c56b87733bd916ff7cff46c6c29,EOA,12.039928,True,True,False,True,True,False,DIRECT_USER_SELL,HIGH,FIRE economic source is the transaction sender.
0x159c64034d5948d14b90f97676149c33a011450b07ee183bb126ea07076eb581,20144334,2026-07-26T20:05:24+00:00,ETH/FIRE@3000 -> FIRE/USDG@500000,2,0xeeef618a70e663813331892ee129709845570a1f,EOA,13,0xa633c73658857d5241fe21d43f854a82e2d0592c,26,ETH,0x0000000000000000000000000000000000000000,0.005219581215386848,USDG,0x5fc5360d0400a0fd4f2af552add042d716f1d168,10.443262,0xa633c73658857d5241fe21d43f854a82e2d0592c,CONTRACT,0.005272304257966513,0x33eabd63853e74ff70d8b89982dfb5bc3eb0a189,EOA,0.364078,False,False,False,False,False,False,OTHER_ONE_WAY_ROUTE,MEDIUM,One-way route does not use FIRE as its economic V4 input.
0x64fa0aa1c397a6b32f8bdff2c53a9bb079e8ce156b5418351aa19d9b8c41e791,20098837,2026-07-26T18:49:27+00:00,FIRE/USDG@400000,1,0x433702948d7be4201a2bcee6c349ad807c547a5d,EOA,1,0x8f10b468b06c6fd214b65f87778827f7d113f996,5,FIRE,0x43eea882b845a8493152ebc55cf30ae9281b02d5,5201.553144158262515977,USDG,0x5fc5360d0400a0fd4f2af552add042d716f1d168,2.401443,0x40ed225bdcb060947f6887fcbb811c6d320e6bce,EOA_7702,5201.553144158262515977,0x4cd00e387622c35bddb9b4c962c136462338bc31,CONTRACT,2.401443,False,False,False,False,False,False,RFQ_INTENT_SETTLEMENT,MEDIUM,Distinct user-like wallet supplies FIRE while another account submits the transaction.
0xc9ad3062f9b616ef1b1d1f668fed160c1fed586ca38e50519434bf327a927489,20354494,2026-07-27T01:56:41+00:00,ETH/FIRE@3000 -> FIRE/USDG@500000 -> WETH/USDG@200,3,0xb4864f7f85eb2fdbd58b4293a2b9bd684fb13336,EOA,9,0xa633c73658857d5241fe21d43f854a82e2d0592c,26,ETH,0x0000000000000000000000000000000000000000,0.067982579930528438,WETH,0x0bd7d308f8e1639fab988df18a8011f41eacad73,0.158353545798430823,0xa633c73658857d5241fe21d43f854a82e2d0592c,CONTRACT,0.068669272657099432,,,0,False,False,False,False,False,False,OTHER_ONE_WAY_ROUTE,MEDIUM,One-way route does not use FIRE as its economic V4 input.
0xa7572b706ba4e0e23fe3fcb2dcb278da6ce2d46142f80cd381aa1990da44b9bd,20365401,2026-07-27T02:14:55+00:00,FIRE/USDG@500000,1,0x1983824aa3cf023dfd233115e801520b9d49a258,EOA,1,0xa687b664662b96b180346d699a6d5b42e9b05d31,5,FIRE,0x43eea882b845a8493152ebc55cf30ae9281b02d5,6041.599301933559037967,USDG,0x5fc5360d0400a0fd4f2af552add042d716f1d168,3.285166,0x1983824aa3cf023dfd233115e801520b9d49a258,EOA,6041.599301933559037967,0x1983824aa3cf023dfd233115e801520b9d49a258,EOA,3.268741,True,True,False,False,False,False,DIRECT_USER_SELL,HIGH,FIRE economic source is the transaction sender.
0x0e8761a434d77192d252711ea37f5bf9036540543cc62b7b302ac27cb97c98bc,20240624,2026-07-26T22:46:18+00:00,FIRE/USDG@400000,1,0x4337007ab182ebe9cdb0bc4b96734c32176d44cc,EOA,2,0x8f10b468b06c6fd214b65f87778827f7d113f996,5,FIRE,0x43eea882b845a8493152ebc55cf30ae9281b02d5,6844.6432008003,USDG,0x5fc5360d0400a0fd4f2af552add042d716f1d168,2.296555,0xa6580ce630320e9e88a32ec5a6fbe154252dd09e,EOA_7702,6844.6432008003,0x4cd00e387622c35bddb9b4c962c136462338bc31,CONTRACT,2.296555,False,False,False,False,False,False,RFQ_INTENT_SETTLEMENT,MEDIUM,Distinct user-like wallet supplies FIRE while another account submits the transaction.
0x7e9eca7202bd22a619e43374079762d3725518751b8b6b337966c5628cb621d1,20148080,2026-07-26T20:11:40+00:00,ETH/FIRE@3000 -> FIRE/USDG@500000,2,0xeeef618a70e663813331892ee129709845570a1f,EOA,13,0xa633c73658857d5241fe21d43f854a82e2d0592c,26,ETH,0x0000000000000000000000000000000000000000,0.005825838403221471,USDG,0x5fc5360d0400a0fd4f2af552add042d716f1d168,11.760721,0xa633c73658857d5241fe21d43f854a82e2d0592c,CONTRACT,0.005884685255779263,0x33eabd63853e74ff70d8b89982dfb5bc3eb0a189,EOA,0.515566,False,False,False,False,False,False,OTHER_ONE_WAY_ROUTE,MEDIUM,One-way route does not use FIRE as its economic V4 input.
0x0be0c91ceeda08475fd42d59888d493ffb781ec44de77cfb71a82e00081f2286,20354494,2026-07-27T01:56:41+00:00,ETH/FIRE@3000 -> FIRE/USDG@400000 -> WETH/USDG@200,3,0xb4864f7f85eb2fdbd58b4293a2b9bd684fb13336,EOA,9,0xa633c73658857d5241fe21d43f854a82e2d0592c,26,ETH,0x0000000000000000000000000000000000000000,0.018703720639262974,WETH,0x0bd7d308f8e1639fab988df18a8011f41eacad73,0.05062669999677169,0xa633c73658857d5241fe21d43f854a82e2d0592c,CONTRACT,0.01889264711036664,,,0,False,False,False,False,False,False,OTHER_ONE_WAY_ROUTE,MEDIUM,One-way route does not use FIRE as its economic V4 input.
0x717b53794bff024222a3df8e55a6be6e967e6f66b4a6139a7ad4978d78854e5b,20570751,2026-07-27T07:58:29+00:00,ETH/FIRE@3000 -> FIRE/USDG@500000,2,0xeeef618a70e663813331892ee129709845570a1f,EOA,13,0xa633c73658857d5241fe21d43f854a82e2d0592c,26,ETH,0x0000000000000000000000000000000000000000,0.006228034573751174,USDG,0x5fc5360d0400a0fd4f2af552add042d716f1d168,12.700519,0xa633c73658857d5241fe21d43f854a82e2d0592c,CONTRACT,0.006290944013890074,0x52e65b17fb6e5ba00ed806f37afcd2daa50271ca,CONTRACT,12.700519,False,False,False,False,False,False,OTHER_ONE_WAY_ROUTE,MEDIUM,One-way route does not use FIRE as its economic V4 input.
0x06a96fea1c1aad20fa91232e5c83485a739e6059448bb34c8380734375db8fb9,20354496,2026-07-27T01:56:41+00:00,ETH/FIRE@3000 -> FIRE/USDG@500000 -> WETH/USDG@450,3,0x8c8ad14cbebc65c6af15c484098c501f08ecb611,EOA,1,0x000000000022b747bc1057d9497efe6d1c69296f,6,ETH,0x0000000000000000000000000000000000000000,0.006119800941101428,WETH,0x0bd7d308f8e1639fab988df18a8011f41eacad73,0.006415060271624247,0x0bd7d308f8e1639fab988df18a8011f41eacad73,INFRASTRUCTURE,0.006415060271624247,,,0,False,False,False,False,False,False,OTHER_ONE_WAY_ROUTE,MEDIUM,One-way route does not use FIRE as its economic V4 input.
0x5717d76e8646d3e2983d565210ccc95b5cb61ae0d81c82a84d5b0eb8b175ea65,20754676,2026-07-27T13:06:16+00:00,FIRE/USDG@500000,1,0x43370330be39d388f6219d8241dc1f76fb9df268,EOA,1,0xaa61254627b7392b0bc922097b10eb0587db2be7,2,FIRE,0x43eea882b845a8493152ebc55cf30ae9281b02d5,4679.502885037473162617,USDG,0x5fc5360d0400a0fd4f2af552add042d716f1d168,2.084315,0x240a3b686201aa700ff685334a63b0351991680c,EOA_7702,4679.502885037473162617,0x4cd00e387622c35bddb9b4c962c136462338bc31,CONTRACT,2.084315,False,False,False,False,False,False,RFQ_INTENT_SETTLEMENT,MEDIUM,Distinct user-like wallet supplies FIRE while another account submits the transaction.
0xe45e9e6555225d6c299a1df3203c1249435eab2d5c5bba926cbbac17e06ccb8d,21644109,2026-07-28T13:55:37+00:00,ETH/FIRE@3000 -> FIRE/USDG@500000 -> WETH/USDG@200,3,0xeeef618a70e663813331892ee129709845570a1f,EOA,13,0xa633c73658857d5241fe21d43f854a82e2d0592c,26,ETH,0x0000000000000000000000000000000000000000,0.004159847631445256,WETH,0x0bd7d308f8e1639fab988df18a8011f41eacad73,0.004280454241215253,0xa633c73658857d5241fe21d43f854a82e2d0592c,CONTRACT,0.004201866294389147,0x33eabd63853e74ff70d8b89982dfb5bc3eb0a189,EOA,0.000078587946826106,False,False,False,False,False,False,OTHER_ONE_WAY_ROUTE,MEDIUM,One-way route does not use FIRE as its economic V4 input.
0xdfef287a4a46121ca8bce8e9dc1052af434cced44422621119ed86088c727c21,20784022,2026-07-27T13:55:17+00:00,FIRE/USDG@400000,1,0x4337002c5702ce424cb62a56ca038e31e1d4a93d,EOA,1,0xaa61254627b7392b0bc922097b10eb0587db2be7,2,FIRE,0x43eea882b845a8493152ebc55cf30ae9281b02d5,9346.3422642319,USDG,0x5fc5360d0400a0fd4f2af552add042d716f1d168,3.951908,0x353a3cbaceb6e95ceb503e21d19a903a29806e14,EOA_7702,9346.3422642319,0x4cd00e387622c35bddb9b4c962c136462338bc31,CONTRACT,3.951908,False,False,False,False,False,False,RFQ_INTENT_SETTLEMENT,MEDIUM,Distinct user-like wallet supplies FIRE while another account submits the transaction.
0x8833948f0f6bc8398085162f19834336a3dc0abdca62c38ba0270525dba04c61,20378248,2026-07-27T02:36:24+00:00,ETH/FIRE@3000 -> FIRE/USDG@500000 -> WETH/USDG@200,3,0xeeef618a70e663813331892ee129709845570a1f,EOA,13,0xa633c73658857d5241fe21d43f854a82e2d0592c,26,ETH,0x0000000000000000000000000000000000000000,0.00441539551289424,WETH,0x0bd7d308f8e1639fab988df18a8011f41eacad73,0.004544521708769672,0xa633c73658857d5241fe21d43f854a82e2d0592c,CONTRACT,0.004459995467569939,0x33eabd63853e74ff70d8b89982dfb5bc3eb0a189,EOA,0.000084526241199733,False,False,False,False,False,False,OTHER_ONE_WAY_ROUTE,MEDIUM,One-way route does not use FIRE as its economic V4 input.
0x21a046825df41f82a72ba52a52a2be46f7a609f56f8bad6d11fc9a7b41683aa8,20761649,2026-07-27T13:17:55+00:00,ETH/FIRE@3000 -> FIRE/USDG@500000 -> TA/USDG@39950,3,0x2f878417db3b6a61388bb620ff4f8be745cae66e,EOA,1,0x000000000022b747bc1057d9497efe6d1c69296f,6,ETH,0x0000000000000000000000000000000000000000,0.003343430430306032,TA,0x30db03a051205ccbeb1b6524ddf87fbc6c0127bc,15551.043937082532719796,0x0bd7d308f8e1639fab988df18a8011f41eacad73,INFRASTRUCTURE,0.003516326505086426,0x9b64026574395b1cfaa68458761b9f492a266be6,CONTRACT,15551.043937082532719796,False,False,False,False,False,False,OTHER_ONE_WAY_ROUTE,MEDIUM,One-way route does not use FIRE as its economic V4 input.
0x439a8d1caadc97c6755558c5a9956af17cce236c337859eae0ac2cf8a28de245,21877909,2026-07-28T20:26:19+00:00,ETH/FIRE@3000 -> FIRE/USDG@500000,2,0xeeef618a70e663813331892ee129709845570a1f,EOA,13,0xa633c73658857d5241fe21d43f854a82e2d0592c,26,ETH,0x0000000000000000000000000000000000000000,0.005051999477681861,USDG,0x5fc5360d0400a0fd4f2af552add042d716f1d168,10.056027,0xa633c73658857d5241fe21d43f854a82e2d0592c,CONTRACT,0.005103029775436223,0x52e65b17fb6e5ba00ed806f37afcd2daa50271ca,CONTRACT,10.056027,False,False,False,False,False,False,OTHER_ONE_WAY_ROUTE,MEDIUM,One-way route does not use FIRE as its economic V4 input.
0x88de39808ac0335c509d0a853382fef16634d9d4d5d185b468ecb158982d60a8,20382514,2026-07-27T02:43:33+00:00,FIRE/USDG@400000,1,0x4337012eaf1f862b8dbdc6b62a01782ae01ef038,EOA,1,0x1d4b86491ec211257cbedd77a4380a7494624eff,17,FIRE,0x43eea882b845a8493152ebc55cf30ae9281b02d5,11832.3889739029,USDG,0x5fc5360d0400a0fd4f2af552add042d716f1d168,5.938436,0x7a09760387b078c9e255467c8c5620e25f8a16af,EOA_7702,11832.3889739029,0x4cd00e387622c35bddb9b4c962c136462338bc31,CONTRACT,5.938436,False,False,False,False,False,False,RFQ_INTENT_SETTLEMENT,MEDIUM,Distinct user-like wallet supplies FIRE while another account submits the transaction.
0x7ff8e745d14ac0f798fe449114c5cd5dd58790df090b415c407e6218f7b0d407,21879972,2026-07-28T20:29:47+00:00,FIRE/USDG@400000 -> FIRE/USDG@450000 -> FIRE/USDG@500000,3,0x4337013ef5cd421cef649fc58c1b0defd37bbeb1,EOA,2,0x39b38686a19836ac10162c490e4558e120cbbe5f,2,FIRE,0x43eea882b845a8493152ebc55cf30ae9281b02d5,59078.6163482397,USDG,0x5fc5360d0400a0fd4f2af552add042d716f1d168,21.389005,0xb1cc9e0cd3d51a582b7bd66049aee8854fdba408,EOA_7702,59078.6163482397,0x4cd00e387622c35bddb9b4c962c136462338bc31,CONTRACT,21.389005,False,False,False,False,False,False,RFQ_INTENT_SETTLEMENT,MEDIUM,Distinct user-like wallet supplies FIRE while another account submits the transaction.
0x82e9fb85e0fe84038419385fb8efea6eab1d9ede1c43d35bc5e1651ae5eb7307,21924200,2026-07-28T21:43:39+00:00,ETH/FIRE@3000 -> FIRE/USDG@500000 -> USDG/VIRTUAL@3000,3,0xeeef618a70e663813331892ee129709845570a1f,EOA,13,0xa633c73658857d5241fe21d43f854a82e2d0592c,26,ETH,0x0000000000000000000000000000000000000000,0.006816124180369624,VIRTUAL,0xc6911796042b15d7fa4f6cde69e245ddcd3d9c31,24.221543677782692253,0xa633c73658857d5241fe21d43f854a82e2d0592c,CONTRACT,0.006884973919565276,0x851d1b0342d2257a4172826b68221d2366c1c6b5,CONTRACT,24.221543677782692253,False,False,False,False,False,False,OTHER_ONE_WAY_ROUTE,MEDIUM,One-way route does not use FIRE as its economic V4 input.
0x0511e8f74be617b6f6316f68a3bace2e6251428250b299f0da008ad606391890,22218851,2026-07-29T05:55:37+00:00,ETH/FIRE@3000 -> FIRE/USDG@400000 -> WETH/USDG@300,3,0xfce111029a620c7aa50f3d85c2cefcf5ee70c236,EOA,1,0x7702e2e6b53114a037c45a89f855b52721a1c755,5,ETH,0x0000000000000000000000000000000000000000,0.001274361111438594,WETH,0x0bd7d308f8e1639fab988df18a8011f41eacad73,0.001323738501686554,0x0bd7d308f8e1639fab988df18a8011f41eacad73,INFRASTRUCTURE,0.001323738501686554,,,0,False,False,False,False,False,False,OTHER_ONE_WAY_ROUTE,MEDIUM,One-way route does not use FIRE as its economic V4 input.
0x3df7ca6c08a92c68215340262df17a020dead9ac6ca3cb6297ae4079dad8f39b,22236184,2026-07-29T06:24:37+00:00,ETH/FIRE@3000 -> FIRE/USDG@500000 -> WETH/USDG@200,3,0x338d0cd039d0f2511ae9858a2cbbe4d73052e0f6,EOA,1,0xa633c73658857d5241fe21d43f854a82e2d0592c,26,ETH,0x0000000000000000000000000000000000000000,0.01339402130718382,WETH,0x0bd7d308f8e1639fab988df18a8011f41eacad73,0.01529361058481241,0xa633c73658857d5241fe21d43f854a82e2d0592c,CONTRACT,0.013529314451700828,0x33eabd63853e74ff70d8b89982dfb5bc3eb0a189,EOA,0.001764296133111582,False,False,False,False,False,False,OTHER_ONE_WAY_ROUTE,MEDIUM,One-way route does not use FIRE as its economic V4 input.
0xf355b30f08d7ee8cd63ed6c9e71b47d7f36a5fee2a6e7612f3aefd47af646864,22698348,2026-07-29T19:17:08+00:00,ETH/FIRE@3000 -> FIRE/USDG@500000 -> WETH/USDG@200,3,0xeeef618a70e663813331892ee129709845570a1f,EOA,13,0xa633c73658857d5241fe21d43f854a82e2d0592c,26,ETH,0x0000000000000000000000000000000000000000,0.004050437433478044,WETH,0x0bd7d308f8e1639fab988df18a8011f41eacad73,0.004210617290756016,0xa633c73658857d5241fe21d43f854a82e2d0592c,CONTRACT,0.004091350942907115,0x33eabd63853e74ff70d8b89982dfb5bc3eb0a189,EOA,0.000119266347848901,False,False,False,False,False,False,OTHER_ONE_WAY_ROUTE,MEDIUM,One-way route does not use FIRE as its economic V4 input.
0x20a5232eb7c5d688b2ec7815e59c6428c7c7c76f1ef6c0101e2f6fc272cb6886,22699058,2026-07-29T19:18:19+00:00,FIRE/USDG@850000 -> FIRE/USDG@450000 -> FIRE/USDG@400000 -> FIRE/USDG@500000,4,0x4337013ef5cd421cef649fc58c1b0defd37bbeb1,EOA,2,0x39b38686a19836ac10162c490e4558e120cbbe5f,2,FIRE,0x43eea882b845a8493152ebc55cf30ae9281b02d5,80411.152599781758990138,USDG,0x5fc5360d0400a0fd4f2af552add042d716f1d168,16.327337,0xa6580ce630320e9e88a32ec5a6fbe154252dd09e,EOA_7702,80411.152599781758990138,0x4cd00e387622c35bddb9b4c962c136462338bc31,CONTRACT,16.327337,False,False,False,False,False,False,RFQ_INTENT_SETTLEMENT,MEDIUM,Distinct user-like wallet supplies FIRE while another account submits the transaction.
0xce217e230ea8bf23bb747e65eae65fad8e9c8b7365f7e18b22584b5581a13ddc,23390490,2026-07-30T14:34:01+00:00,FIRE/USDG@500000,1,0xa6935eecdc353b080a22dfecd744f400ce5480d6,EOA,2,0x53bf6b0684ec7ef91e1387da3d1a1769bc5a6f77,2,FIRE,0x43eea882b845a8493152ebc55cf30ae9281b02d5,23582.304766955243412169,USDG,0x5fc5360d0400a0fd4f2af552add042d716f1d168,4.481891,0xa6935eecdc353b080a22dfecd744f400ce5480d6,EOA,23582.304766955243412169,0x52e65b17fb6e5ba00ed806f37afcd2daa50271ca,CONTRACT,4.481891,True,False,False,False,True,False,DIRECT_USER_SELL,HIGH,FIRE economic source is the transaction sender.
0xe19feb6ec5b38f6e261edd23e9e514f9d5fc81c3c5b73d8b35e21a49330e61c4,23393330,2026-07-30T14:38:45+00:00,FIRE/USDG@500000,1,0xa6935eecdc353b080a22dfecd744f400ce5480d6,EOA,2,0x53bf6b0684ec7ef91e1387da3d1a1769bc5a6f77,2,FIRE,0x43eea882b845a8493152ebc55cf30ae9281b02d5,233464.817192856909780475,USDG,0x5fc5360d0400a0fd4f2af552add042d716f1d168,35.478862,0xa6935eecdc353b080a22dfecd744f400ce5480d6,EOA,233464.817192856909780475,0x52e65b17fb6e5ba00ed806f37afcd2daa50271ca,CONTRACT,35.478862,True,False,False,False,True,False,DIRECT_USER_SELL,HIGH,FIRE economic source is the transaction sender.
0x4a337d19f9cf01881a1d51987e9572d36d9f2e0380906e980a7af3d3ab3e2779,23436990,2026-07-30T15:51:39+00:00,FIRE/USDG@400000 -> FIRE/USDG@450000 -> FIRE/USDG@850000,3,0x75cddbbbec8794f90ec75900501cfbe24da32714,EOA,1,0x6aea160407e73658c6c546de727a7ef4cd73a1ad,1,FIRE,0x43eea882b845a8493152ebc55cf30ae9281b02d5,28427.882377356127084567,USDG,0x5fc5360d0400a0fd4f2af552add042d716f1d168,4.029131,0xdbc6d425abe504ad1ec037cc1ee55b3cf727b838,EOA,28427.882377356127084567,0xa587f16d1bfd7cfd082624a23e9e4420ae4fe5d0,CONTRACT,4.029131,False,False,False,False,False,False,RFQ_INTENT_SETTLEMENT,MEDIUM,Distinct user-like wallet supplies FIRE while another account submits the transaction.
0x68bd91ef9d9ae091304291a71043d271678d3d2e1b00bdefdfb851feb220fc31,23394826,2026-07-30T14:41:14+00:00,FIRE/USDG@400000 -> ETH/USDG@460,2,0xfbbb0d7a450686a18c2f4a31f0137070469491d4,EOA,1,0xa687b664662b96b180346d699a6d5b42e9b05d31,5,FIRE,0x43eea882b845a8493152ebc55cf30ae9281b02d5,1420.994446281893190417,ETH,0x0000000000000000000000000000000000000000,0.00016555767294739,0xfbbb0d7a450686a18c2f4a31f0137070469491d4,EOA,1420.994446281893190417,0xfbbb0d7a450686a18c2f4a31f0137070469491d4,EOA,0.00016555767294739,True,True,False,False,False,False,DIRECT_USER_SELL,HIGH,FIRE economic source is the transaction sender.
0xb17835f469d9f25404dce0399bc2151ee7aa0d094ef62dd10fe20ff3be07e35b,23433845,2026-07-30T15:46:24+00:00,FIRE/USDG@500000,1,0xe49193acd219557a150e35ccc2a66f89c42482e6,EOA,1,0xa687b664662b96b180346d699a6d5b42e9b05d31,5,FIRE,0x43eea882b845a8493152ebc55cf30ae9281b02d5,503833.523048941691991737,USDG,0x5fc5360d0400a0fd4f2af552add042d716f1d168,46.835945,0xe49193acd219557a150e35ccc2a66f89c42482e6,EOA,503833.523048941691991737,0xe49193acd219557a150e35ccc2a66f89c42482e6,EOA,46.604108,True,True,False,False,False,False,DIRECT_USER_SELL,HIGH,FIRE economic source is the transaction sender.
0x459f4162d86a2f660bf457497426e6f3e26a696415209fc3ce2dd42e570b7887,24673829,2026-08-01T02:17:26+00:00,ETH/FIRE@3000 -> FIRE/USDG@400000,2,0xa2fdf319500419579d0f60b28d6e67cbc1260ed5,EOA,1,0x000000000022b747bc1057d9497efe6d1c69296f,6,ETH,0x0000000000000000000000000000000000000000,0.00198587669487166,USDG,0x5fc5360d0400a0fd4f2af552add042d716f1d168,3.790917,0x0bd7d308f8e1639fab988df18a8011f41eacad73,INFRASTRUCTURE,0.002032964592012571,0x52e65b17fb6e5ba00ed806f37afcd2daa50271ca,CONTRACT,3.790917,False,False,False,False,False,False,OTHER_ONE_WAY_ROUTE,MEDIUM,One-way route does not use FIRE as its economic V4 input.
0xcd5a6a7752daf94ef19ddf3ddd47d3c2ebccf65ae9bdd308f72e674c9015221f,24603793,2026-08-01T00:20:26+00:00,FIRE/USDG@400000,1,0x43370240c309f6cc0815929a176609267971224f,EOA,1,0x8f10b468b06c6fd214b65f87778827f7d113f996,5,FIRE,0x43eea882b845a8493152ebc55cf30ae9281b02d5,9504.309031260407491361,USDG,0x5fc5360d0400a0fd4f2af552add042d716f1d168,2.874755,0x084dfa381fb739bc14d5dcca2c9466e62d712946,EOA_7702,9504.309031260407491361,0x4cd00e387622c35bddb9b4c962c136462338bc31,CONTRACT,2.874755,False,False,False,False,False,False,RFQ_INTENT_SETTLEMENT,MEDIUM,Distinct user-like wallet supplies FIRE while another account submits the transaction.
0x97e189b3bd86168a74800a7b7d0f5d91dd44c739639b08923307e24196da7154,24672496,2026-08-01T02:15:12+00:00,ETH/FIRE@3000 -> FIRE/USDG@400000,2,0xd6b33bcf3446f353ac4267f3cf66f405763a8735,EOA,1,0x000000000022b747bc1057d9497efe6d1c69296f,6,ETH,0x0000000000000000000000000000000000000000,0.002201050471603529,USDG,0x5fc5360d0400a0fd4f2af552add042d716f1d168,4.210633,0x0bd7d308f8e1639fab988df18a8011f41eacad73,INFRASTRUCTURE,0.002254337407018707,0x2f4579ca81717d3d61bf8b6f06571877bbe54a07,CONTRACT,4.210633,False,False,False,False,False,False,OTHER_ONE_WAY_ROUTE,MEDIUM,One-way route does not use FIRE as its economic V4 input.
0x05a0e773750f26abd85afafc95f9b3816572bbea348d0c11963810fcd7294387,24676025,2026-08-01T02:21:06+00:00,ETH/FIRE@3000 -> FIRE/USDG@400000,2,0xb4864f7f85eb2fdbd58b4293a2b9bd684fb13336,EOA,9,0xa633c73658857d5241fe21d43f854a82e2d0592c,26,ETH,0x0000000000000000000000000000000000000000,0.006136297123271295,USDG,0x5fc5360d0400a0fd4f2af552add042d716f1d168,12.524823,0xa633c73658857d5241fe21d43f854a82e2d0592c,CONTRACT,0.006198279922496257,0x69bfaf19c9f377bb306a89aed9f6b07e2c1a8d9a,CONTRACT,12.524823,False,False,False,False,False,False,OTHER_ONE_WAY_ROUTE,MEDIUM,One-way route does not use FIRE as its economic V4 input.
0xe51232c0376feb312966c5b3c60a02412d8a506d6355eb48955907ddc9538288,23421648,2026-07-30T15:26:01+00:00,FIRE/USDG@400000,1,0x1aa511c41636dc4e1dafe5092157eb606da01d03,EOA,1,0xa687b664662b96b180346d699a6d5b42e9b05d31,5,FIRE,0x43eea882b845a8493152ebc55cf30ae9281b02d5,34275.98625950250140282,USDG,0x5fc5360d0400a0fd4f2af552add042d716f1d168,6.906805,0x1aa511c41636dc4e1dafe5092157eb606da01d03,EOA,34275.98625950250140282,0x52e65b17fb6e5ba00ed806f37afcd2daa50271ca,CONTRACT,6.906805,True,False,False,False,False,False,DIRECT_USER_SELL,HIGH,FIRE economic source is the transaction sender.
0xdbc511aecf9115060561980a6f83f1d24fe4bafa6c78a5a80ba4b72bf71387a1,24675917,2026-08-01T02:20:55+00:00,ETH/FIRE@3000 -> FIRE/USDG@500000,2,0xf0229a7df821096bd3e097e36152bc948c1f4cc0,EOA,1,0x000000007907b910ae1ee64a71f95b592fc7bb89,1,ETH,0x0000000000000000000000000000000000000000,0.002234527964388891,USDG,0x5fc5360d0400a0fd4f2af552add042d716f1d168,4.289642,0xf0229a7df821096bd3e097e36152bc948c1f4cc0,EOA,7.501E-15,0x52e65b17fb6e5ba00ed806f37afcd2daa50271ca,CONTRACT,4.289642,True,False,False,False,False,False,OTHER_ONE_WAY_ROUTE,MEDIUM,One-way route does not use FIRE as its economic V4 input.
0x3a4e65ee6903675542b60054aec1870c186302c1ec261a490153d3b7e819b36e,24675904,2026-08-01T02:20:54+00:00,ETH/FIRE@3000 -> FIRE/USDG@400000,2,0xb4864f7f85eb2fdbd58b4293a2b9bd684fb13336,EOA,9,0xa633c73658857d5241fe21d43f854a82e2d0592c,26,ETH,0x0000000000000000000000000000000000000000,0.007635712782005048,USDG,0x5fc5360d0400a0fd4f2af552add042d716f1d168,15.792244,0xa633c73658857d5241fe21d43f854a82e2d0592c,CONTRACT,0.007712841193944492,0x52e65b17fb6e5ba00ed806f37afcd2daa50271ca,CONTRACT,15.792244,False,False,False,False,False,False,OTHER_ONE_WAY_ROUTE,MEDIUM,One-way route does not use FIRE as its economic V4 input.
0xbbeeab11f580c8430d4a4a349cde4d192c2e708ada06810910b9a0abef4864ea,28041380,2026-08-05T00:05:42+00:00,FIRE/USDG@400000,1,0x6fe9e13938f25fbaf0493522cf56480f4a992f1b,EOA_7702,1,0x8876789976decbfcbbbe364623c63652db8c0904,11,FIRE,0x43eea882b845a8493152ebc55cf30ae9281b02d5,19870.634783155107960141,USDG,0x5fc5360d0400a0fd4f2af552add042d716f1d168,3.004103,0x6fe9e13938f25fbaf0493522cf56480f4a992f1b,EOA_7702,19870.634783155107960141,0x6fe9e13938f25fbaf0493522cf56480f4a992f1b,EOA_7702,3.004103,True,True,False,True,True,False,DIRECT_USER_SELL,HIGH,FIRE economic source is the transaction sender.
0xc70c5c0925746e43008b7474543f82cfd8c32c9c0345669cbef330abbec34268,24676025,2026-08-01T02:21:06+00:00,ETH/FIRE@3000 -> FIRE/USDG@500000 -> WETH/USDG@200,3,0xb4864f7f85eb2fdbd58b4293a2b9bd684fb13336,EOA,9,0xa633c73658857d5241fe21d43f854a82e2d0592c,26,ETH,0x0000000000000000000000000000000000000000,0.006420991857530965,WETH,0x0bd7d308f8e1639fab988df18a8011f41eacad73,0.007031319941344987,0xa633c73658857d5241fe21d43f854a82e2d0592c,CONTRACT,0.006485850361142388,,,0,False,False,False,False,False,False,OTHER_ONE_WAY_ROUTE,MEDIUM,One-way route does not use FIRE as its economic V4 input.
0x10a09a490cecce71fb826a8866c6596403ebfb419d582739ca28753bf06b2c6d,29714959,2026-08-06T22:39:58+00:00,ETH/FIRE@3000 -> FIRE/USDG@400000,2,0xeeef618a70e663813331892ee129709845570a1f,EOA,13,0xa633c73658857d5241fe21d43f854a82e2d0592c,26,ETH,0x0000000000000000000000000000000000000000,0.003619928298899055,USDG,0x5fc5360d0400a0fd4f2af552add042d716f1d168,7.155152,0xa633c73658857d5241fe21d43f854a82e2d0592c,CONTRACT,0.003656493231211166,0x52e65b17fb6e5ba00ed806f37afcd2daa50271ca,CONTRACT,7.155152,False,False,False,False,False,False,OTHER_ONE_WAY_ROUTE,MEDIUM,One-way route does not use FIRE as its economic V4 input.
0x6ea987c848f419787fd1649c64767ff856ebd88fa2c0a112481a26af98fc00a4,25087698,2026-08-01T13:49:46+00:00,FIRE/USDG@500000 -> WETH/USDG@200 -> FIRE/USDG@400000 -> WETH/USDG@300 -> FIRE/USDG@450000 -> WETH/USDG@100,6,0x4da5fb9c62006e9450df7e8b3d0d5c044b5759a8,EOA,1,0x8876789976decbfcbbbe364623c63652db8c0904,11,FIRE,0x43eea882b845a8493152ebc55cf30ae9281b02d5,149115.330147580481534218,WETH,0x0bd7d308f8e1639fab988df18a8011f41eacad73,0.012058056228441429,0x4da5fb9c62006e9450df7e8b3d0d5c044b5759a8,EOA,149115.330147580481534218,0x4da5fb9c62006e9450df7e8b3d0d5c044b5759a8,EOA,0.012058056228441429,True,True,False,True,True,False,DIRECT_USER_SELL,HIGH,FIRE economic source is the transaction sender.
0x6a528eea74cede3192f4bca667ed9b98a60c9118aa2318a307e0665576f76ca1,29949232,2026-08-07T05:10:37+00:00,FIRE/USDG@400000,1,0x45df5e6c3bccb8a03049653472096156aaec8012,EOA,1,0x114d574247342eafea95b7a9234e62984d48cd9e,1,FIRE,0x43eea882b845a8493152ebc55cf30ae9281b02d5,1999.06946381495,USDG,0x5fc5360d0400a0fd4f2af552add042d716f1d168,0.790576,0x8ef1ff96345994aaf85ccfb99333a236bd78dd6e,EOA_7702,2009.11503901,0x52e65b17fb6e5ba00ed806f37afcd2daa50271ca,CONTRACT,0.790576,False,False,False,False,False,False,RFQ_INTENT_SETTLEMENT,MEDIUM,Distinct user-like wallet supplies FIRE while another account submits the transaction.
0x4c936f02df1b87873dbd3262df5519051387ee2535b3bd142f8b702c9023fc96,29572361,2026-08-06T18:41:59+00:00,FIRE/USDG@400000 -> WETH/USDG@200,2,0x1f09756741dedc39a9669565601c4bec5a548af6,EOA,1,0x8876789976decbfcbbbe364623c63652db8c0904,11,FIRE,0x43eea882b845a8493152ebc55cf30ae9281b02d5,37915.781722941834421679,WETH,0x0bd7d308f8e1639fab988df18a8011f41eacad73,0.003012311251129537,0x1f09756741dedc39a9669565601c4bec5a548af6,EOA,37915.781722941834421679,,,0,True,False,False,True,True,False,DIRECT_USER_SELL,HIGH,FIRE economic source is the transaction sender.
0x5a5ad12282b15825e51ded68f8a030361a5db57460980a5ff99d4c59356b6124,29720011,2026-08-06T22:48:22+00:00,FIRE/USDG@400000,1,0x11c551c0dea7d78ca92390571480bebeab630505,EOA,1,0x8876789976decbfcbbbe364623c63652db8c0904,11,FIRE,0x43eea882b845a8493152ebc55cf30ae9281b02d5,1932.875343089491204219,USDG,0x5fc5360d0400a0fd4f2af552add042d716f1d168,0.805954,0x11c551c0dea7d78ca92390571480bebeab630505,EOA,1932.875343089491204219,0x52e65b17fb6e5ba00ed806f37afcd2daa50271ca,CONTRACT,0.805954,True,False,False,True,False,False,DIRECT_USER_SELL,HIGH,FIRE economic source is the transaction sender.
0xbfa23640715b910bcbd95ea6c01f9f29d2fc2f41200641632457356c25d049a4,30442016,2026-08-07T18:54:04+00:00,ETH/FIRE@3000 -> FIRE/USDG@500000 -> USDG/VIRTUAL@3000,3,0xb4864f7f85eb2fdbd58b4293a2b9bd684fb13336,EOA,9,0xa633c73658857d5241fe21d43f854a82e2d0592c,26,ETH,0x0000000000000000000000000000000000000000,0.010419848664791939,VIRTUAL,0xc6911796042b15d7fa4f6cde69e245ddcd3d9c31,40.017815895992573952,0xa633c73658857d5241fe21d43f854a82e2d0592c,CONTRACT,0.010525099661405998,0xd95e8e2cd04c207625c6f23c974d365a5f3a91d3,CONTRACT,36.193200567851261952,False,False,False,False,False,False,OTHER_ONE_WAY_ROUTE,MEDIUM,One-way route does not use FIRE as its economic V4 input.
0x07191c68596f2b14f87d44fee034c96fb31f3b97821cd9fbbcae4815d2c8d725,31143120,2026-08-08T14:24:50+00:00,ETH/FIRE@3000 -> FIRE/USDG@400000,2,0xfce2220c39b345e7273cdce4f58ce54a5e40eb79,EOA,1,0x849bc3e52bb2e1807cc97afbf2528a79128a5deb,1,ETH,0x0000000000000000000000000000000000000000,0.00227616812883293,USDG,0x5fc5360d0400a0fd4f2af552add042d716f1d168,4.959454,0x0bd7d308f8e1639fab988df18a8011f41eacad73,INFRASTRUCTURE,0.002578418057775549,0xc5a01c57b2851202dcf8507a0f2bd08a8025e2c8,CONTRACT,4.959454,False,False,False,False,False,False,OTHER_ONE_WAY_ROUTE,MEDIUM,One-way route does not use FIRE as its economic V4 input.
0x27c90e6c8822cf3983b8b7f6827b3d453c0405996ded40018f4b74da49450b02,30283903,2026-08-07T14:30:06+00:00,ETH/FIRE@3000 -> FIRE/USDG@400000,2,0x672e672fc3eb65dcb9f844d30cc0292125e01526,EOA,1,0xac24ce15ac5f4ca34be88a4bf1b5e17303dab423,1,ETH,0x0000000000000000000000000000000000000000,0.009993292687589759,USDG,0x5fc5360d0400a0fd4f2af552add042d716f1d168,21.960569,0x0bd7d308f8e1639fab988df18a8011f41eacad73,INFRASTRUCTURE,0.011423919470159881,0x52e65b17fb6e5ba00ed806f37afcd2daa50271ca,CONTRACT,21.960569,False,False,False,False,False,False,OTHER_ONE_WAY_ROUTE,MEDIUM,One-way route does not use FIRE as its economic V4 input.
0xfcfbe8c386a8d77a35c3d56a568164d4179947e680a378308793bbfd57e0b9df,31144696,2026-08-08T14:27:28+00:00,FIRE/USDG@400000 -> FIRE/USDG@500000 -> ETH/USDG@25,3,0xbe2a16dca3961c19acda0268c829e0eb437b28e6,EOA,1,0x8f10b468b06c6fd214b65f87778827f7d113f996,5,FIRE,0x43eea882b845a8493152ebc55cf30ae9281b02d5,741782.605725,ETH,0x0000000000000000000000000000000000000000,0.107877130170090213,0xbe2a16dca3961c19acda0268c829e0eb437b28e6,EOA,743641.71,0xbe2a16dca3961c19acda0268c829e0eb437b28e6,EOA,0.107877130078200399,True,True,False,False,False,False,DIRECT_USER_SELL,HIGH,FIRE economic source is the transaction sender.
0x578f2da8045fff60e66df9756c970e44a16522ab90232a35855daf8c4b33f9ee,30284063,2026-08-07T14:30:22+00:00,ETH/FIRE@3000 -> FIRE/USDG@400000 -> PONS/USDG@2500,3,0x1d11dc9f4ad849c241368ea0b776e52b046f6f00,EOA,1,0x000000000022b747bc1057d9497efe6d1c69296f,6,ETH,0x0000000000000000000000000000000000000000,0.002278043248560712,PONS,0x39dbed3a2bd333467115de45665cc57f813c4571,177.93371605387059089,0x0bd7d308f8e1639fab988df18a8011f41eacad73,INFRASTRUCTURE,0.002340013967619256,0x50e43b43a8ee1e07e0ac978e92adff7dfbfb88e7,CONTRACT,177.93371605387059089,False,False,False,False,False,False,OTHER_ONE_WAY_ROUTE,MEDIUM,One-way route does not use FIRE as its economic V4 input.
0xd87fc3352f51c8f3164821a296f9f3ce9a5aafdfc19cd7ec19ecff5702b8f6df,31143195,2026-08-08T14:24:57+00:00,FIRE/USDG@400000,1,0x0ec4e45f9ce3020024c0418a74cd31fbc487038f,EOA,1,0x8876789976decbfcbbbe364623c63652db8c0904,11,FIRE,0x43eea882b845a8493152ebc55cf30ae9281b02d5,17043.088482665067795853,USDG,0x5fc5360d0400a0fd4f2af552add042d716f1d168,9.310182,0x965fbde71f030b28e23084da0154298d51f9725c,EOA_7702,17043.088482665067795853,0x4cd00e387622c35bddb9b4c962c136462338bc31,CONTRACT,9.310182,False,False,False,True,True,False,RFQ_INTENT_SETTLEMENT,MEDIUM,Distinct user-like wallet supplies FIRE while another account submits the transaction.
0xc6545cb0eb62a12a2ac618e2175242e2a5b5b989d7ddf96339aef235014e9480,31554663,2026-08-09T01:51:31+00:00,FIRE/USDG@400000 -> ETH/USDG@8388608,2,0xe71411ebb40224f0043d21ee440829156f4fab0a,EOA_7702,3,0x8876789976decbfcbbbe364623c63652db8c0904,11,FIRE,0x43eea882b845a8493152ebc55cf30ae9281b02d5,476.8125,ETH,0x0000000000000000000000000000000000000000,0.000100066458651305,0xe71411ebb40224f0043d21ee440829156f4fab0a,EOA_7702,476.8125,0xe71411ebb40224f0043d21ee440829156f4fab0a,EOA_7702,0.000100066458651305,True,True,False,True,False,False,DIRECT_USER_SELL,HIGH,FIRE economic source is the transaction sender.
0xbd387a2bf710e37442ab8e1ecba19bd443227a5237134c25acc509477a75b1d7,31515786,2026-08-09T00:46:37+00:00,FIRE/USDG@400000,1,0xe71411ebb40224f0043d21ee440829156f4fab0a,EOA_7702,3,0x8876789976decbfcbbbe364623c63652db8c0904,11,FIRE,0x43eea882b845a8493152ebc55cf30ae9281b02d5,635.75,USDG,0x5fc5360d0400a0fd4f2af552add042d716f1d168,0.255802,0xe71411ebb40224f0043d21ee440829156f4fab0a,EOA_7702,635.75,0xe71411ebb40224f0043d21ee440829156f4fab0a,EOA_7702,0.255802,True,True,False,True,False,False,DIRECT_USER_SELL,HIGH,FIRE economic source is the transaction sender.
