tx_hash,from,to,amount_eth,trace_path,source
0x6110c258c007d8d68d3e6e6a4974b761396e3dbc2d771a84bc99411297320e66,0x0bd7d308f8e1639fab988df18a8011f41eacad73,0x8876789976decbfcbbbe364623c63652db8c0904,0.001621268021230368,root.4.0.0,blockscout_nested
0x6110c258c007d8d68d3e6e6a4974b761396e3dbc2d771a84bc99411297320e66,0x8876789976decbfcbbbe364623c63652db8c0904,0xe93bc5b2088eac5b7bf3aabb6db9a40b079f5ffc,0.001621268021230368,root.5,blockscout_nested
0x64a1b87235edb8fce25e9797dd1b136374359256b00edc9f48a966f7a5f7c27e,0x0bd7d308f8e1639fab988df18a8011f41eacad73,0x1d4b86491ec211257cbedd77a4380a7494624eff,0.01550041707860495,root.3.0.1.1.1.1.12.0.0,blockscout_nested
0x64a1b87235edb8fce25e9797dd1b136374359256b00edc9f48a966f7a5f7c27e,0x8366a39cc670b4001a1121b8f6a443a643e40951,0x0bd7d308f8e1639fab988df18a8011f41eacad73,0.015499471008226618,root.3.0.1.1.1.1.13.0.0.0.10.0,blockscout_nested
0x64a1b87235edb8fce25e9797dd1b136374359256b00edc9f48a966f7a5f7c27e,0x0bd7d308f8e1639fab988df18a8011f41eacad73,0xc6b81b429797e0f555440b70cd99e032d7ae947e,0.015499471008226618,root.3.0.1.1.1.1.13.0.0.0.10.0.0,blockscout_nested
0x64a1b87235edb8fce25e9797dd1b136374359256b00edc9f48a966f7a5f7c27e,0x1d4b86491ec211257cbedd77a4380a7494624eff,0x8366a39cc670b4001a1121b8f6a443a643e40951,0.01550041707860495,root.3.0.1.1.1.1.13.0.3,blockscout_nested
0x2ad27c41fc2e78348a7b3768167319d33f6e3484e4cdccb5ae8eac03eda82ad1,0x8366a39cc670b4001a1121b8f6a443a643e40951,0xe3fa8fa0d0a3f59c9b08ea0fe36d654a506850cc,0.000316348807043115,root.0.5.0.0.0.0.0.0.0,blockscout_nested
0x2ad27c41fc2e78348a7b3768167319d33f6e3484e4cdccb5ae8eac03eda82ad1,0x8366a39cc670b4001a1121b8f6a443a643e40951,0xe3fa8fa0d0a3f59c9b08ea0fe36d654a506850cc,0.000316348807043115,root.1.1.2.3.0.0.0.0.0.0.0.0,blockscout_nested
0x2ad27c41fc2e78348a7b3768167319d33f6e3484e4cdccb5ae8eac03eda82ad1,0x0bd7d308f8e1639fab988df18a8011f41eacad73,0xa633c73658857d5241fe21d43f854a82e2d0592c,0.031634880704311542,root.1.1.2.3.0.0.0.0.4.0.0,blockscout_nested
0x2ad27c41fc2e78348a7b3768167319d33f6e3484e4cdccb5ae8eac03eda82ad1,0xa633c73658857d5241fe21d43f854a82e2d0592c,0x9622a5f4c3f5fef73cb71da0bff3ed86a8203056,0.031634880704311542,root.1.1.2.3.0.0.0.0.4.0.0.0,blockscout_nested
0x2ad27c41fc2e78348a7b3768167319d33f6e3484e4cdccb5ae8eac03eda82ad1,0xa633c73658857d5241fe21d43f854a82e2d0592c,0x8366a39cc670b4001a1121b8f6a443a643e40951,0.031634880704311542,root.1.1.2.3.0.0.0.0.5,blockscout_nested
0x2ad27c41fc2e78348a7b3768167319d33f6e3484e4cdccb5ae8eac03eda82ad1,0x0bd7d308f8e1639fab988df18a8011f41eacad73,0x743be0db30148336a3db479f19d4e1828b293869,0.01535206080177,root.4.0.0,blockscout_nested
0x2ad27c41fc2e78348a7b3768167319d33f6e3484e4cdccb5ae8eac03eda82ad1,0x0bd7d308f8e1639fab988df18a8011f41eacad73,0x33eabd63853e74ff70d8b89982dfb5bc3eb0a189,0.005441742628340759,root.5.0.0,blockscout_nested
0x68bd9a33708ae4c5d59865eff34299b17d489d38e8bbacbd7bd6b275ee14ad85,0x8366a39cc670b4001a1121b8f6a443a643e40951,0xe3fa8fa0d0a3f59c9b08ea0fe36d654a506850cc,0.000041207715872759,root.5.0.0.0.0.0.0.0,blockscout_nested
0x68bd9a33708ae4c5d59865eff34299b17d489d38e8bbacbd7bd6b275ee14ad85,0x8366a39cc670b4001a1121b8f6a443a643e40951,0x95f71ca6a0807de9c32f84d4d41ea32915a77665,0.004120771587275979,root.11.1.0.0.0.0,blockscout_nested
0x68bd9a33708ae4c5d59865eff34299b17d489d38e8bbacbd7bd6b275ee14ad85,0x95f71ca6a0807de9c32f84d4d41ea32915a77665,0x0bd7d308f8e1639fab988df18a8011f41eacad73,0.004120771587275979,root.11.1.0.0.1,blockscout_nested
0x68bd9a33708ae4c5d59865eff34299b17d489d38e8bbacbd7bd6b275ee14ad85,0x0bd7d308f8e1639fab988df18a8011f41eacad73,0xc6b81b429797e0f555440b70cd99e032d7ae947e,0.004120771587275979,root.11.1.0.0.1.0,blockscout_nested
0x68bd9a33708ae4c5d59865eff34299b17d489d38e8bbacbd7bd6b275ee14ad85,0x8366a39cc670b4001a1121b8f6a443a643e40951,0xe3fa8fa0d0a3f59c9b08ea0fe36d654a506850cc,0.000041207715872759,root.11.1.0.0.5.0.1.0.0.0,blockscout_nested
0x68bd9a33708ae4c5d59865eff34299b17d489d38e8bbacbd7bd6b275ee14ad85,0x0bd7d308f8e1639fab988df18a8011f41eacad73,0xa633c73658857d5241fe21d43f854a82e2d0592c,0.004120771587275979,root.11.1.0.0.5.0.5.0.0,blockscout_nested
0x68bd9a33708ae4c5d59865eff34299b17d489d38e8bbacbd7bd6b275ee14ad85,0xa633c73658857d5241fe21d43f854a82e2d0592c,0x9622a5f4c3f5fef73cb71da0bff3ed86a8203056,0.004120771587275979,root.11.1.0.0.5.0.5.0.0.0,blockscout_nested
0x68bd9a33708ae4c5d59865eff34299b17d489d38e8bbacbd7bd6b275ee14ad85,0xa633c73658857d5241fe21d43f854a82e2d0592c,0x8366a39cc670b4001a1121b8f6a443a643e40951,0.004120771587275979,root.11.1.0.0.5.0.6,blockscout_nested
0x68bd9a33708ae4c5d59865eff34299b17d489d38e8bbacbd7bd6b275ee14ad85,0x0bd7d308f8e1639fab988df18a8011f41eacad73,0x95f71ca6a0807de9c32f84d4d41ea32915a77665,0.004120771587275979,root.11.1.0.0.8.0.0,blockscout_nested
0x68bd9a33708ae4c5d59865eff34299b17d489d38e8bbacbd7bd6b275ee14ad85,0x95f71ca6a0807de9c32f84d4d41ea32915a77665,0x8366a39cc670b4001a1121b8f6a443a643e40951,0.004120771587275979,root.11.1.0.0.9,blockscout_nested
0xb9502a70234e44da590669bafad43ccba5d1bdc3ff0ee130843da13ee40b7959,0x8366a39cc670b4001a1121b8f6a443a643e40951,0xe3fa8fa0d0a3f59c9b08ea0fe36d654a506850cc,0.000035414705069776,root.0.2.0.0.1.0.0.0,blockscout_nested
0xb9502a70234e44da590669bafad43ccba5d1bdc3ff0ee130843da13ee40b7959,0x0bd7d308f8e1639fab988df18a8011f41eacad73,0x1521027b665fa38fa4a642991607ad708376dd7b,0.0035414705069776,root.0.2.0.0.18.0.0,blockscout_nested
0xb9502a70234e44da590669bafad43ccba5d1bdc3ff0ee130843da13ee40b7959,0x1521027b665fa38fa4a642991607ad708376dd7b,0x5884b599ff8c2a5ec74ff13f57c6fcfb9849252c,0.0035414705069776,root.0.2.0.0.18.0.0.0,blockscout_nested
0xb9502a70234e44da590669bafad43ccba5d1bdc3ff0ee130843da13ee40b7959,0x1521027b665fa38fa4a642991607ad708376dd7b,0x8366a39cc670b4001a1121b8f6a443a643e40951,0.0035414705069776,root.0.2.0.0.19,blockscout_nested
0xb9502a70234e44da590669bafad43ccba5d1bdc3ff0ee130843da13ee40b7959,0x0bd7d308f8e1639fab988df18a8011f41eacad73,0x3cf17add1de1cb251b236a4f3571c0d34e41338b,0.00016800281043742,root.0.4.0.0,blockscout_nested
0x135bd717c3349de7177b85bdc54da7f302b9f20b3f31114010891e39108e4b5f,0x00000000000014aa86c5d3c41765bb24e11bd701,0x1d4b86491ec211257cbedd77a4380a7494624eff,0.005454826957588302,root.1.1.1.4.0.2.0,blockscout_nested
0x135bd717c3349de7177b85bdc54da7f302b9f20b3f31114010891e39108e4b5f,0x1d4b86491ec211257cbedd77a4380a7494624eff,0x0bd7d308f8e1639fab988df18a8011f41eacad73,0.005454826957588302,root.1.1.1.5,blockscout_nested
0x135bd717c3349de7177b85bdc54da7f302b9f20b3f31114010891e39108e4b5f,0x0bd7d308f8e1639fab988df18a8011f41eacad73,0xc6b81b429797e0f555440b70cd99e032d7ae947e,0.005454826957588302,root.1.1.1.5.0,blockscout_nested
0x135bd717c3349de7177b85bdc54da7f302b9f20b3f31114010891e39108e4b5f,0x0bd7d308f8e1639fab988df18a8011f41eacad73,0x1d4b86491ec211257cbedd77a4380a7494624eff,0.005454826957588302,root.1.1.1.7.0.0,blockscout_nested
0x135bd717c3349de7177b85bdc54da7f302b9f20b3f31114010891e39108e4b5f,0x1d4b86491ec211257cbedd77a4380a7494624eff,0xb92fe925dc43a0ecde6c8b1a2709c170ec4fff4f,0.005454826957588302,root.1.1.1.8,blockscout_nested
0x135bd717c3349de7177b85bdc54da7f302b9f20b3f31114010891e39108e4b5f,0xb92fe925dc43a0ecde6c8b1a2709c170ec4fff4f,0xf70da97812cb96acdf810712aa562db8dfa3dbef,0.000008100418032006,root.1.2.0,blockscout_nested
0x135bd717c3349de7177b85bdc54da7f302b9f20b3f31114010891e39108e4b5f,0xb92fe925dc43a0ecde6c8b1a2709c170ec4fff4f,0x35f17f653000b663c3f28667bcd68b2e17d460d7,0.005446726539556296,root.1.3.0,blockscout_nested
0xa97ad7f27d90da24c92f43509caac6d31a648688eae53f8eb698c43909a8d938,0x8366a39cc670b4001a1121b8f6a443a643e40951,0xe3fa8fa0d0a3f59c9b08ea0fe36d654a506850cc,0.000035292153551491,root.5.0.0.0.0.0.0.0,blockscout_nested
0xa97ad7f27d90da24c92f43509caac6d31a648688eae53f8eb698c43909a8d938,0x8366a39cc670b4001a1121b8f6a443a643e40951,0x95f71ca6a0807de9c32f84d4d41ea32915a77665,0.003529215355149175,root.11.1.0.0.0.0,blockscout_nested
0xa97ad7f27d90da24c92f43509caac6d31a648688eae53f8eb698c43909a8d938,0x95f71ca6a0807de9c32f84d4d41ea32915a77665,0x0bd7d308f8e1639fab988df18a8011f41eacad73,0.003529215355149175,root.11.1.0.0.1,blockscout_nested
0xa97ad7f27d90da24c92f43509caac6d31a648688eae53f8eb698c43909a8d938,0x0bd7d308f8e1639fab988df18a8011f41eacad73,0xc6b81b429797e0f555440b70cd99e032d7ae947e,0.003529215355149175,root.11.1.0.0.1.0,blockscout_nested
0xa97ad7f27d90da24c92f43509caac6d31a648688eae53f8eb698c43909a8d938,0x8366a39cc670b4001a1121b8f6a443a643e40951,0xe3fa8fa0d0a3f59c9b08ea0fe36d654a506850cc,0.000035292153551491,root.11.1.0.0.5.0.1.0.0.0,blockscout_nested
0xa97ad7f27d90da24c92f43509caac6d31a648688eae53f8eb698c43909a8d938,0x0bd7d308f8e1639fab988df18a8011f41eacad73,0xa633c73658857d5241fe21d43f854a82e2d0592c,0.003529215355149175,root.11.1.0.0.5.0.5.0.0,blockscout_nested
0xa97ad7f27d90da24c92f43509caac6d31a648688eae53f8eb698c43909a8d938,0xa633c73658857d5241fe21d43f854a82e2d0592c,0x9622a5f4c3f5fef73cb71da0bff3ed86a8203056,0.003529215355149175,root.11.1.0.0.5.0.5.0.0.0,blockscout_nested
0xa97ad7f27d90da24c92f43509caac6d31a648688eae53f8eb698c43909a8d938,0xa633c73658857d5241fe21d43f854a82e2d0592c,0x8366a39cc670b4001a1121b8f6a443a643e40951,0.003529215355149175,root.11.1.0.0.5.0.6,blockscout_nested
0xa97ad7f27d90da24c92f43509caac6d31a648688eae53f8eb698c43909a8d938,0x0bd7d308f8e1639fab988df18a8011f41eacad73,0x95f71ca6a0807de9c32f84d4d41ea32915a77665,0.003529215355149175,root.11.1.0.0.8.0.0,blockscout_nested
0xa97ad7f27d90da24c92f43509caac6d31a648688eae53f8eb698c43909a8d938,0x95f71ca6a0807de9c32f84d4d41ea32915a77665,0x8366a39cc670b4001a1121b8f6a443a643e40951,0.003529215355149175,root.11.1.0.0.9,blockscout_nested
0x01db8a735a57fb324ebe09bbdf29dae1e3dd51d9224019b363d984cdf2a9ae09,0x8366a39cc670b4001a1121b8f6a443a643e40951,0xe3fa8fa0d0a3f59c9b08ea0fe36d654a506850cc,0.000045046525076093,root.5.0.0.0.0.0.0.0,blockscout_nested
0x01db8a735a57fb324ebe09bbdf29dae1e3dd51d9224019b363d984cdf2a9ae09,0x8366a39cc670b4001a1121b8f6a443a643e40951,0x95f71ca6a0807de9c32f84d4d41ea32915a77665,0.004504652507609346,root.11.1.0.0.0.0,blockscout_nested
0x01db8a735a57fb324ebe09bbdf29dae1e3dd51d9224019b363d984cdf2a9ae09,0x95f71ca6a0807de9c32f84d4d41ea32915a77665,0x0bd7d308f8e1639fab988df18a8011f41eacad73,0.004504652507609346,root.11.1.0.0.1,blockscout_nested
0x01db8a735a57fb324ebe09bbdf29dae1e3dd51d9224019b363d984cdf2a9ae09,0x0bd7d308f8e1639fab988df18a8011f41eacad73,0xc6b81b429797e0f555440b70cd99e032d7ae947e,0.004504652507609346,root.11.1.0.0.1.0,blockscout_nested
0x01db8a735a57fb324ebe09bbdf29dae1e3dd51d9224019b363d984cdf2a9ae09,0x8366a39cc670b4001a1121b8f6a443a643e40951,0xe3fa8fa0d0a3f59c9b08ea0fe36d654a506850cc,0.000045046525076093,root.11.1.0.0.5.0.1.0.0.0,blockscout_nested
0x01db8a735a57fb324ebe09bbdf29dae1e3dd51d9224019b363d984cdf2a9ae09,0x0bd7d308f8e1639fab988df18a8011f41eacad73,0xa633c73658857d5241fe21d43f854a82e2d0592c,0.004504652507609346,root.11.1.0.0.5.0.5.0.0,blockscout_nested
0x01db8a735a57fb324ebe09bbdf29dae1e3dd51d9224019b363d984cdf2a9ae09,0xa633c73658857d5241fe21d43f854a82e2d0592c,0x9622a5f4c3f5fef73cb71da0bff3ed86a8203056,0.004504652507609346,root.11.1.0.0.5.0.5.0.0.0,blockscout_nested
0x01db8a735a57fb324ebe09bbdf29dae1e3dd51d9224019b363d984cdf2a9ae09,0xa633c73658857d5241fe21d43f854a82e2d0592c,0x8366a39cc670b4001a1121b8f6a443a643e40951,0.004504652507609346,root.11.1.0.0.5.0.6,blockscout_nested
0x01db8a735a57fb324ebe09bbdf29dae1e3dd51d9224019b363d984cdf2a9ae09,0x0bd7d308f8e1639fab988df18a8011f41eacad73,0x95f71ca6a0807de9c32f84d4d41ea32915a77665,0.004504652507609346,root.11.1.0.0.8.0.0,blockscout_nested
0x01db8a735a57fb324ebe09bbdf29dae1e3dd51d9224019b363d984cdf2a9ae09,0x95f71ca6a0807de9c32f84d4d41ea32915a77665,0x8366a39cc670b4001a1121b8f6a443a643e40951,0.004504652507609346,root.11.1.0.0.9,blockscout_nested
0x203f02389c183e2bc468da547fc60172b995b1f0ae25a73356fa8ab0751b1e08,0x8366a39cc670b4001a1121b8f6a443a643e40951,0xe3fa8fa0d0a3f59c9b08ea0fe36d654a506850cc,0.000074273289213857,root.0.2.0.0.0.0.0.0.0,blockscout_nested
0x203f02389c183e2bc468da547fc60172b995b1f0ae25a73356fa8ab0751b1e08,0x8366a39cc670b4001a1121b8f6a443a643e40951,0x95f71ca6a0807de9c32f84d4d41ea32915a77665,0.007427328921385725,root.1.1.0.0.0.0,blockscout_nested
0x203f02389c183e2bc468da547fc60172b995b1f0ae25a73356fa8ab0751b1e08,0x95f71ca6a0807de9c32f84d4d41ea32915a77665,0x0bd7d308f8e1639fab988df18a8011f41eacad73,0.007427328921385725,root.1.1.0.0.1,blockscout_nested
0x203f02389c183e2bc468da547fc60172b995b1f0ae25a73356fa8ab0751b1e08,0x0bd7d308f8e1639fab988df18a8011f41eacad73,0xc6b81b429797e0f555440b70cd99e032d7ae947e,0.007427328921385725,root.1.1.0.0.1.0,blockscout_nested
0x203f02389c183e2bc468da547fc60172b995b1f0ae25a73356fa8ab0751b1e08,0x8366a39cc670b4001a1121b8f6a443a643e40951,0xe3fa8fa0d0a3f59c9b08ea0fe36d654a506850cc,0.000074273289213857,root.1.1.0.0.5.0.1.0.0.0,blockscout_nested
0x203f02389c183e2bc468da547fc60172b995b1f0ae25a73356fa8ab0751b1e08,0x0bd7d308f8e1639fab988df18a8011f41eacad73,0xa633c73658857d5241fe21d43f854a82e2d0592c,0.007427328921385725,root.1.1.0.0.5.0.5.0.0,blockscout_nested
0x203f02389c183e2bc468da547fc60172b995b1f0ae25a73356fa8ab0751b1e08,0xa633c73658857d5241fe21d43f854a82e2d0592c,0x9622a5f4c3f5fef73cb71da0bff3ed86a8203056,0.007427328921385725,root.1.1.0.0.5.0.5.0.0.0,blockscout_nested
0x203f02389c183e2bc468da547fc60172b995b1f0ae25a73356fa8ab0751b1e08,0xa633c73658857d5241fe21d43f854a82e2d0592c,0x8366a39cc670b4001a1121b8f6a443a643e40951,0.007427328921385725,root.1.1.0.0.5.0.6,blockscout_nested
0x203f02389c183e2bc468da547fc60172b995b1f0ae25a73356fa8ab0751b1e08,0x0bd7d308f8e1639fab988df18a8011f41eacad73,0x95f71ca6a0807de9c32f84d4d41ea32915a77665,0.007427328921385725,root.1.1.0.0.13.0.0,blockscout_nested
0x203f02389c183e2bc468da547fc60172b995b1f0ae25a73356fa8ab0751b1e08,0x95f71ca6a0807de9c32f84d4d41ea32915a77665,0x8366a39cc670b4001a1121b8f6a443a643e40951,0.007427328921385725,root.1.1.0.0.14,blockscout_nested
0x203f02389c183e2bc468da547fc60172b995b1f0ae25a73356fa8ab0751b1e08,0x0bd7d308f8e1639fab988df18a8011f41eacad73,0x743be0db30148336a3db479f19d4e1828b293869,0.0045299228871321,root.3.0.0,blockscout_nested
0x203f02389c183e2bc468da547fc60172b995b1f0ae25a73356fa8ab0751b1e08,0x0bd7d308f8e1639fab988df18a8011f41eacad73,0x33eabd63853e74ff70d8b89982dfb5bc3eb0a189,0.0015587575688553,root.4.0.0,blockscout_nested
0x4666c008a31e451e8d3c630dca2bbc42bc05f0cc3c9ad314b5c335bd4f0cf1a2,0x8366a39cc670b4001a1121b8f6a443a643e40951,0xe3fa8fa0d0a3f59c9b08ea0fe36d654a506850cc,0.000406134771804538,root.5.0.0.0.0.0.0.0,blockscout_nested
0x4666c008a31e451e8d3c630dca2bbc42bc05f0cc3c9ad314b5c335bd4f0cf1a2,0x8366a39cc670b4001a1121b8f6a443a643e40951,0x95f71ca6a0807de9c32f84d4d41ea32915a77665,0.040613477180453816,root.12.1.0.0.0.0,blockscout_nested
0x4666c008a31e451e8d3c630dca2bbc42bc05f0cc3c9ad314b5c335bd4f0cf1a2,0x95f71ca6a0807de9c32f84d4d41ea32915a77665,0x0bd7d308f8e1639fab988df18a8011f41eacad73,0.040613477180453816,root.12.1.0.0.1,blockscout_nested
0x4666c008a31e451e8d3c630dca2bbc42bc05f0cc3c9ad314b5c335bd4f0cf1a2,0x0bd7d308f8e1639fab988df18a8011f41eacad73,0xc6b81b429797e0f555440b70cd99e032d7ae947e,0.040613477180453816,root.12.1.0.0.1.0,blockscout_nested
0x4666c008a31e451e8d3c630dca2bbc42bc05f0cc3c9ad314b5c335bd4f0cf1a2,0x8366a39cc670b4001a1121b8f6a443a643e40951,0xe3fa8fa0d0a3f59c9b08ea0fe36d654a506850cc,0.000406134771804538,root.12.1.0.0.5.0.1.0.0.0,blockscout_nested
0x4666c008a31e451e8d3c630dca2bbc42bc05f0cc3c9ad314b5c335bd4f0cf1a2,0x0bd7d308f8e1639fab988df18a8011f41eacad73,0xa633c73658857d5241fe21d43f854a82e2d0592c,0.040613477180453816,root.12.1.0.0.5.0.5.0.0,blockscout_nested
0x4666c008a31e451e8d3c630dca2bbc42bc05f0cc3c9ad314b5c335bd4f0cf1a2,0xa633c73658857d5241fe21d43f854a82e2d0592c,0x9622a5f4c3f5fef73cb71da0bff3ed86a8203056,0.040613477180453816,root.12.1.0.0.5.0.5.0.0.0,blockscout_nested
0x4666c008a31e451e8d3c630dca2bbc42bc05f0cc3c9ad314b5c335bd4f0cf1a2,0xa633c73658857d5241fe21d43f854a82e2d0592c,0x8366a39cc670b4001a1121b8f6a443a643e40951,0.040613477180453816,root.12.1.0.0.5.0.6,blockscout_nested
0x4666c008a31e451e8d3c630dca2bbc42bc05f0cc3c9ad314b5c335bd4f0cf1a2,0x0bd7d308f8e1639fab988df18a8011f41eacad73,0x95f71ca6a0807de9c32f84d4d41ea32915a77665,0.040613477180453816,root.12.1.0.0.11.0.0,blockscout_nested
0x4666c008a31e451e8d3c630dca2bbc42bc05f0cc3c9ad314b5c335bd4f0cf1a2,0x95f71ca6a0807de9c32f84d4d41ea32915a77665,0x8366a39cc670b4001a1121b8f6a443a643e40951,0.040613477180453816,root.12.1.0.0.12,blockscout_nested
0xd9e13b883b337272b5fe7116a77c1cce3aab2b25bd5be1328633090937c46d85,0x0bd7d308f8e1639fab988df18a8011f41eacad73,0x4c4353e0d893c9d3114b3ce1d9e4b802e687ad0d,0.004857482292734055,root.1.0.1.0.0,blockscout_nested
0xd9e13b883b337272b5fe7116a77c1cce3aab2b25bd5be1328633090937c46d85,0x4c4353e0d893c9d3114b3ce1d9e4b802e687ad0d,0x8366a39cc670b4001a1121b8f6a443a643e40951,0.004857482292734055,root.1.0.2,blockscout_nested
0xd9e13b883b337272b5fe7116a77c1cce3aab2b25bd5be1328633090937c46d85,0x8366a39cc670b4001a1121b8f6a443a643e40951,0xe3fa8fa0d0a3f59c9b08ea0fe36d654a506850cc,0.00004857482292734,root.1.0.3.0.0.0,blockscout_nested
0x196f54a32b18ed5f42bf93c85c76bffbb0fa7d979dc8fa5a53260104d097b929,0x0bd7d308f8e1639fab988df18a8011f41eacad73,0x4c4353e0d893c9d3114b3ce1d9e4b802e687ad0d,0.003512464788994339,root.1.0.1.0.0,blockscout_nested
0x196f54a32b18ed5f42bf93c85c76bffbb0fa7d979dc8fa5a53260104d097b929,0x4c4353e0d893c9d3114b3ce1d9e4b802e687ad0d,0x8366a39cc670b4001a1121b8f6a443a643e40951,0.003512464788994339,root.1.0.2,blockscout_nested
0x196f54a32b18ed5f42bf93c85c76bffbb0fa7d979dc8fa5a53260104d097b929,0x8366a39cc670b4001a1121b8f6a443a643e40951,0xe3fa8fa0d0a3f59c9b08ea0fe36d654a506850cc,0.000035124647889943,root.1.0.3.0.0.0,blockscout_nested
0xa61be5392ead1d2f84d2e9088f3312f8dbc91a029bb41df80361aac0223fbcec,0x8366a39cc670b4001a1121b8f6a443a643e40951,0xe3fa8fa0d0a3f59c9b08ea0fe36d654a506850cc,0.000069174512498459,root.6.0.0.0.0.0.0.0,blockscout_nested
0xa61be5392ead1d2f84d2e9088f3312f8dbc91a029bb41df80361aac0223fbcec,0x8366a39cc670b4001a1121b8f6a443a643e40951,0xe3fa8fa0d0a3f59c9b08ea0fe36d654a506850cc,0.000069174512498459,root.11.1.2.3.0.0.0.0.0.0.0.0,blockscout_nested
0xa61be5392ead1d2f84d2e9088f3312f8dbc91a029bb41df80361aac0223fbcec,0x0bd7d308f8e1639fab988df18a8011f41eacad73,0xa633c73658857d5241fe21d43f854a82e2d0592c,0.006917451249845971,root.11.1.2.3.0.0.0.0.4.0.0,blockscout_nested
0xa61be5392ead1d2f84d2e9088f3312f8dbc91a029bb41df80361aac0223fbcec,0xa633c73658857d5241fe21d43f854a82e2d0592c,0x9622a5f4c3f5fef73cb71da0bff3ed86a8203056,0.006917451249845971,root.11.1.2.3.0.0.0.0.4.0.0.0,blockscout_nested
0xa61be5392ead1d2f84d2e9088f3312f8dbc91a029bb41df80361aac0223fbcec,0xa633c73658857d5241fe21d43f854a82e2d0592c,0x8366a39cc670b4001a1121b8f6a443a643e40951,0.006917451249845971,root.11.1.2.3.0.0.0.0.5,blockscout_nested
0x7228a91562d54ce26e73875288b1538ada3317fbdcce9cc194159c7f24a5959d,0x0bd7d308f8e1639fab988df18a8011f41eacad73,0x4c4353e0d893c9d3114b3ce1d9e4b802e687ad0d,0.012254149701551498,root.1.0.1.0.0,blockscout_nested
0x7228a91562d54ce26e73875288b1538ada3317fbdcce9cc194159c7f24a5959d,0x4c4353e0d893c9d3114b3ce1d9e4b802e687ad0d,0x8366a39cc670b4001a1121b8f6a443a643e40951,0.012254149701551498,root.1.0.2,blockscout_nested
0x7228a91562d54ce26e73875288b1538ada3317fbdcce9cc194159c7f24a5959d,0x8366a39cc670b4001a1121b8f6a443a643e40951,0xe3fa8fa0d0a3f59c9b08ea0fe36d654a506850cc,0.000122541497015514,root.1.0.3.0.0.0,blockscout_nested
0x159c64034d5948d14b90f97676149c33a011450b07ee183bb126ea07076eb581,0x8366a39cc670b4001a1121b8f6a443a643e40951,0xe3fa8fa0d0a3f59c9b08ea0fe36d654a506850cc,0.000052723042579665,root.6.0.0.0.0.0.0.0,blockscout_nested
0x159c64034d5948d14b90f97676149c33a011450b07ee183bb126ea07076eb581,0x8366a39cc670b4001a1121b8f6a443a643e40951,0xe3fa8fa0d0a3f59c9b08ea0fe36d654a506850cc,0.000052723042579665,root.11.1.2.3.0.0.0.0.0.0.0.0,blockscout_nested
0x159c64034d5948d14b90f97676149c33a011450b07ee183bb126ea07076eb581,0x0bd7d308f8e1639fab988df18a8011f41eacad73,0xa633c73658857d5241fe21d43f854a82e2d0592c,0.005272304257966513,root.11.1.2.3.0.0.0.0.4.0.0,blockscout_nested
0x159c64034d5948d14b90f97676149c33a011450b07ee183bb126ea07076eb581,0xa633c73658857d5241fe21d43f854a82e2d0592c,0x9622a5f4c3f5fef73cb71da0bff3ed86a8203056,0.005272304257966513,root.11.1.2.3.0.0.0.0.4.0.0.0,blockscout_nested
0x159c64034d5948d14b90f97676149c33a011450b07ee183bb126ea07076eb581,0xa633c73658857d5241fe21d43f854a82e2d0592c,0x8366a39cc670b4001a1121b8f6a443a643e40951,0.005272304257966513,root.11.1.2.3.0.0.0.0.5,blockscout_nested
0xc9ad3062f9b616ef1b1d1f668fed160c1fed586ca38e50519434bf327a927489,0x8366a39cc670b4001a1121b8f6a443a643e40951,0xe3fa8fa0d0a3f59c9b08ea0fe36d654a506850cc,0.000686692726570994,root.0.1.0.0.0.0.0.0.0,blockscout_nested
0xc9ad3062f9b616ef1b1d1f668fed160c1fed586ca38e50519434bf327a927489,0x8366a39cc670b4001a1121b8f6a443a643e40951,0x95f71ca6a0807de9c32f84d4d41ea32915a77665,0.068669272657099432,root.1.1.0.0.0.0,blockscout_nested
0xc9ad3062f9b616ef1b1d1f668fed160c1fed586ca38e50519434bf327a927489,0x95f71ca6a0807de9c32f84d4d41ea32915a77665,0x0bd7d308f8e1639fab988df18a8011f41eacad73,0.068669272657099432,root.1.1.0.0.1,blockscout_nested
0xc9ad3062f9b616ef1b1d1f668fed160c1fed586ca38e50519434bf327a927489,0x0bd7d308f8e1639fab988df18a8011f41eacad73,0xc6b81b429797e0f555440b70cd99e032d7ae947e,0.068669272657099432,root.1.1.0.0.1.0,blockscout_nested
0xc9ad3062f9b616ef1b1d1f668fed160c1fed586ca38e50519434bf327a927489,0x8366a39cc670b4001a1121b8f6a443a643e40951,0xe3fa8fa0d0a3f59c9b08ea0fe36d654a506850cc,0.000686692726570994,root.1.1.0.0.5.0.1.0.0.0,blockscout_nested
0xc9ad3062f9b616ef1b1d1f668fed160c1fed586ca38e50519434bf327a927489,0x0bd7d308f8e1639fab988df18a8011f41eacad73,0xa633c73658857d5241fe21d43f854a82e2d0592c,0.068669272657099432,root.1.1.0.0.5.0.5.0.0,blockscout_nested
0xc9ad3062f9b616ef1b1d1f668fed160c1fed586ca38e50519434bf327a927489,0xa633c73658857d5241fe21d43f854a82e2d0592c,0x9622a5f4c3f5fef73cb71da0bff3ed86a8203056,0.068669272657099432,root.1.1.0.0.5.0.5.0.0.0,blockscout_nested
0xc9ad3062f9b616ef1b1d1f668fed160c1fed586ca38e50519434bf327a927489,0xa633c73658857d5241fe21d43f854a82e2d0592c,0x8366a39cc670b4001a1121b8f6a443a643e40951,0.068669272657099432,root.1.1.0.0.5.0.6,blockscout_nested
0xc9ad3062f9b616ef1b1d1f668fed160c1fed586ca38e50519434bf327a927489,0x0bd7d308f8e1639fab988df18a8011f41eacad73,0x95f71ca6a0807de9c32f84d4d41ea32915a77665,0.068669272657099432,root.1.1.0.0.9.0.0,blockscout_nested
0xc9ad3062f9b616ef1b1d1f668fed160c1fed586ca38e50519434bf327a927489,0x95f71ca6a0807de9c32f84d4d41ea32915a77665,0x8366a39cc670b4001a1121b8f6a443a643e40951,0.068669272657099432,root.1.1.0.0.10,blockscout_nested
0xc9ad3062f9b616ef1b1d1f668fed160c1fed586ca38e50519434bf327a927489,0x0bd7d308f8e1639fab988df18a8011f41eacad73,0x743be0db30148336a3db479f19d4e1828b293869,0.06792557501166915,root.3.0.0,blockscout_nested
0xc9ad3062f9b616ef1b1d1f668fed160c1fed586ca38e50519434bf327a927489,0x0bd7d308f8e1639fab988df18a8011f41eacad73,0x33eabd63853e74ff70d8b89982dfb5bc3eb0a189,0.021758698129662241,root.4.0.0,blockscout_nested
0x7e9eca7202bd22a619e43374079762d3725518751b8b6b337966c5628cb621d1,0x8366a39cc670b4001a1121b8f6a443a643e40951,0xe3fa8fa0d0a3f59c9b08ea0fe36d654a506850cc,0.000058846852557792,root.6.0.0.0.0.0.0.0,blockscout_nested
0x7e9eca7202bd22a619e43374079762d3725518751b8b6b337966c5628cb621d1,0x8366a39cc670b4001a1121b8f6a443a643e40951,0xe3fa8fa0d0a3f59c9b08ea0fe36d654a506850cc,0.000058846852557792,root.11.1.2.3.0.0.0.0.0.0.0.0,blockscout_nested
0x7e9eca7202bd22a619e43374079762d3725518751b8b6b337966c5628cb621d1,0x0bd7d308f8e1639fab988df18a8011f41eacad73,0xa633c73658857d5241fe21d43f854a82e2d0592c,0.005884685255779263,root.11.1.2.3.0.0.0.0.4.0.0,blockscout_nested
0x7e9eca7202bd22a619e43374079762d3725518751b8b6b337966c5628cb621d1,0xa633c73658857d5241fe21d43f854a82e2d0592c,0x9622a5f4c3f5fef73cb71da0bff3ed86a8203056,0.005884685255779263,root.11.1.2.3.0.0.0.0.4.0.0.0,blockscout_nested
0x7e9eca7202bd22a619e43374079762d3725518751b8b6b337966c5628cb621d1,0xa633c73658857d5241fe21d43f854a82e2d0592c,0x8366a39cc670b4001a1121b8f6a443a643e40951,0.005884685255779263,root.11.1.2.3.0.0.0.0.5,blockscout_nested
0x0be0c91ceeda08475fd42d59888d493ffb781ec44de77cfb71a82e00081f2286,0x8366a39cc670b4001a1121b8f6a443a643e40951,0xe3fa8fa0d0a3f59c9b08ea0fe36d654a506850cc,0.000188926471103666,root.0.1.0.0.0.0.0.0.0,blockscout_nested
0x0be0c91ceeda08475fd42d59888d493ffb781ec44de77cfb71a82e00081f2286,0x8366a39cc670b4001a1121b8f6a443a643e40951,0x95f71ca6a0807de9c32f84d4d41ea32915a77665,0.01889264711036664,root.1.1.0.0.0.0,blockscout_nested
0x0be0c91ceeda08475fd42d59888d493ffb781ec44de77cfb71a82e00081f2286,0x95f71ca6a0807de9c32f84d4d41ea32915a77665,0x0bd7d308f8e1639fab988df18a8011f41eacad73,0.01889264711036664,root.1.1.0.0.1,blockscout_nested
0x0be0c91ceeda08475fd42d59888d493ffb781ec44de77cfb71a82e00081f2286,0x0bd7d308f8e1639fab988df18a8011f41eacad73,0xc6b81b429797e0f555440b70cd99e032d7ae947e,0.01889264711036664,root.1.1.0.0.1.0,blockscout_nested
0x0be0c91ceeda08475fd42d59888d493ffb781ec44de77cfb71a82e00081f2286,0x8366a39cc670b4001a1121b8f6a443a643e40951,0xe3fa8fa0d0a3f59c9b08ea0fe36d654a506850cc,0.000188926471103666,root.1.1.0.0.5.0.1.0.0.0,blockscout_nested
0x0be0c91ceeda08475fd42d59888d493ffb781ec44de77cfb71a82e00081f2286,0x0bd7d308f8e1639fab988df18a8011f41eacad73,0xa633c73658857d5241fe21d43f854a82e2d0592c,0.01889264711036664,root.1.1.0.0.5.0.5.0.0,blockscout_nested
0x0be0c91ceeda08475fd42d59888d493ffb781ec44de77cfb71a82e00081f2286,0xa633c73658857d5241fe21d43f854a82e2d0592c,0x9622a5f4c3f5fef73cb71da0bff3ed86a8203056,0.01889264711036664,root.1.1.0.0.5.0.5.0.0.0,blockscout_nested
0x0be0c91ceeda08475fd42d59888d493ffb781ec44de77cfb71a82e00081f2286,0xa633c73658857d5241fe21d43f854a82e2d0592c,0x8366a39cc670b4001a1121b8f6a443a643e40951,0.01889264711036664,root.1.1.0.0.5.0.6,blockscout_nested
0x0be0c91ceeda08475fd42d59888d493ffb781ec44de77cfb71a82e00081f2286,0x0bd7d308f8e1639fab988df18a8011f41eacad73,0x95f71ca6a0807de9c32f84d4d41ea32915a77665,0.01889264711036664,root.1.1.0.0.9.0.0,blockscout_nested
0x0be0c91ceeda08475fd42d59888d493ffb781ec44de77cfb71a82e00081f2286,0x95f71ca6a0807de9c32f84d4d41ea32915a77665,0x8366a39cc670b4001a1121b8f6a443a643e40951,0.01889264711036664,root.1.1.0.0.10,blockscout_nested
0x0be0c91ceeda08475fd42d59888d493ffb781ec44de77cfb71a82e00081f2286,0x0bd7d308f8e1639fab988df18a8011f41eacad73,0x743be0db30148336a3db479f19d4e1828b293869,0.023935318170801075,root.3.0.0,blockscout_nested
0x0be0c91ceeda08475fd42d59888d493ffb781ec44de77cfb71a82e00081f2286,0x0bd7d308f8e1639fab988df18a8011f41eacad73,0x33eabd63853e74ff70d8b89982dfb5bc3eb0a189,0.007798734715603975,root.4.0.0,blockscout_nested
0x717b53794bff024222a3df8e55a6be6e967e6f66b4a6139a7ad4978d78854e5b,0x8366a39cc670b4001a1121b8f6a443a643e40951,0xe3fa8fa0d0a3f59c9b08ea0fe36d654a506850cc,0.0000629094401389,root.5.0.0.0.0.0.0.0,blockscout_nested
0x717b53794bff024222a3df8e55a6be6e967e6f66b4a6139a7ad4978d78854e5b,0x8366a39cc670b4001a1121b8f6a443a643e40951,0x95f71ca6a0807de9c32f84d4d41ea32915a77665,0.006290944013890074,root.11.1.0.0.0.0,blockscout_nested
0x717b53794bff024222a3df8e55a6be6e967e6f66b4a6139a7ad4978d78854e5b,0x95f71ca6a0807de9c32f84d4d41ea32915a77665,0x0bd7d308f8e1639fab988df18a8011f41eacad73,0.006290944013890074,root.11.1.0.0.1,blockscout_nested
0x717b53794bff024222a3df8e55a6be6e967e6f66b4a6139a7ad4978d78854e5b,0x0bd7d308f8e1639fab988df18a8011f41eacad73,0xc6b81b429797e0f555440b70cd99e032d7ae947e,0.006290944013890074,root.11.1.0.0.1.0,blockscout_nested
0x717b53794bff024222a3df8e55a6be6e967e6f66b4a6139a7ad4978d78854e5b,0x8366a39cc670b4001a1121b8f6a443a643e40951,0xe3fa8fa0d0a3f59c9b08ea0fe36d654a506850cc,0.0000629094401389,root.11.1.0.0.5.0.1.0.0.0,blockscout_nested
0x717b53794bff024222a3df8e55a6be6e967e6f66b4a6139a7ad4978d78854e5b,0x0bd7d308f8e1639fab988df18a8011f41eacad73,0xa633c73658857d5241fe21d43f854a82e2d0592c,0.006290944013890074,root.11.1.0.0.5.0.5.0.0,blockscout_nested
0x717b53794bff024222a3df8e55a6be6e967e6f66b4a6139a7ad4978d78854e5b,0xa633c73658857d5241fe21d43f854a82e2d0592c,0x9622a5f4c3f5fef73cb71da0bff3ed86a8203056,0.006290944013890074,root.11.1.0.0.5.0.5.0.0.0,blockscout_nested
0x717b53794bff024222a3df8e55a6be6e967e6f66b4a6139a7ad4978d78854e5b,0xa633c73658857d5241fe21d43f854a82e2d0592c,0x8366a39cc670b4001a1121b8f6a443a643e40951,0.006290944013890074,root.11.1.0.0.5.0.6,blockscout_nested
0x717b53794bff024222a3df8e55a6be6e967e6f66b4a6139a7ad4978d78854e5b,0x0bd7d308f8e1639fab988df18a8011f41eacad73,0x95f71ca6a0807de9c32f84d4d41ea32915a77665,0.006290944013890074,root.11.1.0.0.8.0.0,blockscout_nested
0x717b53794bff024222a3df8e55a6be6e967e6f66b4a6139a7ad4978d78854e5b,0x95f71ca6a0807de9c32f84d4d41ea32915a77665,0x8366a39cc670b4001a1121b8f6a443a643e40951,0.006290944013890074,root.11.1.0.0.9,blockscout_nested
0x06a96fea1c1aad20fa91232e5c83485a739e6059448bb34c8380734375db8fb9,0x8366a39cc670b4001a1121b8f6a443a643e40951,0xe3fa8fa0d0a3f59c9b08ea0fe36d654a506850cc,0.000061816171122236,root.0.0.0.0.0.0.0.0.0,blockscout_nested
0x06a96fea1c1aad20fa91232e5c83485a739e6059448bb34c8380734375db8fb9,0x8366a39cc670b4001a1121b8f6a443a643e40951,0xe3fa8fa0d0a3f59c9b08ea0fe36d654a506850cc,0.000061816171122236,root.1.0.0.0.0.0,blockscout_nested
0x06a96fea1c1aad20fa91232e5c83485a739e6059448bb34c8380734375db8fb9,0x0bd7d308f8e1639fab988df18a8011f41eacad73,0x000000000022b747bc1057d9497efe6d1c69296f,0.006415060271624247,root.1.0.4.0.0,blockscout_nested
0x06a96fea1c1aad20fa91232e5c83485a739e6059448bb34c8380734375db8fb9,0x000000000022b747bc1057d9497efe6d1c69296f,0x8366a39cc670b4001a1121b8f6a443a643e40951,0.006181617112223664,root.1.0.6,blockscout_nested
0x06a96fea1c1aad20fa91232e5c83485a739e6059448bb34c8380734375db8fb9,0x000000000022b747bc1057d9497efe6d1c69296f,0x0df9a8932b1ccacfcad3f1409431ebf8800f42e8,0.000233443159400583,root.1.0.7,blockscout_nested
0xe45e9e6555225d6c299a1df3203c1249435eab2d5c5bba926cbbac17e06ccb8d,0x8366a39cc670b4001a1121b8f6a443a643e40951,0xe3fa8fa0d0a3f59c9b08ea0fe36d654a506850cc,0.000042018662943891,root.2.0.0.0.0.0.0.0,blockscout_nested
0xe45e9e6555225d6c299a1df3203c1249435eab2d5c5bba926cbbac17e06ccb8d,0x8366a39cc670b4001a1121b8f6a443a643e40951,0x95f71ca6a0807de9c32f84d4d41ea32915a77665,0.004201866294389147,root.6.1.0.0.0.0,blockscout_nested
0xe45e9e6555225d6c299a1df3203c1249435eab2d5c5bba926cbbac17e06ccb8d,0x95f71ca6a0807de9c32f84d4d41ea32915a77665,0x0bd7d308f8e1639fab988df18a8011f41eacad73,0.004201866294389147,root.6.1.0.0.1,blockscout_nested
0xe45e9e6555225d6c299a1df3203c1249435eab2d5c5bba926cbbac17e06ccb8d,0x0bd7d308f8e1639fab988df18a8011f41eacad73,0xc6b81b429797e0f555440b70cd99e032d7ae947e,0.004201866294389147,root.6.1.0.0.1.0,blockscout_nested
0xe45e9e6555225d6c299a1df3203c1249435eab2d5c5bba926cbbac17e06ccb8d,0x8366a39cc670b4001a1121b8f6a443a643e40951,0xe3fa8fa0d0a3f59c9b08ea0fe36d654a506850cc,0.000042018662943891,root.6.1.0.0.5.0.1.0.0.0,blockscout_nested
0xe45e9e6555225d6c299a1df3203c1249435eab2d5c5bba926cbbac17e06ccb8d,0x0bd7d308f8e1639fab988df18a8011f41eacad73,0xa633c73658857d5241fe21d43f854a82e2d0592c,0.004201866294389147,root.6.1.0.0.5.0.5.0.0,blockscout_nested
0xe45e9e6555225d6c299a1df3203c1249435eab2d5c5bba926cbbac17e06ccb8d,0xa633c73658857d5241fe21d43f854a82e2d0592c,0x9622a5f4c3f5fef73cb71da0bff3ed86a8203056,0.004201866294389147,root.6.1.0.0.5.0.5.0.0.0,blockscout_nested
0xe45e9e6555225d6c299a1df3203c1249435eab2d5c5bba926cbbac17e06ccb8d,0xa633c73658857d5241fe21d43f854a82e2d0592c,0x8366a39cc670b4001a1121b8f6a443a643e40951,0.004201866294389147,root.6.1.0.0.5.0.6,blockscout_nested
0xe45e9e6555225d6c299a1df3203c1249435eab2d5c5bba926cbbac17e06ccb8d,0x0bd7d308f8e1639fab988df18a8011f41eacad73,0x95f71ca6a0807de9c32f84d4d41ea32915a77665,0.004201866294389147,root.6.1.0.0.9.0.0,blockscout_nested
0xe45e9e6555225d6c299a1df3203c1249435eab2d5c5bba926cbbac17e06ccb8d,0x95f71ca6a0807de9c32f84d4d41ea32915a77665,0x8366a39cc670b4001a1121b8f6a443a643e40951,0.004201866294389147,root.6.1.0.0.10,blockscout_nested
0x8833948f0f6bc8398085162f19834336a3dc0abdca62c38ba0270525dba04c61,0x8366a39cc670b4001a1121b8f6a443a643e40951,0xe3fa8fa0d0a3f59c9b08ea0fe36d654a506850cc,0.000044599954675699,root.2.0.0.0.0.0.0.0,blockscout_nested
0x8833948f0f6bc8398085162f19834336a3dc0abdca62c38ba0270525dba04c61,0x8366a39cc670b4001a1121b8f6a443a643e40951,0x95f71ca6a0807de9c32f84d4d41ea32915a77665,0.004459995467569939,root.6.1.0.0.0.0,blockscout_nested
0x8833948f0f6bc8398085162f19834336a3dc0abdca62c38ba0270525dba04c61,0x95f71ca6a0807de9c32f84d4d41ea32915a77665,0x0bd7d308f8e1639fab988df18a8011f41eacad73,0.004459995467569939,root.6.1.0.0.1,blockscout_nested
0x8833948f0f6bc8398085162f19834336a3dc0abdca62c38ba0270525dba04c61,0x0bd7d308f8e1639fab988df18a8011f41eacad73,0xc6b81b429797e0f555440b70cd99e032d7ae947e,0.004459995467569939,root.6.1.0.0.1.0,blockscout_nested
0x8833948f0f6bc8398085162f19834336a3dc0abdca62c38ba0270525dba04c61,0x8366a39cc670b4001a1121b8f6a443a643e40951,0xe3fa8fa0d0a3f59c9b08ea0fe36d654a506850cc,0.000044599954675699,root.6.1.0.0.5.0.1.0.0.0,blockscout_nested
0x8833948f0f6bc8398085162f19834336a3dc0abdca62c38ba0270525dba04c61,0x0bd7d308f8e1639fab988df18a8011f41eacad73,0xa633c73658857d5241fe21d43f854a82e2d0592c,0.004459995467569939,root.6.1.0.0.5.0.5.0.0,blockscout_nested
0x8833948f0f6bc8398085162f19834336a3dc0abdca62c38ba0270525dba04c61,0xa633c73658857d5241fe21d43f854a82e2d0592c,0x9622a5f4c3f5fef73cb71da0bff3ed86a8203056,0.004459995467569939,root.6.1.0.0.5.0.5.0.0.0,blockscout_nested
0x8833948f0f6bc8398085162f19834336a3dc0abdca62c38ba0270525dba04c61,0xa633c73658857d5241fe21d43f854a82e2d0592c,0x8366a39cc670b4001a1121b8f6a443a643e40951,0.004459995467569939,root.6.1.0.0.5.0.6,blockscout_nested
0x8833948f0f6bc8398085162f19834336a3dc0abdca62c38ba0270525dba04c61,0x0bd7d308f8e1639fab988df18a8011f41eacad73,0x95f71ca6a0807de9c32f84d4d41ea32915a77665,0.004459995467569939,root.6.1.0.0.9.0.0,blockscout_nested
0x8833948f0f6bc8398085162f19834336a3dc0abdca62c38ba0270525dba04c61,0x95f71ca6a0807de9c32f84d4d41ea32915a77665,0x8366a39cc670b4001a1121b8f6a443a643e40951,0.004459995467569939,root.6.1.0.0.10,blockscout_nested
0x21a046825df41f82a72ba52a52a2be46f7a609f56f8bad6d11fc9a7b41683aa8,0x8366a39cc670b4001a1121b8f6a443a643e40951,0xe3fa8fa0d0a3f59c9b08ea0fe36d654a506850cc,0.000033772024548545,root.0.0.0.0.0.0.0.0.0,blockscout_nested
0x21a046825df41f82a72ba52a52a2be46f7a609f56f8bad6d11fc9a7b41683aa8,0x8366a39cc670b4001a1121b8f6a443a643e40951,0xe3fa8fa0d0a3f59c9b08ea0fe36d654a506850cc,0.000033772024548545,root.1.0.0.0.0.0,blockscout_nested
0x21a046825df41f82a72ba52a52a2be46f7a609f56f8bad6d11fc9a7b41683aa8,0x0bd7d308f8e1639fab988df18a8011f41eacad73,0x000000000022b747bc1057d9497efe6d1c69296f,0.003516326505086426,root.1.0.9.0.0,blockscout_nested
0x21a046825df41f82a72ba52a52a2be46f7a609f56f8bad6d11fc9a7b41683aa8,0x000000000022b747bc1057d9497efe6d1c69296f,0x8366a39cc670b4001a1121b8f6a443a643e40951,0.003377202454854577,root.1.0.11,blockscout_nested
0x21a046825df41f82a72ba52a52a2be46f7a609f56f8bad6d11fc9a7b41683aa8,0x000000000022b747bc1057d9497efe6d1c69296f,0x0df9a8932b1ccacfcad3f1409431ebf8800f42e8,0.000139124050231849,root.1.0.12,blockscout_nested
0x439a8d1caadc97c6755558c5a9956af17cce236c337859eae0ac2cf8a28de245,0x8366a39cc670b4001a1121b8f6a443a643e40951,0xe3fa8fa0d0a3f59c9b08ea0fe36d654a506850cc,0.000051030297754362,root.5.0.0.0.0.0.0.0,blockscout_nested
0x439a8d1caadc97c6755558c5a9956af17cce236c337859eae0ac2cf8a28de245,0x8366a39cc670b4001a1121b8f6a443a643e40951,0x95f71ca6a0807de9c32f84d4d41ea32915a77665,0.005103029775436223,root.11.1.0.0.0.0,blockscout_nested
0x439a8d1caadc97c6755558c5a9956af17cce236c337859eae0ac2cf8a28de245,0x95f71ca6a0807de9c32f84d4d41ea32915a77665,0x0bd7d308f8e1639fab988df18a8011f41eacad73,0.005103029775436223,root.11.1.0.0.1,blockscout_nested
0x439a8d1caadc97c6755558c5a9956af17cce236c337859eae0ac2cf8a28de245,0x0bd7d308f8e1639fab988df18a8011f41eacad73,0xc6b81b429797e0f555440b70cd99e032d7ae947e,0.005103029775436223,root.11.1.0.0.1.0,blockscout_nested
0x439a8d1caadc97c6755558c5a9956af17cce236c337859eae0ac2cf8a28de245,0x8366a39cc670b4001a1121b8f6a443a643e40951,0xe3fa8fa0d0a3f59c9b08ea0fe36d654a506850cc,0.000051030297754362,root.11.1.0.0.5.0.1.0.0.0,blockscout_nested
0x439a8d1caadc97c6755558c5a9956af17cce236c337859eae0ac2cf8a28de245,0x0bd7d308f8e1639fab988df18a8011f41eacad73,0xa633c73658857d5241fe21d43f854a82e2d0592c,0.005103029775436223,root.11.1.0.0.5.0.5.0.0,blockscout_nested
0x439a8d1caadc97c6755558c5a9956af17cce236c337859eae0ac2cf8a28de245,0xa633c73658857d5241fe21d43f854a82e2d0592c,0x9622a5f4c3f5fef73cb71da0bff3ed86a8203056,0.005103029775436223,root.11.1.0.0.5.0.5.0.0.0,blockscout_nested
0x439a8d1caadc97c6755558c5a9956af17cce236c337859eae0ac2cf8a28de245,0xa633c73658857d5241fe21d43f854a82e2d0592c,0x8366a39cc670b4001a1121b8f6a443a643e40951,0.005103029775436223,root.11.1.0.0.5.0.6,blockscout_nested
0x439a8d1caadc97c6755558c5a9956af17cce236c337859eae0ac2cf8a28de245,0x0bd7d308f8e1639fab988df18a8011f41eacad73,0x95f71ca6a0807de9c32f84d4d41ea32915a77665,0.005103029775436223,root.11.1.0.0.8.0.0,blockscout_nested
0x439a8d1caadc97c6755558c5a9956af17cce236c337859eae0ac2cf8a28de245,0x95f71ca6a0807de9c32f84d4d41ea32915a77665,0x8366a39cc670b4001a1121b8f6a443a643e40951,0.005103029775436223,root.11.1.0.0.9,blockscout_nested
0x82e9fb85e0fe84038419385fb8efea6eab1d9ede1c43d35bc5e1651ae5eb7307,0x8366a39cc670b4001a1121b8f6a443a643e40951,0xe3fa8fa0d0a3f59c9b08ea0fe36d654a506850cc,0.000068849739195652,root.5.0.0.0.0.0.0.0,blockscout_nested
0x82e9fb85e0fe84038419385fb8efea6eab1d9ede1c43d35bc5e1651ae5eb7307,0x8366a39cc670b4001a1121b8f6a443a643e40951,0x95f71ca6a0807de9c32f84d4d41ea32915a77665,0.006884973919565276,root.12.1.0.0.0.0,blockscout_nested
0x82e9fb85e0fe84038419385fb8efea6eab1d9ede1c43d35bc5e1651ae5eb7307,0x95f71ca6a0807de9c32f84d4d41ea32915a77665,0x0bd7d308f8e1639fab988df18a8011f41eacad73,0.006884973919565276,root.12.1.0.0.1,blockscout_nested
0x82e9fb85e0fe84038419385fb8efea6eab1d9ede1c43d35bc5e1651ae5eb7307,0x0bd7d308f8e1639fab988df18a8011f41eacad73,0xc6b81b429797e0f555440b70cd99e032d7ae947e,0.006884973919565276,root.12.1.0.0.1.0,blockscout_nested
0x82e9fb85e0fe84038419385fb8efea6eab1d9ede1c43d35bc5e1651ae5eb7307,0x8366a39cc670b4001a1121b8f6a443a643e40951,0xe3fa8fa0d0a3f59c9b08ea0fe36d654a506850cc,0.000068849739195652,root.12.1.0.0.5.0.1.0.0.0,blockscout_nested
0x82e9fb85e0fe84038419385fb8efea6eab1d9ede1c43d35bc5e1651ae5eb7307,0x0bd7d308f8e1639fab988df18a8011f41eacad73,0xa633c73658857d5241fe21d43f854a82e2d0592c,0.006884973919565276,root.12.1.0.0.5.0.5.0.0,blockscout_nested
0x82e9fb85e0fe84038419385fb8efea6eab1d9ede1c43d35bc5e1651ae5eb7307,0xa633c73658857d5241fe21d43f854a82e2d0592c,0x9622a5f4c3f5fef73cb71da0bff3ed86a8203056,0.006884973919565276,root.12.1.0.0.5.0.5.0.0.0,blockscout_nested
0x82e9fb85e0fe84038419385fb8efea6eab1d9ede1c43d35bc5e1651ae5eb7307,0xa633c73658857d5241fe21d43f854a82e2d0592c,0x8366a39cc670b4001a1121b8f6a443a643e40951,0.006884973919565276,root.12.1.0.0.5.0.6,blockscout_nested
0x82e9fb85e0fe84038419385fb8efea6eab1d9ede1c43d35bc5e1651ae5eb7307,0x0bd7d308f8e1639fab988df18a8011f41eacad73,0x95f71ca6a0807de9c32f84d4d41ea32915a77665,0.006884973919565276,root.12.1.0.0.11.0.0,blockscout_nested
0x82e9fb85e0fe84038419385fb8efea6eab1d9ede1c43d35bc5e1651ae5eb7307,0x95f71ca6a0807de9c32f84d4d41ea32915a77665,0x8366a39cc670b4001a1121b8f6a443a643e40951,0.006884973919565276,root.12.1.0.0.12,blockscout_nested
0x0511e8f74be617b6f6316f68a3bace2e6251428250b299f0da008ad606391890,0x8366a39cc670b4001a1121b8f6a443a643e40951,0xe3fa8fa0d0a3f59c9b08ea0fe36d654a506850cc,0.000012872334458975,root.1.2.0.0.1.0.0.2.0.0.0.0.0,blockscout_nested
0x0511e8f74be617b6f6316f68a3bace2e6251428250b299f0da008ad606391890,0x0bd7d308f8e1639fab988df18a8011f41eacad73,0x7702e2e6b53114a037c45a89f855b52721a1c755,0.001287233445897569,root.1.2.0.0.1.0.0.2.0.4.0.0,blockscout_nested
0x0511e8f74be617b6f6316f68a3bace2e6251428250b299f0da008ad606391890,0x7702e2e6b53114a037c45a89f855b52721a1c755,0x8366a39cc670b4001a1121b8f6a443a643e40951,0.001287233445897569,root.1.2.0.0.1.0.0.2.0.5,blockscout_nested
0x0511e8f74be617b6f6316f68a3bace2e6251428250b299f0da008ad606391890,0x0bd7d308f8e1639fab988df18a8011f41eacad73,0x7702e2e6b53114a037c45a89f855b52721a1c755,0.000036505055788985,root.1.4.0.0,blockscout_nested
0x0511e8f74be617b6f6316f68a3bace2e6251428250b299f0da008ad606391890,0x7702e2e6b53114a037c45a89f855b52721a1c755,0x090a8796ab1f6136a4319993f2cbedf04be20603,0.000036505055788985,root.1.5,blockscout_nested
0x0511e8f74be617b6f6316f68a3bace2e6251428250b299f0da008ad606391890,0x090a8796ab1f6136a4319993f2cbedf04be20603,0x228148889505f14602458969e36f8546cd0f0354,0.000036505055788985,root.1.5.0,blockscout_nested
0x3df7ca6c08a92c68215340262df17a020dead9ac6ca3cb6297ae4079dad8f39b,0x8366a39cc670b4001a1121b8f6a443a643e40951,0xe3fa8fa0d0a3f59c9b08ea0fe36d654a506850cc,0.000135293144517008,root.2.0.0.0.0.0.0.0,blockscout_nested
0x3df7ca6c08a92c68215340262df17a020dead9ac6ca3cb6297ae4079dad8f39b,0x8366a39cc670b4001a1121b8f6a443a643e40951,0x95f71ca6a0807de9c32f84d4d41ea32915a77665,0.013529314451700828,root.6.1.0.0.0.0,blockscout_nested
0x3df7ca6c08a92c68215340262df17a020dead9ac6ca3cb6297ae4079dad8f39b,0x95f71ca6a0807de9c32f84d4d41ea32915a77665,0x0bd7d308f8e1639fab988df18a8011f41eacad73,0.013529314451700828,root.6.1.0.0.1,blockscout_nested
0x3df7ca6c08a92c68215340262df17a020dead9ac6ca3cb6297ae4079dad8f39b,0x0bd7d308f8e1639fab988df18a8011f41eacad73,0xc6b81b429797e0f555440b70cd99e032d7ae947e,0.013529314451700828,root.6.1.0.0.1.0,blockscout_nested
0x3df7ca6c08a92c68215340262df17a020dead9ac6ca3cb6297ae4079dad8f39b,0x8366a39cc670b4001a1121b8f6a443a643e40951,0xe3fa8fa0d0a3f59c9b08ea0fe36d654a506850cc,0.000135293144517008,root.6.1.0.0.5.0.1.0.0.0,blockscout_nested
0x3df7ca6c08a92c68215340262df17a020dead9ac6ca3cb6297ae4079dad8f39b,0x0bd7d308f8e1639fab988df18a8011f41eacad73,0xa633c73658857d5241fe21d43f854a82e2d0592c,0.013529314451700828,root.6.1.0.0.5.0.5.0.0,blockscout_nested
0x3df7ca6c08a92c68215340262df17a020dead9ac6ca3cb6297ae4079dad8f39b,0xa633c73658857d5241fe21d43f854a82e2d0592c,0x9622a5f4c3f5fef73cb71da0bff3ed86a8203056,0.013529314451700828,root.6.1.0.0.5.0.5.0.0.0,blockscout_nested
0x3df7ca6c08a92c68215340262df17a020dead9ac6ca3cb6297ae4079dad8f39b,0xa633c73658857d5241fe21d43f854a82e2d0592c,0x8366a39cc670b4001a1121b8f6a443a643e40951,0.013529314451700828,root.6.1.0.0.5.0.6,blockscout_nested
0x3df7ca6c08a92c68215340262df17a020dead9ac6ca3cb6297ae4079dad8f39b,0x0bd7d308f8e1639fab988df18a8011f41eacad73,0x95f71ca6a0807de9c32f84d4d41ea32915a77665,0.013529314451700828,root.6.1.0.0.9.0.0,blockscout_nested
0x3df7ca6c08a92c68215340262df17a020dead9ac6ca3cb6297ae4079dad8f39b,0x95f71ca6a0807de9c32f84d4d41ea32915a77665,0x8366a39cc670b4001a1121b8f6a443a643e40951,0.013529314451700828,root.6.1.0.0.10,blockscout_nested
0xf355b30f08d7ee8cd63ed6c9e71b47d7f36a5fee2a6e7612f3aefd47af646864,0x8366a39cc670b4001a1121b8f6a443a643e40951,0xe3fa8fa0d0a3f59c9b08ea0fe36d654a506850cc,0.000040913509429071,root.2.0.0.0.0.0.0.0,blockscout_nested
0xf355b30f08d7ee8cd63ed6c9e71b47d7f36a5fee2a6e7612f3aefd47af646864,0x8366a39cc670b4001a1121b8f6a443a643e40951,0x95f71ca6a0807de9c32f84d4d41ea32915a77665,0.004091350942907115,root.6.1.0.0.0.0,blockscout_nested
0xf355b30f08d7ee8cd63ed6c9e71b47d7f36a5fee2a6e7612f3aefd47af646864,0x95f71ca6a0807de9c32f84d4d41ea32915a77665,0x0bd7d308f8e1639fab988df18a8011f41eacad73,0.004091350942907115,root.6.1.0.0.1,blockscout_nested
0xf355b30f08d7ee8cd63ed6c9e71b47d7f36a5fee2a6e7612f3aefd47af646864,0x0bd7d308f8e1639fab988df18a8011f41eacad73,0xc6b81b429797e0f555440b70cd99e032d7ae947e,0.004091350942907115,root.6.1.0.0.1.0,blockscout_nested
0xf355b30f08d7ee8cd63ed6c9e71b47d7f36a5fee2a6e7612f3aefd47af646864,0x8366a39cc670b4001a1121b8f6a443a643e40951,0xe3fa8fa0d0a3f59c9b08ea0fe36d654a506850cc,0.000040913509429071,root.6.1.0.0.5.0.1.0.0.0,blockscout_nested
0xf355b30f08d7ee8cd63ed6c9e71b47d7f36a5fee2a6e7612f3aefd47af646864,0x0bd7d308f8e1639fab988df18a8011f41eacad73,0xa633c73658857d5241fe21d43f854a82e2d0592c,0.004091350942907115,root.6.1.0.0.5.0.5.0.0,blockscout_nested
0xf355b30f08d7ee8cd63ed6c9e71b47d7f36a5fee2a6e7612f3aefd47af646864,0xa633c73658857d5241fe21d43f854a82e2d0592c,0x9622a5f4c3f5fef73cb71da0bff3ed86a8203056,0.004091350942907115,root.6.1.0.0.5.0.5.0.0.0,blockscout_nested
0xf355b30f08d7ee8cd63ed6c9e71b47d7f36a5fee2a6e7612f3aefd47af646864,0xa633c73658857d5241fe21d43f854a82e2d0592c,0x8366a39cc670b4001a1121b8f6a443a643e40951,0.004091350942907115,root.6.1.0.0.5.0.6,blockscout_nested
0xf355b30f08d7ee8cd63ed6c9e71b47d7f36a5fee2a6e7612f3aefd47af646864,0x0bd7d308f8e1639fab988df18a8011f41eacad73,0x95f71ca6a0807de9c32f84d4d41ea32915a77665,0.004091350942907115,root.6.1.0.0.9.0.0,blockscout_nested
0xf355b30f08d7ee8cd63ed6c9e71b47d7f36a5fee2a6e7612f3aefd47af646864,0x95f71ca6a0807de9c32f84d4d41ea32915a77665,0x8366a39cc670b4001a1121b8f6a443a643e40951,0.004091350942907115,root.6.1.0.0.10,blockscout_nested
0xce217e230ea8bf23bb747e65eae65fad8e9c8b7365f7e18b22584b5581a13ddc,0x0bd7d308f8e1639fab988df18a8011f41eacad73,0x53bf6b0684ec7ef91e1387da3d1a1769bc5a6f77,0.002334793876516485,root.6.0.0,blockscout_nested
0xce217e230ea8bf23bb747e65eae65fad8e9c8b7365f7e18b22584b5581a13ddc,0x53bf6b0684ec7ef91e1387da3d1a1769bc5a6f77,0xa6935eecdc353b080a22dfecd744f400ce5480d6,0.002334793876516485,root.7,blockscout_nested
0xe19feb6ec5b38f6e261edd23e9e514f9d5fc81c3c5b73d8b35e21a49330e61c4,0x0bd7d308f8e1639fab988df18a8011f41eacad73,0x53bf6b0684ec7ef91e1387da3d1a1769bc5a6f77,0.018507489932889627,root.6.0.0,blockscout_nested
0xe19feb6ec5b38f6e261edd23e9e514f9d5fc81c3c5b73d8b35e21a49330e61c4,0x53bf6b0684ec7ef91e1387da3d1a1769bc5a6f77,0xa6935eecdc353b080a22dfecd744f400ce5480d6,0.018507489932889627,root.7,blockscout_nested
0x68bd91ef9d9ae091304291a71043d271678d3d2e1b00bdefdfb851feb220fc31,0x8366a39cc670b4001a1121b8f6a443a643e40951,0xa687b664662b96b180346d699a6d5b42e9b05d31,0.00016555767294739,root.4.0.0.6.0,blockscout_nested
0x68bd91ef9d9ae091304291a71043d271678d3d2e1b00bdefdfb851feb220fc31,0xa687b664662b96b180346d699a6d5b42e9b05d31,0x0bd7d308f8e1639fab988df18a8011f41eacad73,0.00016555767294739,root.4.0.0.7,blockscout_nested
0x68bd91ef9d9ae091304291a71043d271678d3d2e1b00bdefdfb851feb220fc31,0x0bd7d308f8e1639fab988df18a8011f41eacad73,0xc6b81b429797e0f555440b70cd99e032d7ae947e,0.00016555767294739,root.4.0.0.7.0,blockscout_nested
0x68bd91ef9d9ae091304291a71043d271678d3d2e1b00bdefdfb851feb220fc31,0x0bd7d308f8e1639fab988df18a8011f41eacad73,0x5d796c6e479052db44ee6a45dd72e57c800a4c1b,0.00016555767294739,root.7.0.0.0,blockscout_nested
0x68bd91ef9d9ae091304291a71043d271678d3d2e1b00bdefdfb851feb220fc31,0x5d796c6e479052db44ee6a45dd72e57c800a4c1b,0xe58b3089df6667fbf99b75595a1671baf6797d6d,0.00016555767294739,root.7.1,blockscout_nested
0x68bd91ef9d9ae091304291a71043d271678d3d2e1b00bdefdfb851feb220fc31,0xe58b3089df6667fbf99b75595a1671baf6797d6d,0xfbbb0d7a450686a18c2f4a31f0137070469491d4,0.00016555767294739,root.8,blockscout_nested
0x459f4162d86a2f660bf457497426e6f3e26a696415209fc3ce2dd42e570b7887,0x8366a39cc670b4001a1121b8f6a443a643e40951,0xe3fa8fa0d0a3f59c9b08ea0fe36d654a506850cc,0.000020059360554259,root.0.0.0.0.0.0.0.0.0,blockscout_nested
0x459f4162d86a2f660bf457497426e6f3e26a696415209fc3ce2dd42e570b7887,0x8366a39cc670b4001a1121b8f6a443a643e40951,0xe3fa8fa0d0a3f59c9b08ea0fe36d654a506850cc,0.000020059360554259,root.1.0.0.0.0.0,blockscout_nested
0x459f4162d86a2f660bf457497426e6f3e26a696415209fc3ce2dd42e570b7887,0x0bd7d308f8e1639fab988df18a8011f41eacad73,0x000000000022b747bc1057d9497efe6d1c69296f,0.002032964592012571,root.1.0.8.0.0,blockscout_nested
0x459f4162d86a2f660bf457497426e6f3e26a696415209fc3ce2dd42e570b7887,0x000000000022b747bc1057d9497efe6d1c69296f,0x8366a39cc670b4001a1121b8f6a443a643e40951,0.002005936055425919,root.1.0.10,blockscout_nested
0x459f4162d86a2f660bf457497426e6f3e26a696415209fc3ce2dd42e570b7887,0x000000000022b747bc1057d9497efe6d1c69296f,0x0df9a8932b1ccacfcad3f1409431ebf8800f42e8,0.000027028536586652,root.1.0.11,blockscout_nested
0x97e189b3bd86168a74800a7b7d0f5d91dd44c739639b08923307e24196da7154,0x8366a39cc670b4001a1121b8f6a443a643e40951,0xe3fa8fa0d0a3f59c9b08ea0fe36d654a506850cc,0.0000222328330465,root.0.0.0.0.0.0.0.0.0,blockscout_nested
0x97e189b3bd86168a74800a7b7d0f5d91dd44c739639b08923307e24196da7154,0x8366a39cc670b4001a1121b8f6a443a643e40951,0xe3fa8fa0d0a3f59c9b08ea0fe36d654a506850cc,0.0000222328330465,root.1.0.0.0.0.0,blockscout_nested
0x97e189b3bd86168a74800a7b7d0f5d91dd44c739639b08923307e24196da7154,0x0bd7d308f8e1639fab988df18a8011f41eacad73,0x000000000022b747bc1057d9497efe6d1c69296f,0.002254337407018707,root.1.0.12.0.0,blockscout_nested
0x97e189b3bd86168a74800a7b7d0f5d91dd44c739639b08923307e24196da7154,0x000000000022b747bc1057d9497efe6d1c69296f,0x8366a39cc670b4001a1121b8f6a443a643e40951,0.002223283304650029,root.1.0.14,blockscout_nested
0x97e189b3bd86168a74800a7b7d0f5d91dd44c739639b08923307e24196da7154,0x000000000022b747bc1057d9497efe6d1c69296f,0x0df9a8932b1ccacfcad3f1409431ebf8800f42e8,0.000031054102368678,root.1.0.15,blockscout_nested
0x05a0e773750f26abd85afafc95f9b3816572bbea348d0c11963810fcd7294387,0x8366a39cc670b4001a1121b8f6a443a643e40951,0xe3fa8fa0d0a3f59c9b08ea0fe36d654a506850cc,0.000061982799224962,root.0.4.0.0.0.0.0.0.0,blockscout_nested
0x05a0e773750f26abd85afafc95f9b3816572bbea348d0c11963810fcd7294387,0x8366a39cc670b4001a1121b8f6a443a643e40951,0x95f71ca6a0807de9c32f84d4d41ea32915a77665,0.006198279922496257,root.1.1.0.0.0.0,blockscout_nested
0x05a0e773750f26abd85afafc95f9b3816572bbea348d0c11963810fcd7294387,0x95f71ca6a0807de9c32f84d4d41ea32915a77665,0x0bd7d308f8e1639fab988df18a8011f41eacad73,0.006198279922496257,root.1.1.0.0.1,blockscout_nested
0x05a0e773750f26abd85afafc95f9b3816572bbea348d0c11963810fcd7294387,0x0bd7d308f8e1639fab988df18a8011f41eacad73,0xc6b81b429797e0f555440b70cd99e032d7ae947e,0.006198279922496257,root.1.1.0.0.1.0,blockscout_nested
0x05a0e773750f26abd85afafc95f9b3816572bbea348d0c11963810fcd7294387,0x8366a39cc670b4001a1121b8f6a443a643e40951,0xe3fa8fa0d0a3f59c9b08ea0fe36d654a506850cc,0.000061982799224962,root.1.1.0.0.5.0.1.0.0.0,blockscout_nested
0x05a0e773750f26abd85afafc95f9b3816572bbea348d0c11963810fcd7294387,0x0bd7d308f8e1639fab988df18a8011f41eacad73,0xa633c73658857d5241fe21d43f854a82e2d0592c,0.006198279922496257,root.1.1.0.0.5.0.5.0.0,blockscout_nested
0x05a0e773750f26abd85afafc95f9b3816572bbea348d0c11963810fcd7294387,0xa633c73658857d5241fe21d43f854a82e2d0592c,0xb7298a3abfedbc439e8067db151b45c0a3baa05f,0.006198279922496257,root.1.1.0.0.5.0.5.0.0.0,blockscout_nested
0x05a0e773750f26abd85afafc95f9b3816572bbea348d0c11963810fcd7294387,0xa633c73658857d5241fe21d43f854a82e2d0592c,0x8366a39cc670b4001a1121b8f6a443a643e40951,0.006198279922496257,root.1.1.0.0.5.0.6,blockscout_nested
0x05a0e773750f26abd85afafc95f9b3816572bbea348d0c11963810fcd7294387,0x0bd7d308f8e1639fab988df18a8011f41eacad73,0x95f71ca6a0807de9c32f84d4d41ea32915a77665,0.006198279922496257,root.1.1.0.0.8.0.0,blockscout_nested
0x05a0e773750f26abd85afafc95f9b3816572bbea348d0c11963810fcd7294387,0x95f71ca6a0807de9c32f84d4d41ea32915a77665,0x8366a39cc670b4001a1121b8f6a443a643e40951,0.006198279922496257,root.1.1.0.0.9,blockscout_nested
0x05a0e773750f26abd85afafc95f9b3816572bbea348d0c11963810fcd7294387,0x0bd7d308f8e1639fab988df18a8011f41eacad73,0x743be0db30148336a3db479f19d4e1828b293869,0.00038430245582443,root.3.0.0,blockscout_nested
0x05a0e773750f26abd85afafc95f9b3816572bbea348d0c11963810fcd7294387,0x0bd7d308f8e1639fab988df18a8011f41eacad73,0x33eabd63853e74ff70d8b89982dfb5bc3eb0a189,0.000128100818608144,root.4.0.0,blockscout_nested
0xe51232c0376feb312966c5b3c60a02412d8a506d6355eb48955907ddc9538288,0x0bd7d308f8e1639fab988df18a8011f41eacad73,0x5d796c6e479052db44ee6a45dd72e57c800a4c1b,0.003604336028399824,root.7.0.0.0,blockscout_nested
0xe51232c0376feb312966c5b3c60a02412d8a506d6355eb48955907ddc9538288,0x5d796c6e479052db44ee6a45dd72e57c800a4c1b,0xe58b3089df6667fbf99b75595a1671baf6797d6d,0.003604336028399824,root.7.1,blockscout_nested
0xe51232c0376feb312966c5b3c60a02412d8a506d6355eb48955907ddc9538288,0xe58b3089df6667fbf99b75595a1671baf6797d6d,0x6ea08ca8f313d860808ef7431fc72c6fbcf4a72d,0.000018021680141999,root.8,blockscout_nested
0xe51232c0376feb312966c5b3c60a02412d8a506d6355eb48955907ddc9538288,0xe58b3089df6667fbf99b75595a1671baf6797d6d,0x1aa511c41636dc4e1dafe5092157eb606da01d03,0.003586314348257825,root.9,blockscout_nested
0xdbc511aecf9115060561980a6f83f1d24fe4bafa6c78a5a80ba4b72bf71387a1,0xf0229a7df821096bd3e097e36152bc948c1f4cc0,0x000000007907b910ae1ee64a71f95b592fc7bb89,7.501E-15,root,blockscout_nested
0xdbc511aecf9115060561980a6f83f1d24fe4bafa6c78a5a80ba4b72bf71387a1,0x8366a39cc670b4001a1121b8f6a443a643e40951,0xe3fa8fa0d0a3f59c9b08ea0fe36d654a506850cc,0.000022570989539281,root.1.0.0.0.0.0,blockscout_nested
0xdbc511aecf9115060561980a6f83f1d24fe4bafa6c78a5a80ba4b72bf71387a1,0x0bd7d308f8e1639fab988df18a8011f41eacad73,0x000000007907b910ae1ee64a71f95b592fc7bb89,0.002257098953920671,root.1.0.4.0.0,blockscout_nested
0xdbc511aecf9115060561980a6f83f1d24fe4bafa6c78a5a80ba4b72bf71387a1,0x000000007907b910ae1ee64a71f95b592fc7bb89,0x8366a39cc670b4001a1121b8f6a443a643e40951,0.002257098953928172,root.1.0.6,blockscout_nested
0xdbc511aecf9115060561980a6f83f1d24fe4bafa6c78a5a80ba4b72bf71387a1,0x0bd7d308f8e1639fab988df18a8011f41eacad73,0x000000007907b910ae1ee64a71f95b592fc7bb89,0.000031218477711712,root.3.0.0,blockscout_nested
0xdbc511aecf9115060561980a6f83f1d24fe4bafa6c78a5a80ba4b72bf71387a1,0x000000007907b910ae1ee64a71f95b592fc7bb89,0x743be0db30148336a3db479f19d4e1828b293869,0.000031218477711712,root.4,blockscout_nested
0x3a4e65ee6903675542b60054aec1870c186302c1ec261a490153d3b7e819b36e,0x8366a39cc670b4001a1121b8f6a443a643e40951,0xe3fa8fa0d0a3f59c9b08ea0fe36d654a506850cc,0.000077128411939444,root.0.4.0.0.0.0.0.0.0,blockscout_nested
0x3a4e65ee6903675542b60054aec1870c186302c1ec261a490153d3b7e819b36e,0x8366a39cc670b4001a1121b8f6a443a643e40951,0x95f71ca6a0807de9c32f84d4d41ea32915a77665,0.007712841193944492,root.1.1.0.0.0.0,blockscout_nested
0x3a4e65ee6903675542b60054aec1870c186302c1ec261a490153d3b7e819b36e,0x95f71ca6a0807de9c32f84d4d41ea32915a77665,0x0bd7d308f8e1639fab988df18a8011f41eacad73,0.007712841193944492,root.1.1.0.0.1,blockscout_nested
0x3a4e65ee6903675542b60054aec1870c186302c1ec261a490153d3b7e819b36e,0x0bd7d308f8e1639fab988df18a8011f41eacad73,0xc6b81b429797e0f555440b70cd99e032d7ae947e,0.007712841193944492,root.1.1.0.0.1.0,blockscout_nested
0x3a4e65ee6903675542b60054aec1870c186302c1ec261a490153d3b7e819b36e,0x8366a39cc670b4001a1121b8f6a443a643e40951,0xe3fa8fa0d0a3f59c9b08ea0fe36d654a506850cc,0.000077128411939444,root.1.1.0.0.5.0.1.0.0.0,blockscout_nested
0x3a4e65ee6903675542b60054aec1870c186302c1ec261a490153d3b7e819b36e,0x0bd7d308f8e1639fab988df18a8011f41eacad73,0xa633c73658857d5241fe21d43f854a82e2d0592c,0.007712841193944492,root.1.1.0.0.5.0.5.0.0,blockscout_nested
0x3a4e65ee6903675542b60054aec1870c186302c1ec261a490153d3b7e819b36e,0xa633c73658857d5241fe21d43f854a82e2d0592c,0xb7298a3abfedbc439e8067db151b45c0a3baa05f,0.007712841193944492,root.1.1.0.0.5.0.5.0.0.0,blockscout_nested
0x3a4e65ee6903675542b60054aec1870c186302c1ec261a490153d3b7e819b36e,0xa633c73658857d5241fe21d43f854a82e2d0592c,0x8366a39cc670b4001a1121b8f6a443a643e40951,0.007712841193944492,root.1.1.0.0.5.0.6,blockscout_nested
0x3a4e65ee6903675542b60054aec1870c186302c1ec261a490153d3b7e819b36e,0x0bd7d308f8e1639fab988df18a8011f41eacad73,0x95f71ca6a0807de9c32f84d4d41ea32915a77665,0.007712841193944492,root.1.1.0.0.8.0.0,blockscout_nested
0x3a4e65ee6903675542b60054aec1870c186302c1ec261a490153d3b7e819b36e,0x95f71ca6a0807de9c32f84d4d41ea32915a77665,0x8366a39cc670b4001a1121b8f6a443a643e40951,0.007712841193944492,root.1.1.0.0.9,blockscout_nested
0x3a4e65ee6903675542b60054aec1870c186302c1ec261a490153d3b7e819b36e,0x0bd7d308f8e1639fab988df18a8011f41eacad73,0x743be0db30148336a3db479f19d4e1828b293869,0.000562386245918434,root.3.0.0,blockscout_nested
0x3a4e65ee6903675542b60054aec1870c186302c1ec261a490153d3b7e819b36e,0x0bd7d308f8e1639fab988df18a8011f41eacad73,0x33eabd63853e74ff70d8b89982dfb5bc3eb0a189,0.000187462081972812,root.4.0.0,blockscout_nested
0xc70c5c0925746e43008b7474543f82cfd8c32c9c0345669cbef330abbec34268,0x8366a39cc670b4001a1121b8f6a443a643e40951,0xe3fa8fa0d0a3f59c9b08ea0fe36d654a506850cc,0.000064858503611423,root.0.1.0.0.0.0.0.0.0,blockscout_nested
0xc70c5c0925746e43008b7474543f82cfd8c32c9c0345669cbef330abbec34268,0x8366a39cc670b4001a1121b8f6a443a643e40951,0x95f71ca6a0807de9c32f84d4d41ea32915a77665,0.006485850361142388,root.1.1.0.0.0.0,blockscout_nested
0xc70c5c0925746e43008b7474543f82cfd8c32c9c0345669cbef330abbec34268,0x95f71ca6a0807de9c32f84d4d41ea32915a77665,0x0bd7d308f8e1639fab988df18a8011f41eacad73,0.006485850361142388,root.1.1.0.0.1,blockscout_nested
0xc70c5c0925746e43008b7474543f82cfd8c32c9c0345669cbef330abbec34268,0x0bd7d308f8e1639fab988df18a8011f41eacad73,0xc6b81b429797e0f555440b70cd99e032d7ae947e,0.006485850361142388,root.1.1.0.0.1.0,blockscout_nested
0xc70c5c0925746e43008b7474543f82cfd8c32c9c0345669cbef330abbec34268,0x8366a39cc670b4001a1121b8f6a443a643e40951,0xe3fa8fa0d0a3f59c9b08ea0fe36d654a506850cc,0.000064858503611423,root.1.1.0.0.5.0.1.0.0.0,blockscout_nested
0xc70c5c0925746e43008b7474543f82cfd8c32c9c0345669cbef330abbec34268,0x0bd7d308f8e1639fab988df18a8011f41eacad73,0xa633c73658857d5241fe21d43f854a82e2d0592c,0.006485850361142388,root.1.1.0.0.5.0.5.0.0,blockscout_nested
0xc70c5c0925746e43008b7474543f82cfd8c32c9c0345669cbef330abbec34268,0xa633c73658857d5241fe21d43f854a82e2d0592c,0xb7298a3abfedbc439e8067db151b45c0a3baa05f,0.006485850361142388,root.1.1.0.0.5.0.5.0.0.0,blockscout_nested
0xc70c5c0925746e43008b7474543f82cfd8c32c9c0345669cbef330abbec34268,0xa633c73658857d5241fe21d43f854a82e2d0592c,0x8366a39cc670b4001a1121b8f6a443a643e40951,0.006485850361142388,root.1.1.0.0.5.0.6,blockscout_nested
0xc70c5c0925746e43008b7474543f82cfd8c32c9c0345669cbef330abbec34268,0x0bd7d308f8e1639fab988df18a8011f41eacad73,0x95f71ca6a0807de9c32f84d4d41ea32915a77665,0.006485850361142388,root.1.1.0.0.9.0.0,blockscout_nested
0xc70c5c0925746e43008b7474543f82cfd8c32c9c0345669cbef330abbec34268,0x95f71ca6a0807de9c32f84d4d41ea32915a77665,0x8366a39cc670b4001a1121b8f6a443a643e40951,0.006485850361142388,root.1.1.0.0.10,blockscout_nested
0xc70c5c0925746e43008b7474543f82cfd8c32c9c0345669cbef330abbec34268,0x0bd7d308f8e1639fab988df18a8011f41eacad73,0x743be0db30148336a3db479f19d4e1828b293869,0.000409102185151949,root.3.0.0,blockscout_nested
0xc70c5c0925746e43008b7474543f82cfd8c32c9c0345669cbef330abbec34268,0x0bd7d308f8e1639fab988df18a8011f41eacad73,0x33eabd63853e74ff70d8b89982dfb5bc3eb0a189,0.00013636739505065,root.4.0.0,blockscout_nested
0x10a09a490cecce71fb826a8866c6596403ebfb419d582739ca28753bf06b2c6d,0x8366a39cc670b4001a1121b8f6a443a643e40951,0xe3fa8fa0d0a3f59c9b08ea0fe36d654a506850cc,0.000036564932312111,root.5.0.0.0.0.0.0.0,blockscout_nested
0x10a09a490cecce71fb826a8866c6596403ebfb419d582739ca28753bf06b2c6d,0x8366a39cc670b4001a1121b8f6a443a643e40951,0x6ab8c6c5451126a0c5ce92c7999797067d449c31,0.003656493231211166,root.11.1.0.0.0.0,blockscout_nested
0x10a09a490cecce71fb826a8866c6596403ebfb419d582739ca28753bf06b2c6d,0x6ab8c6c5451126a0c5ce92c7999797067d449c31,0x0bd7d308f8e1639fab988df18a8011f41eacad73,0.003656493231211166,root.11.1.0.0.1,blockscout_nested
0x10a09a490cecce71fb826a8866c6596403ebfb419d582739ca28753bf06b2c6d,0x0bd7d308f8e1639fab988df18a8011f41eacad73,0xc6b81b429797e0f555440b70cd99e032d7ae947e,0.003656493231211166,root.11.1.0.0.1.0,blockscout_nested
0x10a09a490cecce71fb826a8866c6596403ebfb419d582739ca28753bf06b2c6d,0x8366a39cc670b4001a1121b8f6a443a643e40951,0xe3fa8fa0d0a3f59c9b08ea0fe36d654a506850cc,0.000036564932312111,root.11.1.0.0.5.0.1.0.0.0,blockscout_nested
0x10a09a490cecce71fb826a8866c6596403ebfb419d582739ca28753bf06b2c6d,0x0bd7d308f8e1639fab988df18a8011f41eacad73,0xa633c73658857d5241fe21d43f854a82e2d0592c,0.003656493231211166,root.11.1.0.0.5.0.5.0.0,blockscout_nested
0x10a09a490cecce71fb826a8866c6596403ebfb419d582739ca28753bf06b2c6d,0xa633c73658857d5241fe21d43f854a82e2d0592c,0x65272592668f0aa28e606a1a8c3ba0550f562eee,0.003656493231211166,root.11.1.0.0.5.0.5.0.0.0,blockscout_nested
0x10a09a490cecce71fb826a8866c6596403ebfb419d582739ca28753bf06b2c6d,0xa633c73658857d5241fe21d43f854a82e2d0592c,0x8366a39cc670b4001a1121b8f6a443a643e40951,0.003656493231211166,root.11.1.0.0.5.0.6,blockscout_nested
0x10a09a490cecce71fb826a8866c6596403ebfb419d582739ca28753bf06b2c6d,0x0bd7d308f8e1639fab988df18a8011f41eacad73,0x6ab8c6c5451126a0c5ce92c7999797067d449c31,0.003656493231211166,root.11.1.0.0.8.0.0,blockscout_nested
0x10a09a490cecce71fb826a8866c6596403ebfb419d582739ca28753bf06b2c6d,0x6ab8c6c5451126a0c5ce92c7999797067d449c31,0x8366a39cc670b4001a1121b8f6a443a643e40951,0.003656493231211166,root.11.1.0.0.9,blockscout_nested
0x4c936f02df1b87873dbd3262df5519051387ee2535b3bd142f8b702c9023fc96,0x0bd7d308f8e1639fab988df18a8011f41eacad73,0x8876789976decbfcbbbe364623c63652db8c0904,0.003012311251129537,root.3.0.0,blockscout_nested
0x4c936f02df1b87873dbd3262df5519051387ee2535b3bd142f8b702c9023fc96,0x8876789976decbfcbbbe364623c63652db8c0904,0x1f09756741dedc39a9669565601c4bec5a548af6,0.003012311251129537,root.4,blockscout_nested
0x5a5ad12282b15825e51ded68f8a030361a5db57460980a5ff99d4c59356b6124,0x0bd7d308f8e1639fab988df18a8011f41eacad73,0xd0a40c6526acdebd4f6d87931098ff37a9f8e4bf,0.000423479067956774,root.10.0.0,blockscout_nested
0x5a5ad12282b15825e51ded68f8a030361a5db57460980a5ff99d4c59356b6124,0xd0a40c6526acdebd4f6d87931098ff37a9f8e4bf,0xba100ef4764b06e50d3cf844d9085c8122ca4ec3,3.81131161161E-7,root.13,blockscout_nested
0x5a5ad12282b15825e51ded68f8a030361a5db57460980a5ff99d4c59356b6124,0xd0a40c6526acdebd4f6d87931098ff37a9f8e4bf,0x12eb1024fe094ea2e7f313573be73c05c417c322,0.000001372072180179,root.14,blockscout_nested
0x5a5ad12282b15825e51ded68f8a030361a5db57460980a5ff99d4c59356b6124,0xd0a40c6526acdebd4f6d87931098ff37a9f8e4bf,0x7f77bad9eb06373fe3aee84f85a9d701ff820eeb,0.00000205810827027,root.15,blockscout_nested
0x5a5ad12282b15825e51ded68f8a030361a5db57460980a5ff99d4c59356b6124,0xd0a40c6526acdebd4f6d87931098ff37a9f8e4bf,0x7e7df6f60581f13216c5e6fcfc5643b9f4261750,4.23479067956E-7,root.16,blockscout_nested
0x5a5ad12282b15825e51ded68f8a030361a5db57460980a5ff99d4c59356b6124,0xd0a40c6526acdebd4f6d87931098ff37a9f8e4bf,0x11c551c0dea7d78ca92390571480bebeab630505,0.000419244277277208,root.17,blockscout_nested
0xbfa23640715b910bcbd95ea6c01f9f29d2fc2f41200641632457356c25d049a4,0x8366a39cc670b4001a1121b8f6a443a643e40951,0xe3fa8fa0d0a3f59c9b08ea0fe36d654a506850cc,0.000105250996614059,root.0.2.0.0.0.0.0.0.0,blockscout_nested
0xbfa23640715b910bcbd95ea6c01f9f29d2fc2f41200641632457356c25d049a4,0x8366a39cc670b4001a1121b8f6a443a643e40951,0xe3fa8fa0d0a3f59c9b08ea0fe36d654a506850cc,0.000105250996614059,root.1.1.1.4.0.0.0.0.0.0.0.0,blockscout_nested
0xbfa23640715b910bcbd95ea6c01f9f29d2fc2f41200641632457356c25d049a4,0x0bd7d308f8e1639fab988df18a8011f41eacad73,0xa633c73658857d5241fe21d43f854a82e2d0592c,0.010525099661405998,root.1.1.1.4.0.0.0.0.4.0.0,blockscout_nested
0xbfa23640715b910bcbd95ea6c01f9f29d2fc2f41200641632457356c25d049a4,0xa633c73658857d5241fe21d43f854a82e2d0592c,0x65272592668f0aa28e606a1a8c3ba0550f562eee,0.010525099661405998,root.1.1.1.4.0.0.0.0.4.0.0.0,blockscout_nested
0xbfa23640715b910bcbd95ea6c01f9f29d2fc2f41200641632457356c25d049a4,0xa633c73658857d5241fe21d43f854a82e2d0592c,0x8366a39cc670b4001a1121b8f6a443a643e40951,0.010525099661405998,root.1.1.1.4.0.0.0.0.5,blockscout_nested
0xbfa23640715b910bcbd95ea6c01f9f29d2fc2f41200641632457356c25d049a4,0x0bd7d308f8e1639fab988df18a8011f41eacad73,0x743be0db30148336a3db479f19d4e1828b293869,0.000838351187742517,root.4.0.0,blockscout_nested
0xbfa23640715b910bcbd95ea6c01f9f29d2fc2f41200641632457356c25d049a4,0x0bd7d308f8e1639fab988df18a8011f41eacad73,0x33eabd63853e74ff70d8b89982dfb5bc3eb0a189,0.000279450395914173,root.5.0.0,blockscout_nested
0x07191c68596f2b14f87d44fee034c96fb31f3b97821cd9fbbcae4815d2c8d725,0x8366a39cc670b4001a1121b8f6a443a643e40951,0xe3fa8fa0d0a3f59c9b08ea0fe36d654a506850cc,0.000022991597260938,root.1.0.0.0.2.0.0.0.2.0.0.0.0.0.0,blockscout_nested
0x07191c68596f2b14f87d44fee034c96fb31f3b97821cd9fbbcae4815d2c8d725,0x0bd7d308f8e1639fab988df18a8011f41eacad73,0x849bc3e52bb2e1807cc97afbf2528a79128a5deb,0.002299159726093868,root.1.0.0.0.2.0.0.0.2.0.0.4.0.0,blockscout_nested
0x07191c68596f2b14f87d44fee034c96fb31f3b97821cd9fbbcae4815d2c8d725,0x849bc3e52bb2e1807cc97afbf2528a79128a5deb,0x8366a39cc670b4001a1121b8f6a443a643e40951,0.002299159726093868,root.1.0.0.0.2.0.0.0.2.0.0.5,blockscout_nested
0x07191c68596f2b14f87d44fee034c96fb31f3b97821cd9fbbcae4815d2c8d725,0x0bd7d308f8e1639fab988df18a8011f41eacad73,0x849bc3e52bb2e1807cc97afbf2528a79128a5deb,0.000279258331681681,root.1.3.0.0,blockscout_nested
0x07191c68596f2b14f87d44fee034c96fb31f3b97821cd9fbbcae4815d2c8d725,0x849bc3e52bb2e1807cc97afbf2528a79128a5deb,0x090a8796ab1f6136a4319993f2cbedf04be20603,0.000279258331681681,root.1.4,blockscout_nested
0x27c90e6c8822cf3983b8b7f6827b3d453c0405996ded40018f4b74da49450b02,0x0bd7d308f8e1639fab988df18a8011f41eacad73,0xac24ce15ac5f4ca34be88a4bf1b5e17303dab423,0.010094235037969453,root.1.2.0.0.1.0.0,blockscout_nested
0x27c90e6c8822cf3983b8b7f6827b3d453c0405996ded40018f4b74da49450b02,0xac24ce15ac5f4ca34be88a4bf1b5e17303dab423,0x8366a39cc670b4001a1121b8f6a443a643e40951,0.010094235037969453,root.1.2.0.0.2,blockscout_nested
0x27c90e6c8822cf3983b8b7f6827b3d453c0405996ded40018f4b74da49450b02,0x8366a39cc670b4001a1121b8f6a443a643e40951,0xe3fa8fa0d0a3f59c9b08ea0fe36d654a506850cc,0.000100942350379694,root.1.2.0.0.3.0.0.0,blockscout_nested
0x27c90e6c8822cf3983b8b7f6827b3d453c0405996ded40018f4b74da49450b02,0x0bd7d308f8e1639fab988df18a8011f41eacad73,0xac24ce15ac5f4ca34be88a4bf1b5e17303dab423,0.001329684432190428,root.2.0.0,blockscout_nested
0x27c90e6c8822cf3983b8b7f6827b3d453c0405996ded40018f4b74da49450b02,0xac24ce15ac5f4ca34be88a4bf1b5e17303dab423,0x743be0db30148336a3db479f19d4e1828b293869,0.000997263324142821,root.4,blockscout_nested
0x27c90e6c8822cf3983b8b7f6827b3d453c0405996ded40018f4b74da49450b02,0xac24ce15ac5f4ca34be88a4bf1b5e17303dab423,0x2185964d3b387461ef79c1841cadcfc4ea5ed639,0.000332421108047607,root.5,blockscout_nested
0xfcfbe8c386a8d77a35c3d56a568164d4179947e680a378308793bbfd57e0b9df,0x8366a39cc670b4001a1121b8f6a443a643e40951,0x8f10b468b06c6fd214b65f87778827f7d113f996,0.102491969875347596,root.4.0.6.0.0.0.0.0.0.4.0,blockscout_nested
0xfcfbe8c386a8d77a35c3d56a568164d4179947e680a378308793bbfd57e0b9df,0x8366a39cc670b4001a1121b8f6a443a643e40951,0x8f10b468b06c6fd214b65f87778827f7d113f996,0.107877130078200399,root.4.0.7.0.0.0.0.4.0,blockscout_nested
0xfcfbe8c386a8d77a35c3d56a568164d4179947e680a378308793bbfd57e0b9df,0x8f10b468b06c6fd214b65f87778827f7d113f996,0xbe2a16dca3961c19acda0268c829e0eb437b28e6,0.107877130078200399,root.4.0.8,blockscout_nested
0x578f2da8045fff60e66df9756c970e44a16522ab90232a35855daf8c4b33f9ee,0x8366a39cc670b4001a1121b8f6a443a643e40951,0xe3fa8fa0d0a3f59c9b08ea0fe36d654a506850cc,0.000023010537864249,root.0.0.0.0.0.0.0.0.0,blockscout_nested
0x578f2da8045fff60e66df9756c970e44a16522ab90232a35855daf8c4b33f9ee,0x8366a39cc670b4001a1121b8f6a443a643e40951,0xe3fa8fa0d0a3f59c9b08ea0fe36d654a506850cc,0.000023010537864249,root.1.0.0.0.0.0,blockscout_nested
0x578f2da8045fff60e66df9756c970e44a16522ab90232a35855daf8c4b33f9ee,0x0bd7d308f8e1639fab988df18a8011f41eacad73,0x000000000022b747bc1057d9497efe6d1c69296f,0.002340013967619256,root.1.0.9.0.0,blockscout_nested
0x578f2da8045fff60e66df9756c970e44a16522ab90232a35855daf8c4b33f9ee,0x000000000022b747bc1057d9497efe6d1c69296f,0x8366a39cc670b4001a1121b8f6a443a643e40951,0.002301053786424961,root.1.0.11,blockscout_nested
0x578f2da8045fff60e66df9756c970e44a16522ab90232a35855daf8c4b33f9ee,0x000000000022b747bc1057d9497efe6d1c69296f,0x0df9a8932b1ccacfcad3f1409431ebf8800f42e8,0.000038960181194295,root.1.0.12,blockscout_nested
0xc6545cb0eb62a12a2ac618e2175242e2a5b5b989d7ddf96339aef235014e9480,0x8366a39cc670b4001a1121b8f6a443a643e40951,0xe71411ebb40224f0043d21ee440829156f4fab0a,0.000100066458651305,root.0.0.0.7.0,blockscout_nested
