pool,swap_timestamp,swap_block,swap_tx,trader_tx_from,swap_sender,direction,fire_in,fire_out,usdg_in,usdg_out,combined_fee_raw,protocol_fee_pips_inferred,nominal_lp_fee_pips,effective_lp_fee_fraction,estimated_lp_fee_fire,estimated_lp_fee_usdg,nearest_zero_seconds,nearest_zero_blocks,zero_same_block,zero_within_1min,zero_within_5min,zero_within_1hr,nearest_zero_owner,nearest_zero_nft,nearest_zero_tx
FIRE_USDG_50pct,2026-07-19T05:21:31+00:00,13585884,0xfe06bb541cf7b3ccf438e9cffd9466acd79161156a65ebc78fa692989fa3881f,0xccfd9df30028337a1d9a003724b53fe64b6f630a,0x1d4b86491ec211257cbedd77a4380a7494624eff,FIRE_TO_USDG,23746.125000000000000000,0.000000000000000000,0.000000,6.752983,500000,0,500000,0.5,11873.0625000000000000000,0,289.0,2879,False,False,True,True,0xe49193acd219557a150e35ccc2a66f89c42482e6,188625,0x232bb5e60c6a754e598eb028a97d3d3902f1c5491cc6db5063108cbd7329fd41
FIRE_USDG_50pct,2026-07-19T05:30:19+00:00,13591140,0xc49abfeb15a0d1a2705794da5e68c48edaa79dff0e0cdc7b3950691ab10802b2,0x533383846b83b617fb426e2c8d78ee2065ba1df3,0x1d4b86491ec211257cbedd77a4380a7494624eff,USDG_TO_FIRE,0.000000000000000000,1969.432728211952714942,1.280416,0.000000,500000,0,500000,0.5,0,0.6402080,238.0,2369,False,False,True,True,0xe49193acd219557a150e35ccc2a66f89c42482e6,188625,0x703f2a23ef90be04b5b98c1c3f431603e1a645dac0c3cafcc8e8b8676cdd865d
FIRE_USDG_50pct,2026-07-19T09:11:34+00:00,13723184,0x46bbb36b5c1da58cfa589bb7b5dd85cdcee0fbd915a8a0d1e6441f7cd5de0b34,0x72e5dc60d7f7009e4df877dc924ec02a9e580066,0x1d4b86491ec211257cbedd77a4380a7494624eff,FIRE_TO_USDG,421134.180232194000000000,0.000000000000000000,0.000000,12.414154,500000,0,500000,0.5,210567.0901160970000000000,0,33908.0,337618,False,False,False,False,0xe49193acd219557a150e35ccc2a66f89c42482e6,188625,0xc12625aa205d211277fb1baef4cdffb5d3a0fa3d07a61c884346584f0f44683e
FIRE_USDG_50pct,2026-07-19T09:11:34+00:00,13723185,0x8efe7b26f3642bc76087f180170ecc38182b45681dc9fa7f2a0795805deca5d0,0x527556b2891a5e69013fb3a2ebd041e80b963103,0xa633c73658857d5241fe21d43f854a82e2d0592c,USDG_TO_FIRE,0.000000000000000000,197185.081948061557058050,17.657821,0.000000,500000,0,500000,0.5,0,8.8289105,33908.0,337617,False,False,False,False,0xe49193acd219557a150e35ccc2a66f89c42482e6,188625,0xc12625aa205d211277fb1baef4cdffb5d3a0fa3d07a61c884346584f0f44683e
FIRE_USDG_50pct,2026-07-19T11:16:44+00:00,13797779,0x3cfb76ccf962b8a89c5d36d75bd17942f8fa3dba8ffc570ea7c1dab32dad1df9,0xabb2acd3be814a80e502575d6c1dc5f789e9cd10,0x1d4b86491ec211257cbedd77a4380a7494624eff,USDG_TO_FIRE,0.000000000000000000,6214.846479189255392138,2.847144,0.000000,500000,0,500000,0.5,0,1.4235720,26398.0,263023,False,False,False,False,0xe49193acd219557a150e35ccc2a66f89c42482e6,188625,0xc12625aa205d211277fb1baef4cdffb5d3a0fa3d07a61c884346584f0f44683e
FIRE_USDG_50pct,2026-07-19T11:38:26+00:00,13810718,0xec281d2898e7113c662dca463612a93d3256e9a9167f504304cce59dcee33996,0x8fb79468b6273de01370f01d0ba7784c1753a820,0x1d4b86491ec211257cbedd77a4380a7494624eff,USDG_TO_FIRE,0.000000000000000000,4252.568018436525817077,2.399683,0.000000,500000,0,500000,0.5,0,1.1998415,25096.0,250084,False,False,False,False,0xe49193acd219557a150e35ccc2a66f89c42482e6,188625,0xc12625aa205d211277fb1baef4cdffb5d3a0fa3d07a61c884346584f0f44683e
FIRE_USDG_50pct,2026-07-19T19:13:45+00:00,14082950,0x14283a05f30a447b262da41ab17d8f6980b8b3ebea7a76271575c333cc2c8ce8,0x56c262027e0de4aea31d2489529cb25d23e58a8b,0x1d4b86491ec211257cbedd77a4380a7494624eff,USDG_TO_FIRE,0.000000000000000000,3204.349079964868771039,2.025542,0.000000,500000,0,500000,0.5,0,1.0127710,10729.0,106804,False,False,False,False,0xe49193acd219557a150e35ccc2a66f89c42482e6,188625,0x481f68e2ee7c5cff83f2802d97f6d28e500c2d5ac7ec4181861e9d05fb05e844
FIRE_USDG_50pct,2026-07-19T20:41:00+00:00,14135073,0xa30c8dfb92d8089db882a9f4d59ee6ffb702cf2771186fb7deaabee434604a96,0x28cedb4c754e2862e703c7d6c3d1518f65965bc2,0x1d4b86491ec211257cbedd77a4380a7494624eff,USDG_TO_FIRE,0.000000000000000000,36482.046275684189822002,32.392528,0.000000,500000,0,500000,0.5,0,16.1962640,5494.0,54681,False,False,False,False,0xe49193acd219557a150e35ccc2a66f89c42482e6,188625,0x481f68e2ee7c5cff83f2802d97f6d28e500c2d5ac7ec4181861e9d05fb05e844
FIRE_USDG_40pct,2026-07-19T23:32:39+00:00,14237570,0x3e466a114201b49f0cbfed3fcd43936747018320633615f6b0b7fd71e82bddf2,0xada5bb90d0de0bd1b6f3938708f49295a8d1f7cb,0x1d4b86491ec211257cbedd77a4380a7494624eff,USDG_TO_FIRE,0.000000000000000000,305.646841154775355889,0.305079,0.000000,400000,0,400000,0.4,0,0.1220316,192179.0,1916828,False,False,False,False,0xc6312da2663570a2aee12b27a0c6da4683339acd,206269,0xd9862f8996e3a70af5824012d58fcaa59412d117ba354fd0ab4cf4518a28a921
FIRE_USDG_50pct,2026-07-19T23:32:39+00:00,14237570,0x3e466a114201b49f0cbfed3fcd43936747018320633615f6b0b7fd71e82bddf2,0xada5bb90d0de0bd1b6f3938708f49295a8d1f7cb,0x1d4b86491ec211257cbedd77a4380a7494624eff,USDG_TO_FIRE,0.000000000000000000,1971.845331685833118507,2.442840,0.000000,500000,0,500000,0.5,0,1.2214200,108013.0,1076886,False,False,False,False,0xe49193acd219557a150e35ccc2a66f89c42482e6,188625,0x081632f75b2b25452bc6e3406084b603f67787006e134bc59f1e3b1550494e41
FIRE_USDG_50pct,2026-07-20T18:14:36+00:00,14908389,0xdbc40344423d1d55585f0c7dd2f6757711e58d95d1e77308f242662932ec940c,0xabb2acd3be814a80e502575d6c1dc5f789e9cd10,0x1d4b86491ec211257cbedd77a4380a7494624eff,USDG_TO_FIRE,0.000000000000000000,1809.116665259475200635,2.308693,0.000000,500000,0,500000,0.5,0,1.1543465,40696.0,406067,False,False,False,False,0xe49193acd219557a150e35ccc2a66f89c42482e6,188625,0x081632f75b2b25452bc6e3406084b603f67787006e134bc59f1e3b1550494e41
FIRE_USDG_40pct,2026-07-21T06:04:32+00:00,15333407,0x6110c258c007d8d68d3e6e6a4974b761396e3dbc2d771a84bc99411297320e66,0xe93bc5b2088eac5b7bf3aabb6db9a40b079f5ffc,0x8876789976decbfcbbbe364623c63652db8c0904,FIRE_TO_USDG,438.907082984068813141,0.000000000000000000,0.000000,0.161631,400000,0,400000,0.4,175.5628331936275252564,0,82266.0,820991,False,False,False,False,0xc6312da2663570a2aee12b27a0c6da4683339acd,206269,0xd9862f8996e3a70af5824012d58fcaa59412d117ba354fd0ab4cf4518a28a921
FIRE_USDG_50pct,2026-07-23T02:17:11+00:00,16921697,0xe4cffb310bebeb8f92a033bcb64e0c008e674a1b094f69ddafc6d002e605e98d,0xc347db1b9077ebbc43ee1474b9866eab97ecb386,0x8876789976decbfcbbbe364623c63652db8c0904,USDG_TO_FIRE,0.000000000000000000,5713.927149821691306060,7.693829,0.000000,500000,0,500000,0.5,0,3.8469145,697.0,6965,False,False,False,True,0xe49193acd219557a150e35ccc2a66f89c42482e6,188625,0x56d6e67719dd0b949f768110ede6fdc3994e5af0d80599ce289692e952cfdf41
FIRE_USDG_50pct,2026-07-23T02:50:44+00:00,16941808,0x6e89ac0d807b28131b3b4045846fb880a7645a0cb7651771986b2ee74545d1a4,0x88f31d614d5f1923c9e05221b5e72762b7325594,0x8876789976decbfcbbbe364623c63652db8c0904,USDG_TO_FIRE,0.000000000000000000,85316.533642377186554374,317.167350,0.000000,500000,0,500000,0.5,0,158.5836750,39.0,383,False,True,True,True,0xe49193acd219557a150e35ccc2a66f89c42482e6,188625,0x1f64fedd96f9b9a9141884dcbacdf9e1ddd9ee85f2bd50406cb2dc4ca4f194a3
FIRE_USDG_40pct,2026-07-23T02:50:44+00:00,16941808,0xa4e39d0debeb8cf3a264bfd853c39b998f357c5dc55a9cab760b54112e0bd40f,0x435cd90a7f63f260470b98173dd3f67b396e0c30,0x877b85f7cd10ec2b42aba6d6f055f17417f9130e,USDG_TO_FIRE,0.000000000000000000,1187.660410147979335619,3.395710,0.000000,400000,0,400000,0.4,0,1.3582840,1662.0,16567,False,False,False,True,0xc6312da2663570a2aee12b27a0c6da4683339acd,206269,0x387ea9907e075473b1587e6deb376c05838ea6b220b69b07b47b9d0d7efc11ec
FIRE_USDG_50pct,2026-07-23T02:50:44+00:00,16941808,0x2ad27c41fc2e78348a7b3768167319d33f6e3484e4cdccb5ae8eac03eda82ad1,0xb4864f7f85eb2fdbd58b4293a2b9bd684fb13336,0xa633c73658857d5241fe21d43f854a82e2d0592c,FIRE_TO_USDG,67849.172951375071453367,0.000000000000000000,0.000000,100.907144,500000,0,500000,0.5,33924.5864756875357266835,0,39.0,383,False,True,True,True,0xe49193acd219557a150e35ccc2a66f89c42482e6,188625,0x1f64fedd96f9b9a9141884dcbacdf9e1ddd9ee85f2bd50406cb2dc4ca4f194a3
FIRE_USDG_40pct,2026-07-23T02:50:44+00:00,16941809,0xade3300f80d779fec5edc269e80015c727d1a225cc2fe5ea7bb120eaf2701924,0x000043499317f9f18a14a9059cbb94e2c72d71a6,0xf094e5ac95a1f7120bc4a17296e41677e1dcd1ba,FIRE_TO_USDG,740.655069957590656425,0.000000000000000000,0.000000,1.353015,400000,0,400000,0.4,296.2620279830362625700,0,1662.0,16566,False,False,False,True,0xc6312da2663570a2aee12b27a0c6da4683339acd,206269,0x387ea9907e075473b1587e6deb376c05838ea6b220b69b07b47b9d0d7efc11ec
FIRE_USDG_50pct,2026-07-23T02:56:07+00:00,16945015,0x64a1b87235edb8fce25e9797dd1b136374359256b00edc9f48a966f7a5f7c27e,0x43370308b53e3611521ba48e2f7632a5644d7b1f,0x1d4b86491ec211257cbedd77a4380a7494624eff,FIRE_TO_USDG,2144.511156283800000000,0.000000000000000000,0.000000,1.901863,500000,0,500000,0.5,1072.2555781419000000000,0,179.0,1791,False,False,True,True,0x1aa511c41636dc4e1dafe5092157eb606da01d03,207093,0x81af3362076ee5b69560a595a8d8a02d5f382ddd2dfefcb51e8da5ef9607715c
FIRE_USDG_50pct,2026-07-23T02:59:40+00:00,16947150,0x68bd9a33708ae4c5d59865eff34299b17d489d38e8bbacbd7bd6b275ee14ad85,0x6113eecea9998199825a9df4811368f069d85a50,0xa633c73658857d5241fe21d43f854a82e2d0592c,FIRE_TO_USDG,10056.757631731669708092,0.000000000000000000,0.000000,8.325636,500000,0,500000,0.5,5028.3788158658348540460,0,14.0,138,False,True,True,True,0x1aa511c41636dc4e1dafe5092157eb606da01d03,207093,0x90da9fc04016fc26235a47f81b563d685236df70788c2b900b021cf5764e46d4
FIRE_USDG_50pct,2026-07-23T03:00:49+00:00,16947830,0x82bc076a2241578680e29ae97fb5245654c4b63a63c756d4257c3ef2aa407ad8,0x81a514664f5330b7b9f131691c67a1895a2f4bc6,0x4dbfd2ea0fa92f7f4e695078abb905395a24c113,FIRE_TO_USDG,5404.405841889779492892,0.000000000000000000,0.000000,4.114279,500000,0,500000,0.5,2702.2029209448897464460,0,173.0,1733,False,False,True,True,0x1aa511c41636dc4e1dafe5092157eb606da01d03,207093,0xaad3448541224956651a646fef70958f167ae4e97e1a19a9d8936426473c4695
FIRE_USDG_50pct,2026-07-23T03:27:15+00:00,16963641,0x097b2738e51cb10e5e345239b790a8c23a26263ccdb25a9229f7e264eb799021,0x4337016838785634c63fce393bfc6222564436c4,0x1d4b86491ec211257cbedd77a4380a7494624eff,FIRE_TO_USDG,4144.008340027574371295,0.000000000000000000,0.000000,3.023953,500000,0,500000,0.5,2072.0041700137871856475,0,938.0,9338,False,False,False,True,0xe49193acd219557a150e35ccc2a66f89c42482e6,188625,0x3c3ca86ec2bae01377d515fdbe0aab5da48a2eff5d343308e840b2ce47b34b28
FIRE_USDG_50pct,2026-07-23T03:31:52+00:00,16966396,0xca79f4c1188e23915caf67d7e9ccb19b9b25309c0a8d24ec2ab6b2541b359afe,0x4337021d22bcd0775a0fd1b4a6665051dc15d995,0x1d4b86491ec211257cbedd77a4380a7494624eff,FIRE_TO_USDG,2687.147082643713950290,0.000000000000000000,0.000000,1.913554,500000,0,500000,0.5,1343.5735413218569751450,0,661.0,6583,False,False,False,True,0xe49193acd219557a150e35ccc2a66f89c42482e6,188625,0x3c3ca86ec2bae01377d515fdbe0aab5da48a2eff5d343308e840b2ce47b34b28
FIRE_USDG_50pct,2026-07-23T05:59:24+00:00,17054619,0x1b7c5c26aa9724794d5b9685cb306f0c9dc05a8811a5d2caf734c6b5a1446268,0x43370188473a398394e4ba4a7c7cbb2c6265e22a,0x1d4b86491ec211257cbedd77a4380a7494624eff,FIRE_TO_USDG,4013.434474768100000000,0.000000000000000000,0.000000,2.792735,500000,0,500000,0.5,2006.7172373840500000000,0,4959.0,49507,False,False,False,False,0x7777de7a669c6e76e059fae0e15a0ea041fd752c,211961,0xff6916af95d56493b9a7aff81345c0a66627e85c9d237517ba1bf6a26b7b7c24
FIRE_USDG_50pct,2026-07-23T07:01:07+00:00,17091606,0x616497045b34695e337365193eec01f16b9a7a0b6e33b440a399afdc02bfd7f2,0xe31d840638fe966b603ae515e6b52c9bdd4e0ecc,0x8876789976decbfcbbbe364623c63652db8c0904,USDG_TO_FIRE,0.000000000000000000,3527.461240440544936011,9.921041,0.000000,500000,0,500000,0.5,0,4.9605205,1256.0,12520,False,False,False,True,0x7777de7a669c6e76e059fae0e15a0ea041fd752c,211961,0xff6916af95d56493b9a7aff81345c0a66627e85c9d237517ba1bf6a26b7b7c24
FIRE_USDG_40pct,2026-07-23T12:44:10+00:00,17296836,0xf50ffe042627593be4497336916db1f1ff1386c3e9a1055da47b66365dfa06f7,0x35f17f653000b663c3f28667bcd68b2e17d460d7,0x1d4b86491ec211257cbedd77a4380a7494624eff,FIRE_TO_USDG,249.600000000000000000,0.000000000000000000,0.000000,0.211696,400000,0,400000,0.4,99.8400000000000000000,0,46542.0,464312,False,False,False,False,0x490f1d47c41ba36f103a8db40b3c4db532b41899,317145,0x2e8ae5fcf95e1226df4a4f5b22467cc11ac02dd86b2763598d13b68e92686488
FIRE_USDG_50pct,2026-07-23T12:44:10+00:00,17296836,0xf50ffe042627593be4497336916db1f1ff1386c3e9a1055da47b66365dfa06f7,0x35f17f653000b663c3f28667bcd68b2e17d460d7,0x1d4b86491ec211257cbedd77a4380a7494624eff,FIRE_TO_USDG,4000.553280000000000000,0.000000000000000000,0.000000,2.838584,500000,0,500000,0.5,2000.2766400000000000000,0,1489.0,14856,False,False,False,True,0x7777de7a669c6e76e059fae0e15a0ea041fd752c,211961,0xac289a793c853b85f69863325a1b8ac85b0400af43c7c51cc080433535aa9984
FIRE_USDG_50pct,2026-07-23T12:45:47+00:00,17297811,0xb9502a70234e44da590669bafad43ccba5d1bdc3ff0ee130843da13ee40b7959,0xd71212080d90ffa50a80bff2af2ade6f99f29b96,0x1521027b665fa38fa4a642991607ad708376dd7b,FIRE_TO_USDG,10484.089738386815393565,0.000000000000000000,0.000000,7.055577,500000,0,500000,0.5,5242.0448691934076967825,0,1392.0,13881,False,False,False,True,0x7777de7a669c6e76e059fae0e15a0ea041fd752c,211961,0xac289a793c853b85f69863325a1b8ac85b0400af43c7c51cc080433535aa9984
FIRE_USDG_50pct,2026-07-23T12:46:01+00:00,17297948,0x630c9b30fa769998cca874382f6ce605547baff0d96be7a5f15a2778cb2bd549,0x35f17f653000b663c3f28667bcd68b2e17d460d7,0x1d4b86491ec211257cbedd77a4380a7494624eff,FIRE_TO_USDG,8499.900000000000000000,0.000000000000000000,0.000000,5.345215,500000,0,500000,0.5,4249.9500000000000000000,0,1378.0,13744,False,False,False,True,0x7777de7a669c6e76e059fae0e15a0ea041fd752c,211961,0xac289a793c853b85f69863325a1b8ac85b0400af43c7c51cc080433535aa9984
FIRE_USDG_50pct,2026-07-23T12:48:53+00:00,17299663,0xa97ad7f27d90da24c92f43509caac6d31a648688eae53f8eb698c43909a8d938,0xeeef618a70e663813331892ee129709845570a1f,0xa633c73658857d5241fe21d43f854a82e2d0592c,FIRE_TO_USDG,11772.949146217196068114,0.000000000000000000,0.000000,6.905387,500000,0,500000,0.5,5886.4745731085980340570,0,1206.0,12029,False,False,False,True,0x7777de7a669c6e76e059fae0e15a0ea041fd752c,211961,0xac289a793c853b85f69863325a1b8ac85b0400af43c7c51cc080433535aa9984
FIRE_USDG_50pct,2026-07-23T12:49:17+00:00,17299899,0x135bd717c3349de7177b85bdc54da7f302b9f20b3f31114010891e39108e4b5f,0x35f17f653000b663c3f28667bcd68b2e17d460d7,0x1d4b86491ec211257cbedd77a4380a7494624eff,FIRE_TO_USDG,7829.707789173716897405,0.000000000000000000,0.000000,4.301290,500000,0,500000,0.5,3914.8538945868584487025,0,1182.0,11793,False,False,False,True,0x7777de7a669c6e76e059fae0e15a0ea041fd752c,211961,0xac289a793c853b85f69863325a1b8ac85b0400af43c7c51cc080433535aa9984
FIRE_USDG_40pct,2026-07-24T01:17:53+00:00,17748013,0x97b9df076fe1a90f52805aa1e411b3aea2d37c841459cb7e946b4df94e341ce7,0x0db8a59558dad8e67b5b4d4ea6aabf9f96bf075d,0xa687b664662b96b180346d699a6d5b42e9b05d31,FIRE_TO_USDG,5198.175976119336126776,0.000000000000000000,0.000000,3.395128,400000,0,400000,0.4,2079.2703904477344507104,0,1319.0,13135,False,False,False,True,0x490f1d47c41ba36f103a8db40b3c4db532b41899,317145,0x2e8ae5fcf95e1226df4a4f5b22467cc11ac02dd86b2763598d13b68e92686488
FIRE_USDG_50pct,2026-07-24T07:18:05+00:00,17963321,0x01db8a735a57fb324ebe09bbdf29dae1e3dd51d9224019b363d984cdf2a9ae09,0xeeef618a70e663813331892ee129709845570a1f,0xa633c73658857d5241fe21d43f854a82e2d0592c,FIRE_TO_USDG,17447.425309216939170156,0.000000000000000000,0.000000,8.909087,500000,0,500000,0.5,8723.7126546084695850780,0,5809.0,57877,False,False,False,False,0x490f1d47c41ba36f103a8db40b3c4db532b41899,320895,0x8424d96719075c2f92a821589ae7e7813974bbcf458d65a4872b96c7900f15c3
FIRE_USDG_50pct,2026-07-24T07:18:56+00:00,17963828,0x3197c6af0b19100f22c80abb90ddbdcd138ce555aee809b41b9e92a39029e604,0x95d5a1aa091655dbb5b61cf011b3288ac2f79f92,0xa633c73658857d5241fe21d43f854a82e2d0592c,FIRE_TO_USDG,36111.556464651566194848,0.000000000000000000,0.000000,16.045550,500000,0,500000,0.5,18055.7782323257830974240,0,5758.0,57370,False,False,False,False,0x490f1d47c41ba36f103a8db40b3c4db532b41899,320895,0x8424d96719075c2f92a821589ae7e7813974bbcf458d65a4872b96c7900f15c3
FIRE_USDG_40pct,2026-07-24T07:18:57+00:00,17963837,0x15fb712a8b6537854383ca2ad14d3d02eb1a0f8ef528600583ab23eccef738df,0x440e1da19f8569b5d92bc935707461a9f883df2f,0x5162700f6f252136cd8a2d7bb827b799f11a1a45,FIRE_TO_USDG,1072.629918981629669664,0.000000000000000000,0.000000,0.606295,400000,0,400000,0.4,429.0519675926518678656,0,5814.0,57937,False,False,False,False,0x490f1d47c41ba36f103a8db40b3c4db532b41899,310338,0x993156d205dbe03e242459ac81324b8912b45c4d851e824b0fa16d50f0d1c60a
FIRE_USDG_50pct,2026-07-24T15:59:45+00:00,18275318,0xdd2baecce69e798ff7544f26b3a478120a04234ba17b12e4573e8c6e34299802,0x44bdba794fe26ed60e2229451c73eb2097f82363,0x8876789976decbfcbbbe364623c63652db8c0904,USDG_TO_FIRE,0.000000000000000000,102356.427318475773171212,329.501189,0.000000,500000,0,500000,0.5,0,164.7505945,975.0,9726,False,False,False,True,0x271070932c8111fb474a3ef55b9a758fd6b115cc,201426,0x330b969b66d086318cf9f84bf21f95250f4d822b17e6c4622c26a6ce55cf7b9c
FIRE_USDG_40pct,2026-07-24T15:59:45+00:00,18275318,0xdd2baecce69e798ff7544f26b3a478120a04234ba17b12e4573e8c6e34299802,0x44bdba794fe26ed60e2229451c73eb2097f82363,0x8876789976decbfcbbbe364623c63652db8c0904,USDG_TO_FIRE,0.000000000000000000,15381.596957264336050664,47.076097,0.000000,400000,0,400000,0.4,0,18.8304388,1124.0,11219,False,False,False,True,0x1983824aa3cf023dfd233115e801520b9d49a258,315127,0xa84c333be19c06f41d7b2e95e29d2f8ef28c310927ef60b43b27ebf371a260d6
FIRE_USDG_40pct,2026-07-24T15:59:45+00:00,18275319,0x203f02389c183e2bc468da547fc60172b995b1f0ae25a73356fa8ab0751b1e08,0xb4864f7f85eb2fdbd58b4293a2b9bd684fb13336,0xa633c73658857d5241fe21d43f854a82e2d0592c,FIRE_TO_USDG,20892.766802045388296341,0.000000000000000000,0.000000,25.373037,400000,0,400000,0.4,8357.1067208181553185364,0,1124.0,11218,False,False,False,True,0x1983824aa3cf023dfd233115e801520b9d49a258,315127,0xa84c333be19c06f41d7b2e95e29d2f8ef28c310927ef60b43b27ebf371a260d6
FIRE_USDG_50pct,2026-07-24T15:59:45+00:00,18275319,0x4666c008a31e451e8d3c630dca2bbc42bc05f0cc3c9ad314b5c335bd4f0cf1a2,0xe858582b200ed580c840b8c24f37560a68406584,0xa633c73658857d5241fe21d43f854a82e2d0592c,FIRE_TO_USDG,113667.727045758834921391,0.000000000000000000,0.000000,117.384008,500000,0,500000,0.5,56833.8635228794174606955,0,975.0,9725,False,False,False,True,0x271070932c8111fb474a3ef55b9a758fd6b115cc,201426,0x330b969b66d086318cf9f84bf21f95250f4d822b17e6c4622c26a6ce55cf7b9c
FIRE_USDG_50pct,2026-07-24T16:01:37+00:00,18276435,0x540816d819d8654e93f3089de0b4df63db6f0599e805ac3c32614312540d7884,0x81a514664f5330b7b9f131691c67a1895a2f4bc6,0x4dbfd2ea0fa92f7f4e695078abb905395a24c113,FIRE_TO_USDG,7692.456909711918518112,0.000000000000000000,0.000000,5.015352,500000,0,500000,0.5,3846.2284548559592590560,0,863.0,8609,False,False,False,True,0x271070932c8111fb474a3ef55b9a758fd6b115cc,201426,0x330b969b66d086318cf9f84bf21f95250f4d822b17e6c4622c26a6ce55cf7b9c
FIRE_USDG_50pct,2026-07-24T16:04:25+00:00,18278116,0x70b1124c104e7f8dfe01737b5544dbecc861c3f25cf1bd56c46baf973971292f,0x43370308b53e3611521ba48e2f7632a5644d7b1f,0x1d4b86491ec211257cbedd77a4380a7494624eff,FIRE_TO_USDG,4045.059296016500000000,0.000000000000000000,0.000000,2.544418,500000,0,500000,0.5,2022.5296480082500000000,0,695.0,6928,False,False,False,True,0x271070932c8111fb474a3ef55b9a758fd6b115cc,201426,0x330b969b66d086318cf9f84bf21f95250f4d822b17e6c4622c26a6ce55cf7b9c
FIRE_USDG_50pct,2026-07-24T16:21:00+00:00,18288047,0x6c6b4aaa9824a3d21e7c0cea6b8310a1499f5d1f518e9cf7de9b8a1c8f9e4d08,0x433700890211c1c776c391d414cffd38efdd1811,0x8f10b468b06c6fd214b65f87778827f7d113f996,FIRE_TO_USDG,4657.832824098800000000,0.000000000000000000,0.000000,2.854402,500000,0,500000,0.5,2328.9164120494000000000,0,392.0,3912,False,False,False,True,0x271070932c8111fb474a3ef55b9a758fd6b115cc,201426,0x3ffc77dbd801bdefcbf3ea14307840566632204a18ad5b56c556c66fc3ed61f7
FIRE_USDG_40pct,2026-07-24T18:03:27+00:00,18349428,0xe535bead2b7617eea80045959cebf93a3891eddb5b96e1cb026683e725c489ab,0x29a8260a3f0e15b95cefb0d418b40f3e7439d121,0x8876789976decbfcbbbe364623c63652db8c0904,USDG_TO_FIRE,0.000000000000000000,6505.040111907775484193,15.314942,0.000000,400000,0,400000,0.4,0,6.1259768,1660.0,16595,False,False,False,True,0x490f1d47c41ba36f103a8db40b3c4db532b41899,310338,0xa954b827a375f5c0ed4c8012d14bb8f7fc4c56314cd1b6c99ca7167fcb78de0b
FIRE_USDG_50pct,2026-07-24T18:03:27+00:00,18349428,0xe535bead2b7617eea80045959cebf93a3891eddb5b96e1cb026683e725c489ab,0x29a8260a3f0e15b95cefb0d418b40f3e7439d121,0x8876789976decbfcbbbe364623c63652db8c0904,USDG_TO_FIRE,0.000000000000000000,22098.791559714068042002,61.261215,0.000000,500000,0,500000,0.5,0,30.6306075,398.0,3979,False,False,False,True,0x1aa511c41636dc4e1dafe5092157eb606da01d03,207093,0x796827c7bc8725250852f583c2e05a3f1e6ba9687e9d22250b4a7fe6cdc3760d
FIRE_USDG_40pct,2026-07-24T18:03:27+00:00,18349429,0x196f54a32b18ed5f42bf93c85c76bffbb0fa7d979dc8fa5a53260104d097b929,0xdf465f1a0ec31f5d14e8c61179b71e382f97e794,0x4c4353e0d893c9d3114b3ce1d9e4b802e687ad0d,FIRE_TO_USDG,9174.547736784783386280,0.000000000000000000,0.000000,8.038471,400000,0,400000,0.4,3669.8190947139133545120,0,1660.0,16594,False,False,False,True,0x490f1d47c41ba36f103a8db40b3c4db532b41899,310338,0xa954b827a375f5c0ed4c8012d14bb8f7fc4c56314cd1b6c99ca7167fcb78de0b
FIRE_USDG_50pct,2026-07-24T18:03:27+00:00,18349429,0xa61be5392ead1d2f84d2e9088f3312f8dbc91a029bb41df80361aac0223fbcec,0x95d5a1aa091655dbb5b61cf011b3288ac2f79f92,0xa633c73658857d5241fe21d43f854a82e2d0592c,FIRE_TO_USDG,18054.640133541986009067,0.000000000000000000,0.000000,13.536994,500000,0,500000,0.5,9027.3200667709930045335,0,398.0,3978,False,False,False,True,0x1aa511c41636dc4e1dafe5092157eb606da01d03,207093,0x796827c7bc8725250852f583c2e05a3f1e6ba9687e9d22250b4a7fe6cdc3760d
FIRE_USDG_50pct,2026-07-24T18:04:12+00:00,18349880,0x13976748c9ec47f275cf18ed6261210d8c36624e6fba3344a21b65d6fd4ff9d1,0x4337011463ef6bd863e47e7b5e743d2522261131,0x1d4b86491ec211257cbedd77a4380a7494624eff,FIRE_TO_USDG,4210.894902325255219588,0.000000000000000000,0.000000,2.939952,500000,0,500000,0.5,2105.4474511626276097940,0,353.0,3527,False,False,False,True,0x1aa511c41636dc4e1dafe5092157eb606da01d03,207093,0x796827c7bc8725250852f583c2e05a3f1e6ba9687e9d22250b4a7fe6cdc3760d
FIRE_USDG_50pct,2026-07-24T18:11:18+00:00,18354132,0x8ddbf89426cce4bade978c96eb5f25d0e0e04a71058ec9216f00351cefdb89f5,0x81a514664f5330b7b9f131691c67a1895a2f4bc6,0x4dbfd2ea0fa92f7f4e695078abb905395a24c113,FIRE_TO_USDG,6013.973716279913355675,0.000000000000000000,0.000000,4.073008,500000,0,500000,0.5,3006.9868581399566778375,0,1240.0,12394,False,False,False,True,0x490f1d47c41ba36f103a8db40b3c4db532b41899,320895,0xc65dd24fadb83e044a1cc56dcddfb9038b7f1cace8a6bf05b664db725f9b8f4e
FIRE_USDG_40pct,2026-07-24T18:13:43+00:00,18355595,0x07f95beee6e859751620fb5b61435266803c93b346862ad669318509124d2416,0x29a8260a3f0e15b95cefb0d418b40f3e7439d121,0x8876789976decbfcbbbe364623c63652db8c0904,USDG_TO_FIRE,0.000000000000000000,7114.192637628153100745,18.552387,0.000000,400000,0,400000,0.4,0,7.4209548,1044.0,10428,False,False,False,True,0x490f1d47c41ba36f103a8db40b3c4db532b41899,310338,0xa954b827a375f5c0ed4c8012d14bb8f7fc4c56314cd1b6c99ca7167fcb78de0b
FIRE_USDG_50pct,2026-07-24T18:13:43+00:00,18355595,0x07f95beee6e859751620fb5b61435266803c93b346862ad669318509124d2416,0x29a8260a3f0e15b95cefb0d418b40f3e7439d121,0x8876789976decbfcbbbe364623c63652db8c0904,USDG_TO_FIRE,0.000000000000000000,17266.146408910194183711,50.999880,0.000000,500000,0,500000,0.5,0,25.4999400,1095.0,10931,False,False,False,True,0x490f1d47c41ba36f103a8db40b3c4db532b41899,320895,0xc65dd24fadb83e044a1cc56dcddfb9038b7f1cace8a6bf05b664db725f9b8f4e
FIRE_USDG_40pct,2026-07-24T18:13:43+00:00,18355596,0xd9e13b883b337272b5fe7116a77c1cce3aab2b25bd5be1328633090937c46d85,0x718a74deadeb8bdcbcbf2fd0e228f4b41b92cab7,0x4c4353e0d893c9d3114b3ce1d9e4b802e687ad0d,FIRE_TO_USDG,13608.587737265113164578,0.000000000000000000,0.000000,12.338182,400000,0,400000,0.4,5443.4350949060452658312,0,1044.0,10427,False,False,False,True,0x490f1d47c41ba36f103a8db40b3c4db532b41899,310338,0xa954b827a375f5c0ed4c8012d14bb8f7fc4c56314cd1b6c99ca7167fcb78de0b
FIRE_USDG_50pct,2026-07-24T18:13:43+00:00,18355596,0x7228a91562d54ce26e73875288b1538ada3317fbdcce9cc194159c7f24a5959d,0x718a74deadeb8bdcbcbf2fd0e228f4b41b92cab7,0x4c4353e0d893c9d3114b3ce1d9e4b802e687ad0d,FIRE_TO_USDG,34286.605805212305816248,0.000000000000000000,0.000000,25.336289,500000,0,500000,0.5,17143.3029026061529081240,0,1095.0,10930,False,False,False,True,0x490f1d47c41ba36f103a8db40b3c4db532b41899,320895,0xc65dd24fadb83e044a1cc56dcddfb9038b7f1cace8a6bf05b664db725f9b8f4e
FIRE_USDG_50pct,2026-07-24T18:13:51+00:00,18355673,0xc8fcad2e39a6de9447fe52482c5313b47e37cd545a2f909cc4d43ca0de6fe4a5,0x81a514664f5330b7b9f131691c67a1895a2f4bc6,0x4dbfd2ea0fa92f7f4e695078abb905395a24c113,FIRE_TO_USDG,11405.319682199359951178,0.000000000000000000,0.000000,7.362431,500000,0,500000,0.5,5702.6598410996799755890,0,1087.0,10853,False,False,False,True,0x490f1d47c41ba36f103a8db40b3c4db532b41899,320895,0xc65dd24fadb83e044a1cc56dcddfb9038b7f1cace8a6bf05b664db725f9b8f4e
FIRE_USDG_50pct,2026-07-24T18:24:41+00:00,18362149,0x1347148cb39ca5001db1b7be88e91c25134e8bf2fa4920fdfd6b6ff450fe58ee,0x4337026d731283f9917fa3c9194d74809bfbec26,0x1d4b86491ec211257cbedd77a4380a7494624eff,FIRE_TO_USDG,6169.696621947221570347,0.000000000000000000,0.000000,3.792264,500000,0,500000,0.5,3084.8483109736107851735,0,437.0,4377,False,False,False,True,0x490f1d47c41ba36f103a8db40b3c4db532b41899,320895,0xc65dd24fadb83e044a1cc56dcddfb9038b7f1cace8a6bf05b664db725f9b8f4e
FIRE_USDG_50pct,2026-07-24T19:15:37+00:00,18392664,0x6fc8243a1777bbc97c0c443d6a6f4e8e03f631aadaf83cade8f566516b876729,0xeeef618a70e663813331892ee129709845570a1f,0xa633c73658857d5241fe21d43f854a82e2d0592c,FIRE_TO_USDG,27083.055780436666922823,0.000000000000000000,0.000000,15.410715,500000,0,500000,0.5,13541.5278902183334614115,0,5551.0,55389,False,False,False,False,0x1aa511c41636dc4e1dafe5092157eb606da01d03,207093,0x3cd15dd6c256f0ff05c47cb816558d6124425b9427be4d78819edc27eac19c22
FIRE_USDG_40pct,2026-07-24T19:15:37+00:00,18392665,0x8692c086e75f93ae5585a5e16c696342b1dec0282d116f758dd0aeab18ad94bb,0xfce111095e51bc515e2da7131524868ab27a6f08,0x7702e2e6b53114a037c45a89f855b52721a1c755,FIRE_TO_USDG,7961.945052512887918044,0.000000000000000000,0.000000,4.763326,400000,0,400000,0.4,3184.7780210051551672176,0,4497.0,44870,False,False,False,False,0x1983824aa3cf023dfd233115e801520b9d49a258,315127,0x43288cfad6f5a385c7a40ece37a8ccc931cbaa4c0a53d2530ac5dcdb5ff6e0c3
FIRE_USDG_50pct,2026-07-25T03:52:31+00:00,18701871,0x5343f529dde83de5a69f167746ef76f95f9350fe3a2c7e1f663e5caf9e71f257,0x4337007ab182ebe9cdb0bc4b96734c32176d44cc,0x1d4b86491ec211257cbedd77a4380a7494624eff,FIRE_TO_USDG,9850.281982333738489040,0.000000000000000000,0.000000,5.179130,500000,0,500000,0.5,4925.1409911668692445200,0,28755.0,285951,False,False,False,False,0x490f1d47c41ba36f103a8db40b3c4db532b41899,338210,0x684f4b9ae36f40ce64598cc63e44e990776c45f2440c45a9fae76d10ec08ecef
FIRE_USDG_40pct,2026-07-25T23:15:12+00:00,19396599,0x10e370f62978d95df058b0b38c81d162b72ada45c3edaf8213f65e79c316ff7f,0x1edb56b951d492a0f18b3adeab2f1880e487fa9f,0xbd665831a520182e944af92b23a317791c5d8efa,USDG_TO_FIRE,0.000000000000000000,1227.581665185769965718,1.863404,0.000000,400000,0,400000,0.4,0,0.7453616,63868.0,636434,False,False,False,False,0xd0010d99334e89b18f42c1517ad69675113878da,338831,0xa5ab1d58d0015e4b4ca00f9511dcf719abf8ebf8532c35b9dbb3ec91d651b7c2
FIRE_USDG_50pct,2026-07-25T23:40:30+00:00,19411729,0x655f24cffb634f7149ebe98a3b51834b234b933b9f9be86ad35d018b43c82c26,0xe71411ebb40224f0043d21ee440829156f4fab0a,0x8876789976decbfcbbbe364623c63652db8c0904,FIRE_TO_USDG,2543.000000000000000000,0.000000000000000000,0.000000,1.305911,500000,0,500000,0.5,1271.5000000000000000000,0,58094.0,578775,False,False,False,False,0x7777de7a669c6e76e059fae0e15a0ea041fd752c,211961,0x2c01e6a532b263bbba24de7b0d5791396ef8d9e7e6ace45bded0c8fe8a0096f3
FIRE_USDG_40pct,2026-07-26T07:21:38+00:00,19687264,0x08e50bfda808b7991599da01be574023be05212e60225203e5d1b8228b96c660,0x4337004ec9c1417f1c7a26ebd4b4fbed6acf9e5d,0x1d4b86491ec211257cbedd77a4380a7494624eff,FIRE_TO_USDG,6277.083525423276633932,0.000000000000000000,0.000000,3.323093,400000,0,400000,0.4,2510.8334101693106535728,0,34682.0,345769,False,False,False,False,0xd0010d99334e89b18f42c1517ad69675113878da,338831,0xa5ab1d58d0015e4b4ca00f9511dcf719abf8ebf8532c35b9dbb3ec91d651b7c2
FIRE_USDG_50pct,2026-07-26T07:22:12+00:00,19687599,0x08cd4620309c75d71b3b082eeb42b0827a7c1d7976872fdedbc2f7b9e748f213,0xfad4c8f1e71e4c56b87733bd916ff7cff46c6c29,0x8876789976decbfcbbbe364623c63652db8c0904,FIRE_TO_USDG,17789.370000000000000000,0.000000000000000000,0.000000,8.797432,500000,0,500000,0.5,8894.6850000000000000000,0,30392.0,302905,False,False,False,False,0x7777de7a669c6e76e059fae0e15a0ea041fd752c,211961,0x2c01e6a532b263bbba24de7b0d5791396ef8d9e7e6ace45bded0c8fe8a0096f3
FIRE_USDG_40pct,2026-07-26T12:05:15+00:00,19856776,0x995f21fea990685bc4d6228b95a68e1552cbd117e98f8587c8023f1ce01e9a51,0x1c7af9ef66af0c6eff165a085b2730ee07472b33,0x8876789976decbfcbbbe364623c63652db8c0904,USDG_TO_FIRE,0.000000000000000000,1318.901683627438157164,1.886080,0.000000,400000,0,400000,0.4,0,0.7544320,17665.0,176257,False,False,False,False,0xd0010d99334e89b18f42c1517ad69675113878da,338831,0xa5ab1d58d0015e4b4ca00f9511dcf719abf8ebf8532c35b9dbb3ec91d651b7c2
FIRE_USDG_40pct,2026-07-26T16:40:02+00:00,20021264,0x036c9da13f534059d5feb064f85e0c069caa48f3b157271b31ccd373406c8a29,0x4337019d937ebcbd73dd750072d86c1ce664b350,0x1d4b86491ec211257cbedd77a4380a7494624eff,FIRE_TO_USDG,4631.819918130973597053,0.000000000000000000,0.000000,2.334657,400000,0,400000,0.4,1852.7279672523894388212,0,1178.0,11769,False,False,False,True,0xd0010d99334e89b18f42c1517ad69675113878da,338831,0xa5ab1d58d0015e4b4ca00f9511dcf719abf8ebf8532c35b9dbb3ec91d651b7c2
FIRE_USDG_50pct,2026-07-26T18:01:54+00:00,20070357,0x32a82de7044d8291c285b99e8916182854087d625eae549d6611a5880500f06a,0xeeef618a70e663813331892ee129709845570a1f,0xa633c73658857d5241fe21d43f854a82e2d0592c,FIRE_TO_USDG,23711.958976087640488206,0.000000000000000000,0.000000,10.857514,500000,0,500000,0.5,11855.9794880438202441030,0,10299.0,102799,False,False,False,False,0x1aa511c41636dc4e1dafe5092157eb606da01d03,207093,0xc3eba761bbf6ac6b0e4b1d74894ef835540a7424a94263c36a3a73103837bd40
FIRE_USDG_40pct,2026-07-26T18:49:27+00:00,20098837,0x64fa0aa1c397a6b32f8bdff2c53a9bb079e8ce156b5418351aa19d9b8c41e791,0x433702948d7be4201a2bcee6c349ad807c547a5d,0x8f10b468b06c6fd214b65f87778827f7d113f996,FIRE_TO_USDG,5201.553144158262515977,0.000000000000000000,0.000000,2.401443,400000,0,400000,0.4,2080.6212576633050063908,0,6332.0,63204,False,False,False,False,0x1983824aa3cf023dfd233115e801520b9d49a258,315127,0x7efe9a1d9b30f8578be9ed888ca08745f2c40d68a78023a209fee8d2facd996c
FIRE_USDG_50pct,2026-07-26T20:05:24+00:00,20144334,0x159c64034d5948d14b90f97676149c33a011450b07ee183bb126ea07076eb581,0xeeef618a70e663813331892ee129709845570a1f,0xa633c73658857d5241fe21d43f854a82e2d0592c,FIRE_TO_USDG,24914.903859646360027202,0.000000000000000000,0.000000,10.443262,500000,0,500000,0.5,12457.4519298231800136010,0,2889.0,28822,False,False,False,True,0x1aa511c41636dc4e1dafe5092157eb606da01d03,207093,0xc3eba761bbf6ac6b0e4b1d74894ef835540a7424a94263c36a3a73103837bd40
FIRE_USDG_40pct,2026-07-26T20:06:09+00:00,20144775,0x50cfbe113e3513708e67281c4deb85eb8e812cb71adab1de79c9c84bd9d67076,0xfce11108e69699329c11e0882af3570a9825ad1d,0x7702e2e6b53114a037c45a89f855b52721a1c755,FIRE_TO_USDG,4769.924514490593237783,0.000000000000000000,0.000000,2.015483,400000,0,400000,0.4,1907.9698057962372951132,0,1730.0,17266,False,False,False,True,0x1983824aa3cf023dfd233115e801520b9d49a258,315127,0x7efe9a1d9b30f8578be9ed888ca08745f2c40d68a78023a209fee8d2facd996c
FIRE_USDG_50pct,2026-07-26T20:09:37+00:00,20146865,0x61765728c828a35c2745888d4f902b426a0fc9bc6cbb7a5b2f1402c53b34e319,0x81a514664f5330b7b9f131691c67a1895a2f4bc6,0x4dbfd2ea0fa92f7f4e695078abb905395a24c113,FIRE_TO_USDG,11100.578178142172930857,0.000000000000000000,0.000000,4.366887,500000,0,500000,0.5,5550.2890890710864654285,0,2636.0,26291,False,False,False,True,0x1aa511c41636dc4e1dafe5092157eb606da01d03,207093,0xc3eba761bbf6ac6b0e4b1d74894ef835540a7424a94263c36a3a73103837bd40
FIRE_USDG_50pct,2026-07-26T20:11:40+00:00,20148080,0x7e9eca7202bd22a619e43374079762d3725518751b8b6b337966c5628cb621d1,0xeeef618a70e663813331892ee129709845570a1f,0xa633c73658857d5241fe21d43f854a82e2d0592c,FIRE_TO_USDG,32144.708489786454496006,0.000000000000000000,0.000000,11.760721,500000,0,500000,0.5,16072.3542448932272480030,0,2513.0,25076,False,False,False,True,0x1aa511c41636dc4e1dafe5092157eb606da01d03,207093,0xc3eba761bbf6ac6b0e4b1d74894ef835540a7424a94263c36a3a73103837bd40
FIRE_USDG_40pct,2026-07-26T20:11:40+00:00,20148081,0xd932ac75d98c17d4657d10968a80e5ad91f6a42c3ff29bcbc118e19b21585bfe,0xb18192f07549bd799d4ac5ca8f93aaa722454118,0x66553d3b26eef6021b5de73c1dd0ce3067d7da79,FIRE_TO_USDG,8292.703232242722426001,0.000000000000000000,0.000000,3.140493,400000,0,400000,0.4,3317.0812928970889704004,0,1399.0,13960,False,False,False,True,0x1983824aa3cf023dfd233115e801520b9d49a258,315127,0x7efe9a1d9b30f8578be9ed888ca08745f2c40d68a78023a209fee8d2facd996c
FIRE_USDG_40pct,2026-07-26T22:46:18+00:00,20240624,0x0e8761a434d77192d252711ea37f5bf9036540543cc62b7b302ac27cb97c98bc,0x4337007ab182ebe9cdb0bc4b96734c32176d44cc,0x8f10b468b06c6fd214b65f87778827f7d113f996,FIRE_TO_USDG,6844.643200800300000000,0.000000000000000000,0.000000,2.296555,400000,0,400000,0.4,2737.8572803201200000000,0,7347.0,73265,False,False,False,False,0xe49193acd219557a150e35ccc2a66f89c42482e6,346112,0x56c1a377440dbd45996cbed256d0163418be0473a93e69ef7d9ce6c1d70d9e56
FIRE_USDG_40pct,2026-07-27T01:56:41+00:00,20354494,0xeae961abe0dad41cd8dbc210dd09d13f0b60b847416bf4bdeb45f9ba83062cc9,0xf71eaa3a1be24fe2f1deef742269c31a911ce754,0x8876789976decbfcbbbe364623c63652db8c0904,USDG_TO_FIRE,0.000000000000000000,60488.766116479796731176,187.577479,0.000000,400000,0,400000,0.4,0,75.0309916,698.0,6957,False,False,False,True,0x1983824aa3cf023dfd233115e801520b9d49a258,315127,0xaca1213923dafab1f0c8f8083f49fcaeceb993bc7d0076806dd3f90194830921
FIRE_USDG_50pct,2026-07-27T01:56:41+00:00,20354494,0xeae961abe0dad41cd8dbc210dd09d13f0b60b847416bf4bdeb45f9ba83062cc9,0xf71eaa3a1be24fe2f1deef742269c31a911ce754,0x8876789976decbfcbbbe364623c63652db8c0904,USDG_TO_FIRE,0.000000000000000000,194778.411696457223506270,750.110459,0.000000,500000,0,500000,0.5,0,375.0552295,602.0,6003,False,False,False,True,0x2179ecfa0619c125ca0fd28599cede9c239fbf2b,320817,0x8cde6d0a86b2105b34dfcc3719ecbf25846716521af54a4f10bc3a138f5b9526
FIRE_USDG_40pct,2026-07-27T01:56:41+00:00,20354494,0x0be0c91ceeda08475fd42d59888d493ffb781ec44de77cfb71a82e00081f2286,0xb4864f7f85eb2fdbd58b4293a2b9bd684fb13336,0xa633c73658857d5241fe21d43f854a82e2d0592c,FIRE_TO_USDG,67127.140408248481071287,0.000000000000000000,0.000000,98.461223,400000,0,400000,0.4,26850.8561632993924285148,0,698.0,6957,False,False,False,True,0x1983824aa3cf023dfd233115e801520b9d49a258,315127,0xaca1213923dafab1f0c8f8083f49fcaeceb993bc7d0076806dd3f90194830921
FIRE_USDG_50pct,2026-07-27T01:56:41+00:00,20354494,0xc9ad3062f9b616ef1b1d1f668fed160c1fed586ca38e50519434bf327a927489,0xb4864f7f85eb2fdbd58b4293a2b9bd684fb13336,0xa633c73658857d5241fe21d43f854a82e2d0592c,FIRE_TO_USDG,242789.715939615956768342,0.000000000000000000,0.000000,307.984610,500000,0,500000,0.5,121394.8579698079783841710,0,602.0,6003,False,False,False,True,0x2179ecfa0619c125ca0fd28599cede9c239fbf2b,320817,0x8cde6d0a86b2105b34dfcc3719ecbf25846716521af54a4f10bc3a138f5b9526
FIRE_USDG_50pct,2026-07-27T01:56:41+00:00,20354496,0x06a96fea1c1aad20fa91232e5c83485a739e6059448bb34c8380734375db8fb9,0x8c8ad14cbebc65c6af15c484098c501f08ecb611,0x000000000022b747bc1057d9497efe6d1c69296f,FIRE_TO_USDG,21687.851687645210500907,0.000000000000000000,0.000000,12.473195,500000,0,500000,0.5,10843.9258438226052504535,0,602.0,6001,False,False,False,True,0x2179ecfa0619c125ca0fd28599cede9c239fbf2b,320817,0x8cde6d0a86b2105b34dfcc3719ecbf25846716521af54a4f10bc3a138f5b9526
FIRE_USDG_50pct,2026-07-27T02:14:55+00:00,20365401,0xa7572b706ba4e0e23fe3fcb2dcb278da6ce2d46142f80cd381aa1990da44b9bd,0x1983824aa3cf023dfd233115e801520b9d49a258,0xa687b664662b96b180346d699a6d5b42e9b05d31,FIRE_TO_USDG,6041.599301933559037967,0.000000000000000000,0.000000,3.285166,500000,0,500000,0.5,3020.7996509667795189835,0,1951.0,19435,False,False,False,True,0x7777de7a669c6e76e059fae0e15a0ea041fd752c,211961,0x03b2fc2ac86c4a67e0ab8cb35176b73447c63664b6640dcc69e12a0864267aee
FIRE_USDG_50pct,2026-07-27T02:36:24+00:00,20378248,0x8833948f0f6bc8398085162f19834336a3dc0abdca62c38ba0270525dba04c61,0xeeef618a70e663813331892ee129709845570a1f,0xa633c73658857d5241fe21d43f854a82e2d0592c,FIRE_TO_USDG,16871.593431305127605539,0.000000000000000000,0.000000,8.830009,500000,0,500000,0.5,8435.7967156525638027695,0,662.0,6588,False,False,False,True,0x7777de7a669c6e76e059fae0e15a0ea041fd752c,211961,0x03b2fc2ac86c4a67e0ab8cb35176b73447c63664b6640dcc69e12a0864267aee
FIRE_USDG_40pct,2026-07-27T02:43:33+00:00,20382514,0x88de39808ac0335c509d0a853382fef16634d9d4d5d185b468ecb158982d60a8,0x4337012eaf1f862b8dbdc6b62a01782ae01ef038,0x1d4b86491ec211257cbedd77a4380a7494624eff,FIRE_TO_USDG,11832.388973902900000000,0.000000000000000000,0.000000,5.938436,400000,0,400000,0.4,4732.9555895611600000000,0,374.0,3725,False,False,False,True,0x1983824aa3cf023dfd233115e801520b9d49a258,315127,0x729384ff8ae5a551ded020ebfd1c04ffd6a30902bca0d794a48e361dee98a19e
FIRE_USDG_50pct,2026-07-27T02:54:38+00:00,20389139,0x0300e25418ec3059428f74fb8cf1e8853b2fbb6f565d8041f85572e9e49fd3b8,0x4337017d2e3f5e4160a27f6fdbdc38719343c62f,0x1d4b86491ec211257cbedd77a4380a7494624eff,FIRE_TO_USDG,18519.330374870378660465,0.000000000000000000,0.000000,9.175924,500000,0,500000,0.5,9259.6651874351893302325,0,307.0,3062,False,False,False,True,0x2179ecfa0619c125ca0fd28599cede9c239fbf2b,320817,0x55525489698fea964178b285edfcc41e8f3fa8a8604dd6334071ab5403cbe5e2
FIRE_USDG_50pct,2026-07-27T07:58:29+00:00,20570751,0x717b53794bff024222a3df8e55a6be6e967e6f66b4a6139a7ad4978d78854e5b,0xeeef618a70e663813331892ee129709845570a1f,0xa633c73658857d5241fe21d43f854a82e2d0592c,FIRE_TO_USDG,27319.312801774250434606,0.000000000000000000,0.000000,12.700519,500000,0,500000,0.5,13659.6564008871252173030,0,17472.0,173995,False,False,False,False,0x1aa511c41636dc4e1dafe5092157eb606da01d03,207093,0x055a01d5f1c03b136f826604c977271fd16ce34f693bd6f7e50cc342dc8dc076
FIRE_USDG_50pct,2026-07-27T13:06:16+00:00,20754676,0x5717d76e8646d3e2983d565210ccc95b5cb61ae0d81c82a84d5b0eb8b175ea65,0x43370330be39d388f6219d8241dc1f76fb9df268,0xaa61254627b7392b0bc922097b10eb0587db2be7,FIRE_TO_USDG,4679.502885037473162617,0.000000000000000000,0.000000,2.084315,500000,0,500000,0.5,2339.7514425187365813085,0,7934.0,79210,False,False,False,False,0x271070932c8111fb474a3ef55b9a758fd6b115cc,201426,0xd2535a2507fe8e56e06551901bf7ba63cdcd301988c8c271d0fb32aab0e2ce5c
FIRE_USDG_50pct,2026-07-27T13:17:55+00:00,20761649,0x21a046825df41f82a72ba52a52a2be46f7a609f56f8bad6d11fc9a7b41683aa8,0x2f878417db3b6a61388bb620ff4f8be745cae66e,0x000000000022b747bc1057d9497efe6d1c69296f,FIRE_TO_USDG,15233.809888027889935889,0.000000000000000000,0.000000,6.620461,500000,0,500000,0.5,7616.9049440139449679445,0,7235.0,72237,False,False,False,False,0x271070932c8111fb474a3ef55b9a758fd6b115cc,201426,0xd2535a2507fe8e56e06551901bf7ba63cdcd301988c8c271d0fb32aab0e2ce5c
FIRE_USDG_40pct,2026-07-27T13:55:17+00:00,20784022,0xdfef287a4a46121ca8bce8e9dc1052af434cced44422621119ed86088c727c21,0x4337002c5702ce424cb62a56ca038e31e1d4a93d,0xaa61254627b7392b0bc922097b10eb0587db2be7,FIRE_TO_USDG,9346.342264231900000000,0.000000000000000000,0.000000,3.951908,400000,0,400000,0.4,3738.5369056927600000000,0,24137.0,239553,False,False,False,False,0xa1e4bca023d741bd8d8609875ceef2abd8d755a3,371611,0x0a473eb4f8648079e0c5cde5a828e7f6e1760fd3d8453802c2b6c00aa0063cd3
FIRE_USDG_50pct,2026-07-28T13:55:37+00:00,21644109,0xe45e9e6555225d6c299a1df3203c1249435eab2d5c5bba926cbbac17e06ccb8d,0xeeef618a70e663813331892ee129709845570a1f,0xa633c73658857d5241fe21d43f854a82e2d0592c,FIRE_TO_USDG,19333.428118562622627049,0.000000000000000000,0.000000,8.004376,500500,1000,500000,0.4995,9657.0473452220300022109755,0,13485.0,134546,False,False,False,False,0x1aa511c41636dc4e1dafe5092157eb606da01d03,207093,0x36aafe4a3068683eb06eb003850782119b9854c9a04b9fa795b0f7c6c1010322
FIRE_USDG_50pct,2026-07-28T20:26:19+00:00,21877909,0x439a8d1caadc97c6755558c5a9956af17cce236c337859eae0ac2cf8a28de245,0xeeef618a70e663813331892ee129709845570a1f,0xa633c73658857d5241fe21d43f854a82e2d0592c,FIRE_TO_USDG,25946.912194350090121067,0.000000000000000000,0.000000,10.056027,500500,1000,500000,0.4995,12960.4826410778700154729665,0,256.0,2544,False,False,True,True,0xe49193acd219557a150e35ccc2a66f89c42482e6,188625,0x8ce9a4e8db0fbeaea91823e7ba35ab580519d51953727ac57eb1a7d611565002
FIRE_USDG_40pct,2026-07-28T20:29:47+00:00,21879972,0x7ff8e745d14ac0f798fe449114c5cd5dd58790df090b415c407e6218f7b0d407,0x4337013ef5cd421cef649fc58c1b0defd37bbeb1,0x39b38686a19836ac10162c490e4558e120cbbe5f,FIRE_TO_USDG,14769.654087059925000000,0.000000000000000000,0.000000,5.425599,400600,1000,400000,0.3996,5901.9537731891460300000000,0,1531.0,15272,False,False,False,True,0xa1e4bca023d741bd8d8609875ceef2abd8d755a3,371611,0x79d3a671239361b08e28950520e77ff8b440b95da4d771c5648be3896079d0c8
FIRE_USDG_50pct,2026-07-28T20:29:47+00:00,21879972,0x7ff8e745d14ac0f798fe449114c5cd5dd58790df090b415c407e6218f7b0d407,0x4337013ef5cd421cef649fc58c1b0defd37bbeb1,0x39b38686a19836ac10162c490e4558e120cbbe5f,FIRE_TO_USDG,26585.377356707865000000,0.000000000000000000,0.000000,9.567252,500500,1000,500000,0.4995,13279.3959896755785675000000,0,48.0,481,False,True,True,True,0xe49193acd219557a150e35ccc2a66f89c42482e6,188625,0x8ce9a4e8db0fbeaea91823e7ba35ab580519d51953727ac57eb1a7d611565002
FIRE_USDG_50pct,2026-07-28T21:42:28+00:00,21923483,0x958497332bd5c1f528a51f1bf7c5c6ea7ac4cd655eba8469bf337a722e3582c2,0x81a514664f5330b7b9f131691c67a1895a2f4bc6,0x4dbfd2ea0fa92f7f4e695078abb905395a24c113,FIRE_TO_USDG,9859.092733147160712298,0.000000000000000000,0.000000,3.374431,500500,1000,500000,0.4995,4924.6168202070067757928510,0,1477.0,14767,False,False,False,True,0xe49193acd219557a150e35ccc2a66f89c42482e6,188625,0x704dba3ba27bae334b6f9d44d652247b1a4eaa632e25a1bc24824318ee49fc30
FIRE_USDG_50pct,2026-07-28T21:43:39+00:00,21924200,0x82e9fb85e0fe84038419385fb8efea6eab1d9ede1c43d35bc5e1651ae5eb7307,0xeeef618a70e663813331892ee129709845570a1f,0xa633c73658857d5241fe21d43f854a82e2d0592c,FIRE_TO_USDG,43506.556947611045085913,0.000000000000000000,0.000000,13.883078,500500,1000,500000,0.4995,21731.5251953317170204135435,0,1406.0,14050,False,False,False,True,0xe49193acd219557a150e35ccc2a66f89c42482e6,188625,0x704dba3ba27bae334b6f9d44d652247b1a4eaa632e25a1bc24824318ee49fc30
FIRE_USDG_40pct,2026-07-28T21:43:39+00:00,21924200,0x119275105e06f56f32d36ae29651b8b96a1eac1744bcd82f913e2318dbf88ae9,0x7081e9256628cd654034195ecffca45993970625,0x66553d3b26eef6021b5de73c1dd0ce3067d7da79,FIRE_TO_USDG,15764.023492884888833073,0.000000000000000000,0.000000,5.147950,400600,1000,400000,0.3996,6299.3037877568015776959708,0,4046.0,40429,False,False,False,False,0xe49193acd219557a150e35ccc2a66f89c42482e6,346112,0x956f126752ada37f5aa65ff6c60db2eaab72009dcd51782b1a96d5398e616097
FIRE_USDG_50pct,2026-07-28T21:46:17+00:00,21925772,0xd14b2b298e0aba7e3d7d8606ffb2fba638bfe0adc9ed77c96dcc0098266d6ff8,0x81a514664f5330b7b9f131691c67a1895a2f4bc6,0x4dbfd2ea0fa92f7f4e695078abb905395a24c113,FIRE_TO_USDG,14731.232112448708568883,0.000000000000000000,0.000000,4.359980,500500,1000,500000,0.4995,7358.2504401681299301570585,0,1248.0,12478,False,False,False,True,0xe49193acd219557a150e35ccc2a66f89c42482e6,188625,0x704dba3ba27bae334b6f9d44d652247b1a4eaa632e25a1bc24824318ee49fc30
FIRE_USDG_40pct,2026-07-29T05:55:37+00:00,22218851,0x0511e8f74be617b6f6316f68a3bace2e6251428250b299f0da008ad606391890,0xfce111029a620c7aa50f3d85c2cefcf5ee70c236,0x7702e2e6b53114a037c45a89f855b52721a1c755,FIRE_TO_USDG,8452.711712134042363287,0.000000000000000000,0.000000,2.530893,400600,1000,400000,0.3996,3377.7036001687633283694852,0,3888.0,38713,False,False,False,False,0xa1e4bca023d741bd8d8609875ceef2abd8d755a3,371611,0xf8d51ff40ad5744d6740dc74144b860e8169b1f566845d1657bb6bb87c3d8f09
FIRE_USDG_50pct,2026-07-29T06:24:37+00:00,22236184,0x3df7ca6c08a92c68215340262df17a020dead9ac6ca3cb6297ae4079dad8f39b,0x338d0cd039d0f2511ae9858a2cbbe4d73052e0f6,0xa633c73658857d5241fe21d43f854a82e2d0592c,FIRE_TO_USDG,114537.794073174667583452,0.000000000000000000,0.000000,29.259643,500500,1000,500000,0.4995,57211.6281395507464579342740,0,1997.0,19868,False,False,False,True,0x2179ecfa0619c125ca0fd28599cede9c239fbf2b,320817,0x464fcc71911ccb997d0022cbb140561a9ad15188cee6d0f85abcfb3a710abd48
FIRE_USDG_40pct,2026-07-29T06:24:37+00:00,22236184,0x5ebebfc6ae2528cc2bd7054d5e632c23b2e8b31ccab07ea7ef3b3751318d42d2,0x7081e9256628cd654034195ecffca45993970625,0xc18410feffd9a42ec1a2f88e35cd74b80b8b3576,FIRE_TO_USDG,40492.914199143468317961,0.000000000000000000,0.000000,10.425325,400600,1000,400000,0.3996,16180.9685139777299398572156,0,2148.0,21380,False,False,False,True,0xa1e4bca023d741bd8d8609875ceef2abd8d755a3,371611,0xf8d51ff40ad5744d6740dc74144b860e8169b1f566845d1657bb6bb87c3d8f09
FIRE_USDG_50pct,2026-07-29T19:17:08+00:00,22698348,0xf355b30f08d7ee8cd63ed6c9e71b47d7f36a5fee2a6e7612f3aefd47af646864,0xeeef618a70e663813331892ee129709845570a1f,0xa633c73658857d5241fe21d43f854a82e2d0592c,FIRE_TO_USDG,37231.790359234830503653,0.000000000000000000,0.000000,8.048668,500500,1000,500000,0.4995,18597.2792844377978365746735,0,14195.0,141753,False,False,False,False,0xe49193acd219557a150e35ccc2a66f89c42482e6,188625,0x96b178c4794af3dc7403339dd56cbb30a20c21dd9827fad3585dfce0b51a3811
FIRE_USDG_40pct,2026-07-29T19:17:08+00:00,22698350,0x5784c7333801156d7e31782bd96754f6ce6597c3bf0cb4ffd99ec514d86ed909,0x0e4c51936a3f74b4ad06f16c9c0d4bc95b23b6de,0xb1b0edf036b72231e303a12f4a682191a356feb3,FIRE_TO_USDG,14171.590475008607335200,0.000000000000000000,0.000000,3.099868,400600,1000,400000,0.3996,5662.9675538134394911459200,0,7208.0,71935,False,False,False,False,0xe49193acd219557a150e35ccc2a66f89c42482e6,346112,0xea8ae9ad1ff3d7eff9c45aa3c01ba23aa88b3412867dc7826c477e64337322eb
FIRE_USDG_40pct,2026-07-29T19:18:19+00:00,22699058,0x20a5232eb7c5d688b2ec7815e59c6428c7c7c76f1ef6c0101e2f6fc272cb6886,0x4337013ef5cd421cef649fc58c1b0defd37bbeb1,0x39b38686a19836ac10162c490e4558e120cbbe5f,FIRE_TO_USDG,14069.262836430023721035,0.000000000000000000,0.000000,2.847275,400600,1000,400000,0.3996,5622.0774294374374789255860,0,7137.0,71227,False,False,False,False,0xe49193acd219557a150e35ccc2a66f89c42482e6,346112,0xea8ae9ad1ff3d7eff9c45aa3c01ba23aa88b3412867dc7826c477e64337322eb
FIRE_USDG_50pct,2026-07-29T19:18:19+00:00,22699058,0x20a5232eb7c5d688b2ec7815e59c6428c7c7c76f1ef6c0101e2f6fc272cb6886,0x4337013ef5cd421cef649fc58c1b0defd37bbeb1,0x39b38686a19836ac10162c490e4558e120cbbe5f,FIRE_TO_USDG,34179.237974372526762626,0.000000000000000000,0.000000,6.874319,500500,1000,500000,0.4995,17072.5293681990771179316870,0,14124.0,141043,False,False,False,False,0xe49193acd219557a150e35ccc2a66f89c42482e6,188625,0x96b178c4794af3dc7403339dd56cbb30a20c21dd9827fad3585dfce0b51a3811
FIRE_USDG_40pct,2026-07-30T08:01:13+00:00,23155534,0xe636dbbe5e17505145dc347cacda037ffd3dc8614082c0e7418cb108db00ddb0,0xfce111095e51bc515e2da7131524868ab27a6f08,0x7702e2e6b53114a037c45a89f855b52721a1c755,USDG_TO_FIRE,0.000000000000000000,8520.274305391648469317,4.815533,0.000000,400600,1000,400000,0.3996,0,1.9242869868,3199.0,31871,False,False,False,True,0xa1e4bca023d741bd8d8609875ceef2abd8d755a3,371611,0x6f54804c8d3d9c28df55247ac0c3ecf526596c0008b9018b6173566fbead28ce
FIRE_USDG_40pct,2026-07-30T08:01:36+00:00,23155761,0x4faffe69c0566b5fe8d37218ebd2702d2ce6f2e89115eb50a1d57b7ced256ec6,0xfce11104ed4f6492ec827d24e3af694ae32d49af,0x7702e2e6b53114a037c45a89f855b52721a1c755,USDG_TO_FIRE,0.000000000000000000,5860.201951479278719601,3.555184,0.000000,400600,1000,400000,0.3996,0,1.4206515264,3176.0,31644,False,False,False,True,0xa1e4bca023d741bd8d8609875ceef2abd8d755a3,371611,0x6f54804c8d3d9c28df55247ac0c3ecf526596c0008b9018b6173566fbead28ce
FIRE_USDG_50pct,2026-07-30T14:34:01+00:00,23390490,0xce217e230ea8bf23bb747e65eae65fad8e9c8b7365f7e18b22584b5581a13ddc,0xa6935eecdc353b080a22dfecd744f400ce5480d6,0x53bf6b0684ec7ef91e1387da3d1a1769bc5a6f77,FIRE_TO_USDG,23582.304766955243412169,0.000000000000000000,0.000000,4.481891,500500,1000,500000,0.4995,11779.3612310941440843784155,0,3035.0,30299,False,False,False,True,0x1aa511c41636dc4e1dafe5092157eb606da01d03,207093,0xd1088de3fc71076da8dab1703b717b374856cce4b10d55ecd65c6f5a92e3a95b
FIRE_USDG_50pct,2026-07-30T14:38:45+00:00,23393330,0xe19feb6ec5b38f6e261edd23e9e514f9d5fc81c3c5b73d8b35e21a49330e61c4,0xa6935eecdc353b080a22dfecd744f400ce5480d6,0x53bf6b0684ec7ef91e1387da3d1a1769bc5a6f77,FIRE_TO_USDG,233464.817192856909780475,0.000000000000000000,0.000000,35.478862,500500,1000,500000,0.4995,116615.6761878320264353472625,0,2751.0,27459,False,False,False,True,0x1aa511c41636dc4e1dafe5092157eb606da01d03,207093,0xd1088de3fc71076da8dab1703b717b374856cce4b10d55ecd65c6f5a92e3a95b
FIRE_USDG_40pct,2026-07-30T14:41:14+00:00,23394826,0x68bd91ef9d9ae091304291a71043d271678d3d2e1b00bdefdfb851feb220fc31,0xfbbb0d7a450686a18c2f4a31f0137070469491d4,0xa687b664662b96b180346d699a6d5b42e9b05d31,FIRE_TO_USDG,1420.994446281893190417,0.000000000000000000,0.000000,0.317607,400600,1000,400000,0.3996,567.8293807342445188906332,0,6028.0,60128,False,False,False,False,0x490f1d47c41ba36f103a8db40b3c4db532b41899,310338,0x8f89573c81ef247269bb1f9d2c2960c0c326d560ebee193d3cf82a9fcdc6cd9f
FIRE_USDG_50pct,2026-07-30T15:18:41+00:00,23417243,0x7590ec74f917624afbebe0facd28f9cded2371c81b6137f53ee0d8070520b6bc,0x344daadde53a81f95bcc46a99d39107a509251a1,0x39b38686a19836ac10162c490e4558e120cbbe5f,USDG_TO_FIRE,0.000000000000000000,51840.827853945524012571,28.102087,0.000000,500500,1000,500000,0.4995,0,14.0369924565,355.0,3546,False,False,False,True,0x1aa511c41636dc4e1dafe5092157eb606da01d03,207093,0xd1088de3fc71076da8dab1703b717b374856cce4b10d55ecd65c6f5a92e3a95b
FIRE_USDG_50pct,2026-07-30T15:23:11+00:00,23419942,0x552b70e91562b0c5271b5b06d8a934ec2db5c9db2e2df3a5b02bcb62ac1ce530,0x0ec4e45f9ce3020024c0418a74cd31fbc487038f,0x39b38686a19836ac10162c490e4558e120cbbe5f,USDG_TO_FIRE,0.000000000000000000,3218.025632817043961964,1.908446,0.000000,500500,1000,500000,0.4995,0,0.9532687770,85.0,847,False,False,True,True,0x1aa511c41636dc4e1dafe5092157eb606da01d03,207093,0xd1088de3fc71076da8dab1703b717b374856cce4b10d55ecd65c6f5a92e3a95b
FIRE_USDG_40pct,2026-07-30T15:26:01+00:00,23421648,0xe51232c0376feb312966c5b3c60a02412d8a506d6355eb48955907ddc9538288,0x1aa511c41636dc4e1dafe5092157eb606da01d03,0xa687b664662b96b180346d699a6d5b42e9b05d31,FIRE_TO_USDG,34275.986259502501402820,0.000000000000000000,0.000000,6.906805,400600,1000,400000,0.3996,13696.6841092971995605668720,0,3341.0,33306,False,False,False,True,0x490f1d47c41ba36f103a8db40b3c4db532b41899,310338,0x8f89573c81ef247269bb1f9d2c2960c0c326d560ebee193d3cf82a9fcdc6cd9f
FIRE_USDG_40pct,2026-07-30T15:44:20+00:00,23432604,0x858b30541c3e8809b0e6b4c7270b14b568c27776e2061bebddeb15100ef2b561,0x4be149bfa18f5c6e622f40a5fa779a44a86c6df2,0x4c4353e0d893c9d3114b3ce1d9e4b802e687ad0d,FIRE_TO_USDG,48569.221222502287360041,0.000000000000000000,0.000000,7.624378,400600,1000,400000,0.3996,19408.2608005119140290723836,0,2242.0,22350,False,False,False,True,0x490f1d47c41ba36f103a8db40b3c4db532b41899,310338,0x8f89573c81ef247269bb1f9d2c2960c0c326d560ebee193d3cf82a9fcdc6cd9f
FIRE_USDG_50pct,2026-07-30T15:44:20+00:00,23432605,0x170ed1f872d44e60f25fd21363324f07e5ffa6ca8e94424603280f6600b0d2b9,0x1360dda89a47ee1697c47d04d97a149f6e39f36f,0x000000000022b747bc1057d9497efe6d1c69296f,FIRE_TO_USDG,16295.170219604731431512,0.000000000000000000,0.000000,2.381673,500500,1000,500000,0.4995,8139.4375246925633500402440,0,2606.0,25951,False,False,False,True,0x2179ecfa0619c125ca0fd28599cede9c239fbf2b,320817,0x54831a70606fecfeb2d7511734b6ddc84f7403f1f8872875a7865769bfd3780b
FIRE_USDG_40pct,2026-07-30T15:45:49+00:00,23433497,0x455abd606446ad9d10d6bcb82448e6b4472cda2bebd62a74747fb25d2a8b4dde,0xe8d5107ef6a357f6e9a359111d1e9a7854e447d7,0x8876789976decbfcbbbe364623c63652db8c0904,USDG_TO_FIRE,0.000000000000000000,75.676512296879757992,0.028460,0.000000,400600,1000,400000,0.3996,0,0.0113726160,2153.0,21457,False,False,False,True,0x490f1d47c41ba36f103a8db40b3c4db532b41899,310338,0x8f89573c81ef247269bb1f9d2c2960c0c326d560ebee193d3cf82a9fcdc6cd9f
FIRE_USDG_50pct,2026-07-30T15:46:24+00:00,23433845,0xb17835f469d9f25404dce0399bc2151ee7aa0d094ef62dd10fe20ff3be07e35b,0xe49193acd219557a150e35ccc2a66f89c42482e6,0xa687b664662b96b180346d699a6d5b42e9b05d31,FIRE_TO_USDG,503833.523048941691991737,0.000000000000000000,0.000000,46.835945,500500,1000,500000,0.4995,251664.8447629463751498726315,0,2482.0,24711,False,False,False,True,0x2179ecfa0619c125ca0fd28599cede9c239fbf2b,320817,0x54831a70606fecfeb2d7511734b6ddc84f7403f1f8872875a7865769bfd3780b
FIRE_USDG_50pct,2026-07-30T15:47:01+00:00,23434221,0x56b895639f099018c9e7182934a4b7e62b0d18247a4945de94117ffeb5e0ad8e,0x0f314627cc8600a6c430f871eb8f077a93acddaf,0x4c4353e0d893c9d3114b3ce1d9e4b802e687ad0d,USDG_TO_FIRE,0.000000000000000000,133954.406695935323278370,39.776948,0.000000,500500,1000,500000,0.4995,0,19.8685855260,2445.0,24335,False,False,False,True,0x2179ecfa0619c125ca0fd28599cede9c239fbf2b,320817,0x54831a70606fecfeb2d7511734b6ddc84f7403f1f8872875a7865769bfd3780b
FIRE_USDG_40pct,2026-07-30T15:51:39+00:00,23436990,0x4a337d19f9cf01881a1d51987e9572d36d9f2e0380906e980a7af3d3ab3e2779,0x75cddbbbec8794f90ec75900501cfbe24da32714,0x6aea160407e73658c6c546de727a7ef4cd73a1ad,FIRE_TO_USDG,4972.036627799586627090,0.000000000000000000,0.000000,0.662535,400600,1000,400000,0.3996,1986.8258364687148161851640,0,1803.0,17964,False,False,False,True,0x490f1d47c41ba36f103a8db40b3c4db532b41899,310338,0x8f89573c81ef247269bb1f9d2c2960c0c326d560ebee193d3cf82a9fcdc6cd9f
FIRE_USDG_40pct,2026-07-30T15:57:36+00:00,23440559,0x90009976d318b9e96bd21dddee3c81c53a3429264666832d4344145b3299f85a,0xfce11104ed4f6492ec827d24e3af694ae32d49af,0x7702e2e6b53114a037c45a89f855b52721a1c755,USDG_TO_FIRE,0.000000000000000000,8481.790266046634320689,3.231079,0.000000,400600,1000,400000,0.3996,0,1.2911391684,1446.0,14395,False,False,False,True,0x490f1d47c41ba36f103a8db40b3c4db532b41899,310338,0x8f89573c81ef247269bb1f9d2c2960c0c326d560ebee193d3cf82a9fcdc6cd9f
FIRE_USDG_50pct,2026-07-30T15:57:36+00:00,23440559,0xc5c65546342aab03ccb2bae7abe99331bd3d2c633677f91fbeade3fddc806a90,0x00000000d282f1dc75377e2c68d2452641495145,0xfe2465ba56d5c994f88f45603e12e72a5907512e,USDG_TO_FIRE,0.000000000000000000,25766.645259756989167207,9.856901,0.000000,500500,1000,500000,0.4995,0,4.9235220495,1810.0,17997,False,False,False,True,0x2179ecfa0619c125ca0fd28599cede9c239fbf2b,320817,0x54831a70606fecfeb2d7511734b6ddc84f7403f1f8872875a7865769bfd3780b
FIRE_USDG_50pct,2026-07-30T15:59:39+00:00,23441773,0x7dbd94331c59510df516a2f49711238635b37402d705944c5231e7b94ee11e9d,0xeeef618a70e663813331892ee129709845570a1f,0xa633c73658857d5241fe21d43f854a82e2d0592c,USDG_TO_FIRE,0.000000000000000000,34364.724067370905856078,14.667117,0.000000,500500,1000,500000,0.4995,0,7.3262249415,1687.0,16783,False,False,False,True,0x2179ecfa0619c125ca0fd28599cede9c239fbf2b,320817,0x54831a70606fecfeb2d7511734b6ddc84f7403f1f8872875a7865769bfd3780b
FIRE_USDG_40pct,2026-07-30T15:59:39+00:00,23441773,0x87e581e62b78d394cfe0985d0660b7c9bf80dbf164fd76967a2d736cfeaffa36,0xce444441f3524f4575baf2572bc75b53a56a7d9f,0x7702e2e6b53114a037c45a89f855b52721a1c755,USDG_TO_FIRE,0.000000000000000000,10788.922377126636724805,4.522209,0.000000,400600,1000,400000,0.3996,0,1.8070747164,1323.0,13181,False,False,False,True,0x490f1d47c41ba36f103a8db40b3c4db532b41899,310338,0x8f89573c81ef247269bb1f9d2c2960c0c326d560ebee193d3cf82a9fcdc6cd9f
FIRE_USDG_40pct,2026-07-30T17:22:36+00:00,23491393,0x79ef35e6b9e782ee7ffef132a22b6b053ddf383e175df486995ba81a1ce7b7cc,0xce44444019fdeabbb1ed55a7bdedc971b526592d,0x7702e2e6b53114a037c45a89f855b52721a1c755,USDG_TO_FIRE,0.000000000000000000,11224.739011834295538993,5.147407,0.000000,400600,1000,400000,0.3996,0,2.0569038372,1011.0,10087,False,False,False,True,0x7777de7a669c6e76e059fae0e15a0ea041fd752c,379757,0x2b9d746dfcc2438089a42e99775ee425003861962c1cc8ddaf140c78760f6142
FIRE_USDG_50pct,2026-07-30T17:22:36+00:00,23491393,0xdacb879e39d8e26ea7b36f97e52fc9caa0dd786f2706f1293fa2f0ed9a173d0f,0xeeef618a70e663813331892ee129709845570a1f,0xa633c73658857d5241fe21d43f854a82e2d0592c,USDG_TO_FIRE,0.000000000000000000,19015.963567195592469340,8.978353,0.000000,500500,1000,500000,0.4995,0,4.4846873235,1138.0,11361,False,False,False,True,0x7777de7a669c6e76e059fae0e15a0ea041fd752c,211961,0x38554d4e63363ceb48e9326c7ac0f0aee433283b0cafee9cef4382db95250c4c
FIRE_USDG_40pct,2026-07-30T17:23:32+00:00,23491956,0xae676e7ee92f6a66bde8542cffd960419a6d033d4f1c04395aacac6beb49847d,0xb4864f7f85eb2fdbd58b4293a2b9bd684fb13336,0xa633c73658857d5241fe21d43f854a82e2d0592c,USDG_TO_FIRE,0.000000000000000000,20982.299204689424016240,10.683948,0.000000,400600,1000,400000,0.3996,0,4.2693056208,955.0,9524,False,False,False,True,0x7777de7a669c6e76e059fae0e15a0ea041fd752c,379757,0x2b9d746dfcc2438089a42e99775ee425003861962c1cc8ddaf140c78760f6142
FIRE_USDG_50pct,2026-07-30T17:23:32+00:00,23491956,0x74c42dd13acde20f1b57b75bc6860743665f01acb565e78ce598c50d2c8e42ab,0xb4864f7f85eb2fdbd58b4293a2b9bd684fb13336,0xa633c73658857d5241fe21d43f854a82e2d0592c,USDG_TO_FIRE,0.000000000000000000,26241.185326951678971070,13.559782,0.000000,500500,1000,500000,0.4995,0,6.7731111090,1082.0,10798,False,False,False,True,0x7777de7a669c6e76e059fae0e15a0ea041fd752c,211961,0x38554d4e63363ceb48e9326c7ac0f0aee433283b0cafee9cef4382db95250c4c
FIRE_USDG_50pct,2026-07-30T17:34:51+00:00,23498732,0x4f13b8becf073202ddf4d67b52c46a09f3018ecfb88fc1b968e120b577ef7573,0x4da5fb9c62006e9450df7e8b3d0d5c044b5759a8,0x8876789976decbfcbbbe364623c63652db8c0904,USDG_TO_FIRE,0.000000000000000000,90456.372696798751230385,60.772671,0.000000,500500,1000,500000,0.4995,0,30.3559491645,403.0,4022,False,False,False,True,0x7777de7a669c6e76e059fae0e15a0ea041fd752c,211961,0x38554d4e63363ceb48e9326c7ac0f0aee433283b0cafee9cef4382db95250c4c
FIRE_USDG_40pct,2026-07-30T17:34:51+00:00,23498732,0x4f13b8becf073202ddf4d67b52c46a09f3018ecfb88fc1b968e120b577ef7573,0x4da5fb9c62006e9450df7e8b3d0d5c044b5759a8,0x8876789976decbfcbbbe364623c63652db8c0904,USDG_TO_FIRE,0.000000000000000000,58658.957450781730303833,40.070795,0.000000,400600,1000,400000,0.3996,0,16.0122896820,276.0,2748,False,False,True,True,0x7777de7a669c6e76e059fae0e15a0ea041fd752c,379757,0x2b9d746dfcc2438089a42e99775ee425003861962c1cc8ddaf140c78760f6142
FIRE_USDG_40pct,2026-08-01T00:20:26+00:00,24603793,0xcd5a6a7752daf94ef19ddf3ddd47d3c2ebccf65ae9bdd308f72e674c9015221f,0x43370240c309f6cc0815929a176609267971224f,0x8f10b468b06c6fd214b65f87778827f7d113f996,FIRE_TO_USDG,9504.309031260407491361,0.000000000000000000,0.000000,2.874755,400600,1000,400000,0.3996,3797.9218888916588335478556,0,236.0,2355,False,False,True,True,0x490f1d47c41ba36f103a8db40b3c4db532b41899,420858,0xcb58feabd3555fc568f9651e4970854eac30947350a92a4507348b38fc9e2edf
FIRE_USDG_40pct,2026-08-01T02:15:12+00:00,24672496,0x97e189b3bd86168a74800a7b7d0f5d91dd44c739639b08923307e24196da7154,0xd6b33bcf3446f353ac4267f3cf66f405763a8735,0x000000000022b747bc1057d9497efe6d1c69296f,FIRE_TO_USDG,14467.295318047375276985,0.000000000000000000,0.000000,4.210633,400600,1000,400000,0.3996,5781.1312090917311606832060,0,617.0,6155,False,False,False,True,0x490f1d47c41ba36f103a8db40b3c4db532b41899,420858,0x1157a768a29607a298bb802d7097b26fc50b17753eb2c811119a2439a2669e9c
FIRE_USDG_40pct,2026-08-01T02:15:17+00:00,24672547,0xf1b49d7d28f2a8ee50c57b345d5bb295623063908a3401eabf4b65e929348b1f,0xfce11105bc7341b2b3b680b5cb21b2ada8cedf0d,0x7702e2e6b53114a037c45a89f855b52721a1c755,FIRE_TO_USDG,12246.843424485060694730,0.000000000000000000,0.000000,3.417200,400600,1000,400000,0.3996,4893.8386324242302536141080,0,612.0,6104,False,False,False,True,0x490f1d47c41ba36f103a8db40b3c4db532b41899,420858,0x1157a768a29607a298bb802d7097b26fc50b17753eb2c811119a2439a2669e9c
FIRE_USDG_40pct,2026-08-01T02:16:38+00:00,24673351,0xec2209382c9f32554e92334e1fad141df92c99b9bfac62b70a8b712778b42b18,0xfce1110e624a7ff68d72cfbdbb05855c3b20dc6a,0x7702e2e6b53114a037c45a89f855b52721a1c755,FIRE_TO_USDG,29890.200512366391899178,0.000000000000000000,0.000000,7.820953,400600,1000,400000,0.3996,11944.1241247416102029115288,0,531.0,5300,False,False,False,True,0x490f1d47c41ba36f103a8db40b3c4db532b41899,420858,0x1157a768a29607a298bb802d7097b26fc50b17753eb2c811119a2439a2669e9c
FIRE_USDG_40pct,2026-08-01T02:17:26+00:00,24673829,0x459f4162d86a2f660bf457497426e6f3e26a696415209fc3ce2dd42e570b7887,0xa2fdf319500419579d0f60b28d6e67cbc1260ed5,0x000000000022b747bc1057d9497efe6d1c69296f,FIRE_TO_USDG,15504.767040506717662509,0.000000000000000000,0.000000,3.790917,400600,1000,400000,0.3996,6195.7049093864843779385964,0,483.0,4822,False,False,False,True,0x490f1d47c41ba36f103a8db40b3c4db532b41899,420858,0x1157a768a29607a298bb802d7097b26fc50b17753eb2c811119a2439a2669e9c
FIRE_USDG_40pct,2026-08-01T02:20:54+00:00,24675904,0x3a4e65ee6903675542b60054aec1870c186302c1ec261a490153d3b7e819b36e,0xb4864f7f85eb2fdbd58b4293a2b9bd684fb13336,0xa633c73658857d5241fe21d43f854a82e2d0592c,FIRE_TO_USDG,73039.589871935033466941,0.000000000000000000,0.000000,15.792244,400600,1000,400000,0.3996,29186.6201128252393733896236,0,275.0,2747,False,False,True,True,0x490f1d47c41ba36f103a8db40b3c4db532b41899,420858,0x1157a768a29607a298bb802d7097b26fc50b17753eb2c811119a2439a2669e9c
FIRE_USDG_50pct,2026-08-01T02:20:55+00:00,24675917,0xdbc511aecf9115060561980a6f83f1d24fe4bafa6c78a5a80ba4b72bf71387a1,0xf0229a7df821096bd3e097e36152bc948c1f4cc0,0x000000007907b910ae1ee64a71f95b592fc7bb89,FIRE_TO_USDG,21336.007586877351063691,0.000000000000000000,0.000000,4.289642,500500,1000,500000,0.4995,10657.3357896452368563136545,0,44816.0,446512,False,False,False,False,0x7777de7a669c6e76e059fae0e15a0ea041fd752c,211961,0x827477c44f69009a4f5894df1d512f89f74889f3767127f4cf87e61d976313d8
FIRE_USDG_50pct,2026-08-01T02:21:06+00:00,24676025,0xc70c5c0925746e43008b7474543f82cfd8c32c9c0345669cbef330abbec34268,0xb4864f7f85eb2fdbd58b4293a2b9bd684fb13336,0xa633c73658857d5241fe21d43f854a82e2d0592c,FIRE_TO_USDG,73311.495134070256569388,0.000000000000000000,0.000000,13.124824,500500,1000,500000,0.4995,36619.0918194680931564093060,0,44805.0,446404,False,False,False,False,0x7777de7a669c6e76e059fae0e15a0ea041fd752c,211961,0x827477c44f69009a4f5894df1d512f89f74889f3767127f4cf87e61d976313d8
FIRE_USDG_40pct,2026-08-01T02:21:06+00:00,24676025,0x05a0e773750f26abd85afafc95f9b3816572bbea348d0c11963810fcd7294387,0xb4864f7f85eb2fdbd58b4293a2b9bd684fb13336,0xa633c73658857d5241fe21d43f854a82e2d0592c,FIRE_TO_USDG,69886.083571720222108699,0.000000000000000000,0.000000,12.524823,400600,1000,400000,0.3996,27926.4789952594007546361204,0,263.0,2626,False,False,True,True,0x490f1d47c41ba36f103a8db40b3c4db532b41899,420858,0x1157a768a29607a298bb802d7097b26fc50b17753eb2c811119a2439a2669e9c
FIRE_USDG_50pct,2026-08-01T13:49:46+00:00,25087698,0x6ea987c848f419787fd1649c64767ff856ebd88fa2c0a112481a26af98fc00a4,0x4da5fb9c62006e9450df7e8b3d0d5c044b5759a8,0x8876789976decbfcbbbe364623c63652db8c0904,FIRE_TO_USDG,74557.665073790240767109,0.000000000000000000,0.000000,11.245032,500500,1000,500000,0.4995,37241.5537043582252631709455,0,3485.0,34731,False,False,False,True,0x7777de7a669c6e76e059fae0e15a0ea041fd752c,211961,0x827477c44f69009a4f5894df1d512f89f74889f3767127f4cf87e61d976313d8
FIRE_USDG_40pct,2026-08-01T13:49:46+00:00,25087698,0x6ea987c848f419787fd1649c64767ff856ebd88fa2c0a112481a26af98fc00a4,0x4da5fb9c62006e9450df7e8b3d0d5c044b5759a8,0x8876789976decbfcbbbe364623c63652db8c0904,FIRE_TO_USDG,67101.898566411216690398,0.000000000000000000,0.000000,10.141023,400600,1000,400000,0.3996,26813.9186671379221894830408,0,13832.0,137896,False,False,False,False,0x1aa511c41636dc4e1dafe5092157eb606da01d03,389503,0xb6764391387338082dd6d85006fbbc2599e31e015b0b1a291012537be9613ffb
FIRE_USDG_40pct,2026-08-02T03:57:59+00:00,25595294,0x09484e647065b7b3a0c6c3fa5ce2f72c666a8bbbb96aa30a4d102946b985aa62,0x1edb56b951d492a0f18b3adeab2f1880e487fa9f,0x8876789976decbfcbbbe364623c63652db8c0904,FIRE_TO_USDG,1227.581665185769965718,0.000000000000000000,0.000000,0.170496,400600,1000,400000,0.3996,490.5416334082336783009128,0,56718.0,565378,False,False,False,False,0x490f1d47c41ba36f103a8db40b3c4db532b41899,420858,0x0e165ecc1abef0bd8b30f86e47dc5ff5204f21edda39ebf3758022e9f1030217
FIRE_USDG_40pct,2026-08-02T09:25:49+00:00,25791272,0xba14df5396ef3bf68d2a98fb8c78729cea0b86a4a510b09700f2c7d9fa084130,0x26d26e23fba97e4b0375e80a65bb45357e345f9e,0x2ca37ff95caf25366ef16fc2e655b78a165d125f,USDG_TO_FIRE,0.000000000000000000,29955.222264678007752616,12.248562,0.000000,400600,1000,400000,0.3996,0,4.8945253752,37048.0,369400,False,False,False,False,0x490f1d47c41ba36f103a8db40b3c4db532b41899,420858,0x0e165ecc1abef0bd8b30f86e47dc5ff5204f21edda39ebf3758022e9f1030217
FIRE_USDG_40pct,2026-08-05T00:05:42+00:00,28041380,0xbbeeab11f580c8430d4a4a349cde4d192c2e708ada06810910b9a0abef4864ea,0x6fe9e13938f25fbaf0493522cf56480f4a992f1b,0x8876789976decbfcbbbe364623c63652db8c0904,FIRE_TO_USDG,19870.634783155107960141,0.000000000000000000,0.000000,3.004103,400600,1000,400000,0.3996,7940.3056593487811408723436,0,87570.0,874263,False,False,False,False,0x2179ecfa0619c125ca0fd28599cede9c239fbf2b,407995,0x8e34ce1ed13578ef2d5067ad2076d7ab2dc1f29da95d632d40e5a2f564a1ed4a
FIRE_USDG_40pct,2026-08-06T18:15:48+00:00,29556679,0x005297d817bbd3a1732dc677257ffdd27922d0931b0a5c6d12ae0d5c4be19a10,0x7081e9256628cd654034195ecffca45993970625,0xc18410feffd9a42ec1a2f88e35cd74b80b8b3576,USDG_TO_FIRE,0.000000000000000000,17102.526554144180654291,7.308427,0.000000,400600,1000,400000,0.3996,0,2.9204474292,12237.0,122225,False,False,False,False,0xa1e4bca023d741bd8d8609875ceef2abd8d755a3,371611,0x8f645d2060c532692cb71f80ca49f8431d77c1aee17374a4dd9a7142562da1b0
FIRE_USDG_40pct,2026-08-06T18:41:59+00:00,29572361,0x4c936f02df1b87873dbd3262df5519051387ee2535b3bd142f8b702c9023fc96,0x1f09756741dedc39a9669565601c4bec5a548af6,0x8876789976decbfcbbbe364623c63652db8c0904,FIRE_TO_USDG,37915.781722941834421679,0.000000000000000000,0.000000,5.739569,400600,1000,400000,0.3996,15151.1463764875570349029284,0,10666.0,106543,False,False,False,False,0xa1e4bca023d741bd8d8609875ceef2abd8d755a3,371611,0x8f645d2060c532692cb71f80ca49f8431d77c1aee17374a4dd9a7142562da1b0
FIRE_USDG_40pct,2026-08-06T19:06:10+00:00,29586852,0xf60b1fdb88258bc4a7e180fea9ccd64d0df68bde86d7ecf299ce17a8957dd893,0xb4864f7f85eb2fdbd58b4293a2b9bd684fb13336,0xa633c73658857d5241fe21d43f854a82e2d0592c,USDG_TO_FIRE,0.000000000000000000,33995.612025289609451146,14.763561,0.000000,400600,1000,400000,0.3996,0,5.8995189756,9215.0,92052,False,False,False,False,0xa1e4bca023d741bd8d8609875ceef2abd8d755a3,371611,0x8f645d2060c532692cb71f80ca49f8431d77c1aee17374a4dd9a7142562da1b0
FIRE_USDG_40pct,2026-08-06T21:05:31+00:00,29658395,0x0da440fa43427d3113e5033dfad007fb992c8b4510ed8c32a17f03e2385ff64e,0xeeef618a70e663813331892ee129709845570a1f,0xa633c73658857d5241fe21d43f854a82e2d0592c,USDG_TO_FIRE,0.000000000000000000,21809.340576910595479358,11.003483,0.000000,400600,1000,400000,0.3996,0,4.3969918068,2054.0,20509,False,False,False,True,0xa1e4bca023d741bd8d8609875ceef2abd8d755a3,371611,0x8f645d2060c532692cb71f80ca49f8431d77c1aee17374a4dd9a7142562da1b0
FIRE_USDG_40pct,2026-08-06T21:16:03+00:00,29664696,0x9c91d2259f23ab06316c720b12dba3b88acca4f9ea4bd28ae3fecaa1854fc5dc,0x8fcfe3485122f380793d5ade4fc8acabe4f83067,0x8876789976decbfcbbbe364623c63652db8c0904,USDG_TO_FIRE,0.000000000000000000,58941.953435938943570077,38.133669,0.000000,400600,1000,400000,0.3996,0,15.2382141324,1422.0,14208,False,False,False,True,0xa1e4bca023d741bd8d8609875ceef2abd8d755a3,371611,0x8f645d2060c532692cb71f80ca49f8431d77c1aee17374a4dd9a7142562da1b0
FIRE_USDG_50pct,2026-08-06T21:16:03+00:00,29664696,0x9c91d2259f23ab06316c720b12dba3b88acca4f9ea4bd28ae3fecaa1854fc5dc,0x8fcfe3485122f380793d5ade4fc8acabe4f83067,0x8876789976decbfcbbbe364623c63652db8c0904,USDG_TO_FIRE,0.000000000000000000,85486.077198891850437678,57.233580,0.000000,500500,1000,500000,0.4995,0,28.5881732100,597.0,5968,False,False,False,True,0x7777de7a669c6e76e059fae0e15a0ea041fd752c,211961,0x93b1d7b6ba0ea662db70d8161944257f21eb6b7c7bf32c94e545d4776d1b4806
FIRE_USDG_40pct,2026-08-06T21:16:39+00:00,29665054,0x0f5227e88abb56ae9d286b7d64c14649f92507e7e6921751e9afcea22644ad4d,0x8fcfe3485122f380793d5ade4fc8acabe4f83067,0x8876789976decbfcbbbe364623c63652db8c0904,USDG_TO_FIRE,0.000000000000000000,41741.474896493996198803,38.135895,0.000000,400600,1000,400000,0.3996,0,15.2391036420,1386.0,13850,False,False,False,True,0xa1e4bca023d741bd8d8609875ceef2abd8d755a3,371611,0x8f645d2060c532692cb71f80ca49f8431d77c1aee17374a4dd9a7142562da1b0
FIRE_USDG_50pct,2026-08-06T21:16:39+00:00,29665054,0x0f5227e88abb56ae9d286b7d64c14649f92507e7e6921751e9afcea22644ad4d,0x8fcfe3485122f380793d5ade4fc8acabe4f83067,0x8876789976decbfcbbbe364623c63652db8c0904,USDG_TO_FIRE,0.000000000000000000,60769.991013778691957645,57.209705,0.000000,500500,1000,500000,0.4995,0,28.5762476475,561.0,5610,False,False,False,True,0x7777de7a669c6e76e059fae0e15a0ea041fd752c,211961,0x93b1d7b6ba0ea662db70d8161944257f21eb6b7c7bf32c94e545d4776d1b4806
FIRE_USDG_40pct,2026-08-06T21:45:47+00:00,29682516,0x73e6e9020625cf56a2147a4e48e15e6bba9644ec129bf22deb384755b8dc4e9e,0x29ff475a04f1ffd246591de728c5e7c8dac6d88e,0x8876789976decbfcbbbe364623c63652db8c0904,USDG_TO_FIRE,0.000000000000000000,19133.740881472827445662,22.158308,0.000000,400600,1000,400000,0.3996,0,8.8544598768,1332.0,13291,False,False,False,True,0x7777de7a669c6e76e059fae0e15a0ea041fd752c,379757,0x35212f2a14d8271a149ca26571f93da538ad5622a65dc91964ff55d1c2de239b
FIRE_USDG_50pct,2026-08-06T21:45:47+00:00,29682516,0x73e6e9020625cf56a2147a4e48e15e6bba9644ec129bf22deb384755b8dc4e9e,0x29ff475a04f1ffd246591de728c5e7c8dac6d88e,0x8876789976decbfcbbbe364623c63652db8c0904,USDG_TO_FIRE,0.000000000000000000,23522.988558946028183025,27.690493,0.000000,500500,1000,500000,0.4995,0,13.8314012535,9.0,95,False,True,True,True,0x2179ecfa0619c125ca0fd28599cede9c239fbf2b,320817,0xa65f22dc4d3050c6440ec5e53e87ad91cf0a7adec5fd7d1dbf9b7bdab02e3221
FIRE_USDG_40pct,2026-08-06T22:39:58+00:00,29714959,0x10a09a490cecce71fb826a8866c6596403ebfb419d582739ca28753bf06b2c6d,0xeeef618a70e663813331892ee129709845570a1f,0xa633c73658857d5241fe21d43f854a82e2d0592c,FIRE_TO_USDG,16475.498214389320711465,0.000000000000000000,0.000000,7.155152,400600,1000,400000,0.3996,6583.6090864699725563014140,0,3259.0,32540,False,False,False,True,0x1aa511c41636dc4e1dafe5092157eb606da01d03,389503,0x44f7ed0774db68bc3f89369cc0c60037a77999c03b75ad2ecccf4f4061d8ed49
FIRE_USDG_40pct,2026-08-06T22:48:22+00:00,29720011,0x5a5ad12282b15825e51ded68f8a030361a5db57460980a5ff99d4c59356b6124,0x11c551c0dea7d78ca92390571480bebeab630505,0x8876789976decbfcbbbe364623c63652db8c0904,FIRE_TO_USDG,1932.875343089491204219,0.000000000000000000,0.000000,0.805954,400600,1000,400000,0.3996,772.3769870985606852059124,0,2755.0,27488,False,False,False,True,0x1aa511c41636dc4e1dafe5092157eb606da01d03,389503,0x44f7ed0774db68bc3f89369cc0c60037a77999c03b75ad2ecccf4f4061d8ed49
FIRE_USDG_40pct,2026-08-07T04:37:18+00:00,29929309,0x135516d2b77d8b5c7308895b4d83e6b381413b6736bc69bab0089f9ec825035f,0x0e4c51936a3f74b4ad06f16c9c0d4bc95b23b6de,0x3892d8dba09b0d079d6b97064bc088eed437da25,FIRE_TO_USDG,10769.556963611401217074,0.000000000000000000,0.000000,4.373068,400600,1000,400000,0.3996,4303.5149626591159263427704,0,7849.0,78233,False,False,False,False,0xc6312da2663570a2aee12b27a0c6da4683339acd,206269,0x40491830d11d4caeb6f4943c1a52fac936bf82628135a020fafc952f08ad916d
FIRE_USDG_40pct,2026-08-07T05:10:37+00:00,29949232,0x6a528eea74cede3192f4bca667ed9b98a60c9118aa2318a307e0665576f76ca1,0x45df5e6c3bccb8a03049653472096156aaec8012,0x114d574247342eafea95b7a9234e62984d48cd9e,FIRE_TO_USDG,1999.069463814950000000,0.000000000000000000,0.000000,0.790576,400600,1000,400000,0.3996,798.8281577404540200000000,0,5850.0,58310,False,False,False,False,0xc6312da2663570a2aee12b27a0c6da4683339acd,206269,0x40491830d11d4caeb6f4943c1a52fac936bf82628135a020fafc952f08ad916d
FIRE_USDG_40pct,2026-08-07T10:47:35+00:00,30150731,0x1b1da07fbb1332f4eab31acb0b623c1198fc9642fab4a73fac1217bfec40f846,0x29ff475a04f1ffd246591de728c5e7c8dac6d88e,0x8876789976decbfcbbbe364623c63652db8c0904,USDG_TO_FIRE,0.000000000000000000,9050.944211046008567777,10.237653,0.000000,400600,1000,400000,0.3996,0,4.0909661388,30212.0,301496,False,False,False,False,0x7777de7a669c6e76e059fae0e15a0ea041fd752c,379757,0x54a82fd80a120f34e7910bc07b020aae6539e06a6fd7a451d40d362ff92a9b40
FIRE_USDG_40pct,2026-08-07T14:30:06+00:00,30283903,0x27c90e6c8822cf3983b8b7f6827b3d453c0405996ded40018f4b74da49450b02,0x672e672fc3eb65dcb9f844d30cc0292125e01526,0xac24ce15ac5f4ca34be88a4bf1b5e17303dab423,FIRE_TO_USDG,58867.595259211740769342,0.000000000000000000,0.000000,21.960569,400600,1000,400000,0.3996,23523.4910655810116114290632,0,16861.0,168324,False,False,False,False,0x7777de7a669c6e76e059fae0e15a0ea041fd752c,379757,0x54a82fd80a120f34e7910bc07b020aae6539e06a6fd7a451d40d362ff92a9b40
FIRE_USDG_40pct,2026-08-07T14:30:22+00:00,30284063,0x578f2da8045fff60e66df9756c970e44a16522ab90232a35855daf8c4b33f9ee,0x1d11dc9f4ad849c241368ea0b776e52b046f6f00,0x000000000022b747bc1057d9497efe6d1c69296f,FIRE_TO_USDG,13987.418185169947355081,0.000000000000000000,0.000000,4.523691,400600,1000,400000,0.3996,5589.3723067939109630903676,0,16845.0,168164,False,False,False,False,0x7777de7a669c6e76e059fae0e15a0ea041fd752c,379757,0x54a82fd80a120f34e7910bc07b020aae6539e06a6fd7a451d40d362ff92a9b40
FIRE_USDG_40pct,2026-08-07T18:54:04+00:00,30442016,0x41d88c5be4c1073778579fb75637d77227530179d4e932ee7d6dc0669e5439b3,0xb4864f7f85eb2fdbd58b4293a2b9bd684fb13336,0x6ab8c6c5451126a0c5ce92c7999797067d449c31,FIRE_TO_USDG,67142.960028439376125542,0.000000000000000000,0.000000,18.848663,400600,1000,400000,0.3996,26830.3268273643746997665832,0,1023.0,10211,False,False,False,True,0x7777de7a669c6e76e059fae0e15a0ea041fd752c,379757,0x54a82fd80a120f34e7910bc07b020aae6539e06a6fd7a451d40d362ff92a9b40
FIRE_USDG_50pct,2026-08-07T18:54:04+00:00,30442016,0xbfa23640715b910bcbd95ea6c01f9f29d2fc2f41200641632457356c25d049a4,0xb4864f7f85eb2fdbd58b4293a2b9bd684fb13336,0xa633c73658857d5241fe21d43f854a82e2d0592c,FIRE_TO_USDG,79460.145437974163487819,0.000000000000000000,0.000000,22.437048,500500,1000,500000,0.4995,39690.3426462680946621655905,0,781.0,7800,False,False,False,True,0x7777de7a669c6e76e059fae0e15a0ea041fd752c,211961,0xa7a66ce502cefd9b912fc62396de84bf3a417a52638effd8a23a40647b77fc82
FIRE_USDG_40pct,2026-08-08T14:22:00+00:00,31141435,0xd35c8866c86d257963a4df87aff7e21df9e773c331bc10708472db564545ba70,0x0ec4e45f9ce3020024c0418a74cd31fbc487038f,0x8f10b468b06c6fd214b65f87778827f7d113f996,USDG_TO_FIRE,0.000000000000000000,2658.204929809493966660,1.862025,0.000000,400600,1000,400000,0.3996,0,0.7440651900,8502.0,84944,False,False,False,False,0xc6312da2663570a2aee12b27a0c6da4683339acd,206269,0xa98f956e47d6598ab8bb3c1919fd5260ac6b177096de2f5c2c8d75c0afc0326b
FIRE_USDG_40pct,2026-08-08T14:24:18+00:00,31142801,0xea67ca7707cbe33826b80dad26f4930da813b2145bf32bdf9e853d26e3cfdd94,0x2bb27b73c602643f42471d4751fe4fc4eebefbd1,0x8876789976decbfcbbbe364623c63652db8c0904,USDG_TO_FIRE,0.000000000000000000,10255.186752666203281408,7.413923,0.000000,400600,1000,400000,0.3996,0,2.9626036308,8364.0,83578,False,False,False,False,0xc6312da2663570a2aee12b27a0c6da4683339acd,206269,0xa98f956e47d6598ab8bb3c1919fd5260ac6b177096de2f5c2c8d75c0afc0326b
FIRE_USDG_40pct,2026-08-08T14:24:36+00:00,31142987,0x3e5b3f940408f6be3ee2591cbe137600c90873381858823de2c7e79fae02bc47,0x331d9a049d496385998067abf6cbb6371c8d2466,0x8876789976decbfcbbbe364623c63652db8c0904,USDG_TO_FIRE,0.000000000000000000,874.235327540458419922,0.649528,0.000000,400600,1000,400000,0.3996,0,0.2595513888,8346.0,83392,False,False,False,False,0xc6312da2663570a2aee12b27a0c6da4683339acd,206269,0xa98f956e47d6598ab8bb3c1919fd5260ac6b177096de2f5c2c8d75c0afc0326b
FIRE_USDG_40pct,2026-08-08T14:24:50+00:00,31143119,0x1b07892e648cb7564d2b4f8ac4bf46ded4c967ff9cc812401fea4ddd589d8764,0x9d0023652c12955515307406146b8029ac52435b,0x8876789976decbfcbbbe364623c63652db8c0904,USDG_TO_FIRE,0.000000000000000000,147707.321012066248681743,173.905486,0.000000,400600,1000,400000,0.3996,0,69.4926322056,8332.0,83260,False,False,False,False,0xc6312da2663570a2aee12b27a0c6da4683339acd,206269,0xa98f956e47d6598ab8bb3c1919fd5260ac6b177096de2f5c2c8d75c0afc0326b
FIRE_USDG_50pct,2026-08-08T14:24:50+00:00,31143119,0x1b07892e648cb7564d2b4f8ac4bf46ded4c967ff9cc812401fea4ddd589d8764,0x9d0023652c12955515307406146b8029ac52435b,0x8876789976decbfcbbbe364623c63652db8c0904,USDG_TO_FIRE,0.000000000000000000,86154.767624080704551473,115.938228,0.000000,500500,1000,500000,0.4995,0,57.9111448860,10713.0,107054,False,False,False,False,0x1aa511c41636dc4e1dafe5092157eb606da01d03,207093,0x24f1f7d798a96fe2b7a4d3309841312307898d3fdef80cc191993354aa2062f3
FIRE_USDG_40pct,2026-08-08T14:24:50+00:00,31143120,0x07191c68596f2b14f87d44fee034c96fb31f3b97821cd9fbbcae4815d2c8d725,0xfce2220c39b345e7273cdce4f58ce54a5e40eb79,0x849bc3e52bb2e1807cc97afbf2528a79128a5deb,FIRE_TO_USDG,7546.640600556430410747,0.000000000000000000,0.000000,4.959454,400600,1000,400000,0.3996,3015.6375839823495921345012,0,8332.0,83259,False,False,False,False,0xc6312da2663570a2aee12b27a0c6da4683339acd,206269,0xa98f956e47d6598ab8bb3c1919fd5260ac6b177096de2f5c2c8d75c0afc0326b
FIRE_USDG_40pct,2026-08-08T14:24:50+00:00,31143120,0xe359893cd11bd8306356caf993fd0f13d9b2bcb067320c58c4c8b0b10f5e0e09,0xbc6b4e98c1a34329f40cc31eb8b35a0478fb6b01,0x0930790d32890aedd4c33fc6f9a67a1638394a12,FIRE_TO_USDG,29177.592859089310415931,0.000000000000000000,0.000000,17.646214,400600,1000,400000,0.3996,11659.3661064920884422060276,0,8332.0,83259,False,False,False,False,0xc6312da2663570a2aee12b27a0c6da4683339acd,206269,0xa98f956e47d6598ab8bb3c1919fd5260ac6b177096de2f5c2c8d75c0afc0326b
FIRE_USDG_40pct,2026-08-08T14:24:57+00:00,31143195,0xd87fc3352f51c8f3164821a296f9f3ce9a5aafdfc19cd7ec19ecff5702b8f6df,0x0ec4e45f9ce3020024c0418a74cd31fbc487038f,0x8876789976decbfcbbbe364623c63652db8c0904,FIRE_TO_USDG,17043.088482665067795853,0.000000000000000000,0.000000,9.310182,400600,1000,400000,0.3996,6810.4181576729610912228588,0,8325.0,83184,False,False,False,False,0xc6312da2663570a2aee12b27a0c6da4683339acd,206269,0xa98f956e47d6598ab8bb3c1919fd5260ac6b177096de2f5c2c8d75c0afc0326b
FIRE_USDG_40pct,2026-08-08T14:27:28+00:00,31144696,0xfcfbe8c386a8d77a35c3d56a568164d4179947e680a378308793bbfd57e0b9df,0xbe2a16dca3961c19acda0268c829e0eb437b28e6,0x8f10b468b06c6fd214b65f87778827f7d113f996,FIRE_TO_USDG,387516.133909897398504000,0.000000000000000000,0.000000,112.711076,400600,1000,400000,0.3996,154851.4471103950004421984000,0,8174.0,81683,False,False,False,False,0xc6312da2663570a2aee12b27a0c6da4683339acd,206269,0xa98f956e47d6598ab8bb3c1919fd5260ac6b177096de2f5c2c8d75c0afc0326b
FIRE_USDG_50pct,2026-08-08T14:27:28+00:00,31144696,0xfcfbe8c386a8d77a35c3d56a568164d4179947e680a378308793bbfd57e0b9df,0xbe2a16dca3961c19acda0268c829e0eb437b28e6,0x8f10b468b06c6fd214b65f87778827f7d113f996,FIRE_TO_USDG,354266.471815102601496000,0.000000000000000000,0.000000,94.593399,500500,1000,500000,0.4995,176956.1026716437494472520000,0,10555.0,105477,False,False,False,False,0x1aa511c41636dc4e1dafe5092157eb606da01d03,207093,0x24f1f7d798a96fe2b7a4d3309841312307898d3fdef80cc191993354aa2062f3
FIRE_USDG_40pct,2026-08-08T14:27:28+00:00,31144697,0xe424039c700bed2762de734bb599dfad96098dd4ae8a52dd379f3c8019ab440e,0x0f689bd7a211a50a96b1cf3113b8aa811f931977,0x6ab8c6c5451126a0c5ce92c7999797067d449c31,USDG_TO_FIRE,0.000000000000000000,128971.133297165304089513,76.727767,0.000000,400600,1000,400000,0.3996,0,30.6604156932,8174.0,81682,False,False,False,False,0xc6312da2663570a2aee12b27a0c6da4683339acd,206269,0xa98f956e47d6598ab8bb3c1919fd5260ac6b177096de2f5c2c8d75c0afc0326b
FIRE_USDG_50pct,2026-08-08T14:27:28+00:00,31144697,0x768961596fc3e065bad4b47502df44128f93f75f8a5f326990f5b7609d85c15e,0xd050cd349a994a106e6ead251839185da9aec239,0x0930790d32890aedd4c33fc6f9a67a1638394a12,USDG_TO_FIRE,0.000000000000000000,35577.635567304086449978,24.879017,0.000000,500500,1000,500000,0.4995,0,12.4270689915,10555.0,105476,False,False,False,False,0x1aa511c41636dc4e1dafe5092157eb606da01d03,207093,0x24f1f7d798a96fe2b7a4d3309841312307898d3fdef80cc191993354aa2062f3
FIRE_USDG_50pct,2026-08-08T14:27:29+00:00,31144700,0x696ce546dd6b4d46098c93a967424986dcd9fbd9f414e46c0b064484475a20cc,0x00116dffafe3ba58117c3c60491181893280b7d7,0xc18410feffd9a42ec1a2f88e35cd74b80b8b3576,USDG_TO_FIRE,0.000000000000000000,743.165147729197779744,0.566044,0.000000,500500,1000,500000,0.4995,0,0.2827389780,10554.0,105473,False,False,False,False,0x1aa511c41636dc4e1dafe5092157eb606da01d03,207093,0x24f1f7d798a96fe2b7a4d3309841312307898d3fdef80cc191993354aa2062f3
FIRE_USDG_50pct,2026-08-08T14:27:48+00:00,31144893,0xd2c3eb4ffe28321eb9d341a6dff17a85e86d5e3a233ebc1bf3b918129520f5b9,0x56c262027e0de4aea31d2489529cb25d23e58a8b,0x8f10b468b06c6fd214b65f87778827f7d113f996,USDG_TO_FIRE,0.000000000000000000,8241.036641278655360153,6.418255,0.000000,500500,1000,500000,0.4995,0,3.2059183725,10535.0,105280,False,False,False,False,0x1aa511c41636dc4e1dafe5092157eb606da01d03,207093,0x24f1f7d798a96fe2b7a4d3309841312307898d3fdef80cc191993354aa2062f3
FIRE_USDG_40pct,2026-08-08T19:08:57+00:00,31313461,0x97f796d4e909f55dd2d8ac81ff906ded2269f1cc0d9b0a100a266c864cc20fb1,0xeeef618a70e663813331892ee129709845570a1f,0xa633c73658857d5241fe21d43f854a82e2d0592c,USDG_TO_FIRE,0.000000000000000000,25789.337216135526023237,21.584906,0.000000,400600,1000,400000,0.3996,0,8.6253284376,3770.0,37629,False,False,False,False,0x7777de7a669c6e76e059fae0e15a0ea041fd752c,379757,0x5d4aef4426a8407e57587b9623fbd2858f61fd7a404c1f2dc05d412f4cd8ccdd
FIRE_USDG_50pct,2026-08-08T19:08:57+00:00,31313462,0xc1f00b4baa1817d5e32ae2e2f1bffb7e5dd77ea71eee78219a440a9331eacb42,0xf5cf113d34dfd4b04fc662519d239c462b7bfa17,0xa436eaf9f01b5f1c12d67eaec093475a5b80df1c,USDG_TO_FIRE,0.000000000000000000,17801.165660802186804616,14.751504,0.000000,500500,1000,500000,0.4995,0,7.3683762480,3831.0,38236,False,False,False,False,0x7777de7a669c6e76e059fae0e15a0ea041fd752c,211961,0xbbcb3b11ee2c19c1cad79f0206c71e9bfbf98aeb1e24929dfedcdc04d2b9a248
FIRE_USDG_50pct,2026-08-08T19:09:11+00:00,31313598,0x2994c83d0d32502a8ca217bb83d263eb788cd2eb06cba05c5fa22ebc94b744c1,0xa67d7eb4dc68fa6ce8e34ef8cadaf075b9893fbb,0x39b38686a19836ac10162c490e4558e120cbbe5f,USDG_TO_FIRE,0.000000000000000000,13370.812500394339537085,11.931802,0.000000,500500,1000,500000,0.4995,0,5.9599350990,3817.0,38100,False,False,False,False,0x7777de7a669c6e76e059fae0e15a0ea041fd752c,211961,0xbbcb3b11ee2c19c1cad79f0206c71e9bfbf98aeb1e24929dfedcdc04d2b9a248
FIRE_USDG_40pct,2026-08-08T19:09:11+00:00,31313598,0x2994c83d0d32502a8ca217bb83d263eb788cd2eb06cba05c5fa22ebc94b744c1,0xa67d7eb4dc68fa6ce8e34ef8cadaf075b9893fbb,0x39b38686a19836ac10162c490e4558e120cbbe5f,USDG_TO_FIRE,0.000000000000000000,9753.821355450477276723,8.819158,0.000000,400600,1000,400000,0.3996,0,3.5241355368,3756.0,37492,False,False,False,False,0x7777de7a669c6e76e059fae0e15a0ea041fd752c,379757,0x5d4aef4426a8407e57587b9623fbd2858f61fd7a404c1f2dc05d412f4cd8ccdd
FIRE_USDG_40pct,2026-08-08T19:43:13+00:00,31333991,0x42bc1bb6c968776f816f271924a19a89f6a8dc8e550fb0de101007fd3e19caa1,0x56c262027e0de4aea31d2489529cb25d23e58a8b,0x39b38686a19836ac10162c490e4558e120cbbe5f,USDG_TO_FIRE,0.000000000000000000,5250.935123912340112442,4.910629,0.000000,400600,1000,400000,0.3996,0,1.9622873484,1714.0,17099,False,False,False,True,0x7777de7a669c6e76e059fae0e15a0ea041fd752c,379757,0x5d4aef4426a8407e57587b9623fbd2858f61fd7a404c1f2dc05d412f4cd8ccdd
FIRE_USDG_50pct,2026-08-08T19:43:13+00:00,31333991,0x42bc1bb6c968776f816f271924a19a89f6a8dc8e550fb0de101007fd3e19caa1,0x56c262027e0de4aea31d2489529cb25d23e58a8b,0x39b38686a19836ac10162c490e4558e120cbbe5f,USDG_TO_FIRE,0.000000000000000000,5258.160281537764661175,4.910630,0.000000,500500,1000,500000,0.4995,0,2.4528596850,1775.0,17707,False,False,False,True,0x7777de7a669c6e76e059fae0e15a0ea041fd752c,211961,0xbbcb3b11ee2c19c1cad79f0206c71e9bfbf98aeb1e24929dfedcdc04d2b9a248
FIRE_USDG_50pct,2026-08-08T19:44:34+00:00,31334797,0xaf0c4fbb94d822534a0f299f605e1332a15da9ac943a10566cf849191aab9b26,0xada5bb90d0de0bd1b6f3938708f49295a8d1f7cb,0x39b38686a19836ac10162c490e4558e120cbbe5f,USDG_TO_FIRE,0.000000000000000000,4874.982787440395905195,4.669448,0.000000,500500,1000,500000,0.4995,0,2.3323892760,1694.0,16901,False,False,False,True,0x7777de7a669c6e76e059fae0e15a0ea041fd752c,211961,0xbbcb3b11ee2c19c1cad79f0206c71e9bfbf98aeb1e24929dfedcdc04d2b9a248
FIRE_USDG_40pct,2026-08-08T19:44:34+00:00,31334797,0xaf0c4fbb94d822534a0f299f605e1332a15da9ac943a10566cf849191aab9b26,0xada5bb90d0de0bd1b6f3938708f49295a8d1f7cb,0x39b38686a19836ac10162c490e4558e120cbbe5f,USDG_TO_FIRE,0.000000000000000000,5386.012887652656351469,5.160970,0.000000,400600,1000,400000,0.3996,0,2.0623236120,1633.0,16293,False,False,False,True,0x7777de7a669c6e76e059fae0e15a0ea041fd752c,379757,0x5d4aef4426a8407e57587b9623fbd2858f61fd7a404c1f2dc05d412f4cd8ccdd
FIRE_USDG_50pct,2026-08-08T19:45:07+00:00,31335127,0x8baf1364d44369ab5b16350a2c5523b6115450e204c15b6d0b12024b24d17ebd,0xce444442fb53154eae6ac249c30fa6a8c03ea78e,0x7702e2e6b53114a037c45a89f855b52721a1c755,USDG_TO_FIRE,0.000000000000000000,8315.690110101440079243,8.236504,0.000000,500500,1000,500000,0.4995,0,4.1141337480,1661.0,16571,False,False,False,True,0x7777de7a669c6e76e059fae0e15a0ea041fd752c,211961,0xbbcb3b11ee2c19c1cad79f0206c71e9bfbf98aeb1e24929dfedcdc04d2b9a248
FIRE_USDG_40pct,2026-08-08T19:45:07+00:00,31335128,0x37a54d0d8c5054ca92e239d86abbcef3aebc56dfa2af1c6cd1355a7b9f76076e,0xaaa11f4a1540d2212dbcd8157c5b588110897677,0x7702e2e6b53114a037c45a89f855b52721a1c755,USDG_TO_FIRE,0.000000000000000000,8226.765694526123039520,8.136240,0.000000,400600,1000,400000,0.3996,0,3.2512415040,1600.0,15962,False,False,False,True,0x7777de7a669c6e76e059fae0e15a0ea041fd752c,379757,0x5d4aef4426a8407e57587b9623fbd2858f61fd7a404c1f2dc05d412f4cd8ccdd
FIRE_USDG_40pct,2026-08-08T19:45:20+00:00,31335253,0x53e61037f5300497696998269a3d6babb520e89c0fb7180d234b51f66bde2baf,0x18dd3c14e34c1bc379f7538068c59160d9f68e25,0x39b38686a19836ac10162c490e4558e120cbbe5f,USDG_TO_FIRE,0.000000000000000000,4121.352555780404583079,4.195931,0.000000,400600,1000,400000,0.3996,0,1.6766940276,1587.0,15837,False,False,False,True,0x7777de7a669c6e76e059fae0e15a0ea041fd752c,379757,0x5d4aef4426a8407e57587b9623fbd2858f61fd7a404c1f2dc05d412f4cd8ccdd
FIRE_USDG_50pct,2026-08-08T19:45:20+00:00,31335253,0x53e61037f5300497696998269a3d6babb520e89c0fb7180d234b51f66bde2baf,0x18dd3c14e34c1bc379f7538068c59160d9f68e25,0x39b38686a19836ac10162c490e4558e120cbbe5f,USDG_TO_FIRE,0.000000000000000000,2993.390479618195639280,3.052180,0.000000,500500,1000,500000,0.4995,0,1.5245639100,1648.0,16445,False,False,False,True,0x7777de7a669c6e76e059fae0e15a0ea041fd752c,211961,0xbbcb3b11ee2c19c1cad79f0206c71e9bfbf98aeb1e24929dfedcdc04d2b9a248
FIRE_USDG_50pct,2026-08-08T19:49:17+00:00,31337627,0xeef38ba284e18139b79c5954fca1b2efadce229e8fe35cb5bb86363769f3403b,0xce44444210304811ffac48fc7ea08a09f14ec4ac,0x849bc3e52bb2e1807cc97afbf2528a79128a5deb,USDG_TO_FIRE,0.000000000000000000,10281.686114758396216813,10.855894,0.000000,500500,1000,500000,0.4995,0,5.4225190530,1411.0,14071,False,False,False,True,0x7777de7a669c6e76e059fae0e15a0ea041fd752c,211961,0xbbcb3b11ee2c19c1cad79f0206c71e9bfbf98aeb1e24929dfedcdc04d2b9a248
FIRE_USDG_40pct,2026-08-08T19:49:17+00:00,31337628,0x9c231c2aa4e8b9ef193229d064752b5e1d78ddce2dfc920c85df41aaf87e0628,0xaaa11c5473e11217320d65453ef8e4916193c291,0x7702e2e6b53114a037c45a89f855b52721a1c755,USDG_TO_FIRE,0.000000000000000000,10441.832794957917446798,11.009100,0.000000,400600,1000,400000,0.3996,0,4.3992363600,1350.0,13462,False,False,False,True,0x7777de7a669c6e76e059fae0e15a0ea041fd752c,379757,0x5d4aef4426a8407e57587b9623fbd2858f61fd7a404c1f2dc05d412f4cd8ccdd
FIRE_USDG_40pct,2026-08-08T19:49:31+00:00,31337768,0xf78fa3fcdf4516a6ae2dcedc50fd289d64aad46cce831eb1d1fda4a9d1fa6275,0x370a7e2d300c14d79d4a7ee07aaca46c4b3012cf,0x39b38686a19836ac10162c490e4558e120cbbe5f,USDG_TO_FIRE,0.000000000000000000,2557.386823735126462719,2.782508,0.000000,400600,1000,400000,0.3996,0,1.1118901968,1336.0,13322,False,False,False,True,0x7777de7a669c6e76e059fae0e15a0ea041fd752c,379757,0x5d4aef4426a8407e57587b9623fbd2858f61fd7a404c1f2dc05d412f4cd8ccdd
FIRE_USDG_50pct,2026-08-08T19:49:31+00:00,31337768,0xf78fa3fcdf4516a6ae2dcedc50fd289d64aad46cce831eb1d1fda4a9d1fa6275,0x370a7e2d300c14d79d4a7ee07aaca46c4b3012cf,0x39b38686a19836ac10162c490e4558e120cbbe5f,USDG_TO_FIRE,0.000000000000000000,1786.771887869404761553,1.947757,0.000000,500500,1000,500000,0.4995,0,0.9729046215,1397.0,13930,False,False,False,True,0x7777de7a669c6e76e059fae0e15a0ea041fd752c,211961,0xbbcb3b11ee2c19c1cad79f0206c71e9bfbf98aeb1e24929dfedcdc04d2b9a248
FIRE_USDG_40pct,2026-08-08T19:50:59+00:00,31338638,0x93b7b9fc6d432ed08c2ecb75d2e36514dc18ca93a60d70e95f217fccd929e408,0x0ec4e45f9ce3020024c0418a74cd31fbc487038f,0x39b38686a19836ac10162c490e4558e120cbbe5f,USDG_TO_FIRE,0.000000000000000000,4754.672429370832274320,5.267332,0.000000,400600,1000,400000,0.3996,0,2.1048258672,1248.0,12452,False,False,False,True,0x7777de7a669c6e76e059fae0e15a0ea041fd752c,379757,0x5d4aef4426a8407e57587b9623fbd2858f61fd7a404c1f2dc05d412f4cd8ccdd
FIRE_USDG_50pct,2026-08-08T19:50:59+00:00,31338638,0x93b7b9fc6d432ed08c2ecb75d2e36514dc18ca93a60d70e95f217fccd929e408,0x0ec4e45f9ce3020024c0418a74cd31fbc487038f,0x39b38686a19836ac10162c490e4558e120cbbe5f,USDG_TO_FIRE,0.000000000000000000,4302.309377741175764977,4.767594,0.000000,500500,1000,500000,0.4995,0,2.3814132030,1309.0,13060,False,False,False,True,0x7777de7a669c6e76e059fae0e15a0ea041fd752c,211961,0xbbcb3b11ee2c19c1cad79f0206c71e9bfbf98aeb1e24929dfedcdc04d2b9a248
FIRE_USDG_40pct,2026-08-09T00:46:37+00:00,31515786,0xbd387a2bf710e37442ab8e1ecba19bd443227a5237134c25acc509477a75b1d7,0xe71411ebb40224f0043d21ee440829156f4fab0a,0x8876789976decbfcbbbe364623c63652db8c0904,FIRE_TO_USDG,635.750000000000000000,0.000000000000000000,0.000000,0.255802,400600,1000,400000,0.3996,254.0457000000000000000000,0,,,False,False,False,False,,,
FIRE_USDG_40pct,2026-08-09T01:51:31+00:00,31554663,0xc6545cb0eb62a12a2ac618e2175242e2a5b5b989d7ddf96339aef235014e9480,0xe71411ebb40224f0043d21ee440829156f4fab0a,0x8876789976decbfcbbbe364623c63652db8c0904,FIRE_TO_USDG,476.812500000000000000,0.000000000000000000,0.000000,0.191547,400600,1000,400000,0.3996,190.5342750000000000000000,0,,,False,False,False,False,,,
