tx_hash,block,timestamp,tx_from,native_value_eth,input_token_class,tokens_sent_by_eoa,tokens_recv_by_eoa,v4_hops,n_v4_hops,suspect_legs,suspect_usdg_in,suspect_fire_out,swap_sender
0xfe06bb541cf7b3ccf438e9cffd9466acd79161156a65ebc78fa692989fa3881f,13585884,2026-07-19T05:21:31+00:00,0xccfd9df30028337a1d9a003724b53fe64b6f630a,0,FIRE,FIRE:50000,,ETH/FIRE@200000 -> FIRE/USDG@500000 -> FIRE/USDG@900000 -> FIRE/USDG@50100,4,1,6.752983,23746.125,0x1d4b86491ec211257cbedd77a4380a7494624eff
0x46bbb36b5c1da58cfa589bb7b5dd85cdcee0fbd915a8a0d1e6441f7cd5de0b34,13723184,2026-07-19T09:11:34+00:00,0x72e5dc60d7f7009e4df877dc924ec02a9e580066,0,none_from_eoa,,,ETH/FIRE@200000 -> FIRE/USDG@900000 -> FIRE/USDG@50100 -> FIRE/USDG@500000,4,1,12.414154,421134.180232194,0x1d4b86491ec211257cbedd77a4380a7494624eff
0x6110c258c007d8d68d3e6e6a4974b761396e3dbc2d771a84bc99411297320e66,15333407,2026-07-21T06:04:32+00:00,0xe93bc5b2088eac5b7bf3aabb6db9a40b079f5ffc,0,FIRE,FIRE:8339.234576697307449677|FIRE:438.907082984068813141,,FIRE/USDG@50100 -> WETH/USDG@300 -> FIRE/USDG@400000 -> WETH/USDG@200,4,1,0.161631,438.90708298406884,0x8876789976decbfcbbbe364623c63652db8c0904
0x2ad27c41fc2e78348a7b3768167319d33f6e3484e4cdccb5ae8eac03eda82ad1,16941808,2026-07-23T02:50:44+00:00,0xb4864f7f85eb2fdbd58b4293a2b9bd684fb13336,0,none_from_eoa,,,ETH/FIRE@3000 -> FIRE/USDG@500000,2,1,100.907144,67849.17295137508,0xa633c73658857d5241fe21d43f854a82e2d0592c
0xade3300f80d779fec5edc269e80015c727d1a225cc2fe5ea7bb120eaf2701924,16941809,2026-07-23T02:50:44+00:00,0x000043499317f9f18a14a9059cbb94e2c72d71a6,1.2959E-14,ETH(native),,,ETH/USDG@100 -> FIRE/USDG@400000 -> FIRE/USDG@50100 -> ETH/USDG@100,4,1,1.353015,740.6550699575906,0xf094e5ac95a1f7120bc4a17296e41677e1dcd1ba
0x64a1b87235edb8fce25e9797dd1b136374359256b00edc9f48a966f7a5f7c27e,16945015,2026-07-23T02:56:07+00:00,0x43370308b53e3611521ba48e2f7632a5644d7b1f,0,none_from_eoa,,,ETH/USDG@0 -> FIRE/USDG@500000,2,1,1.901863,2144.5111562838,0x1d4b86491ec211257cbedd77a4380a7494624eff
0x68bd9a33708ae4c5d59865eff34299b17d489d38e8bbacbd7bd6b275ee14ad85,16947150,2026-07-23T02:59:40+00:00,0x6113eecea9998199825a9df4811368f069d85a50,0,none_from_eoa,,,ETH/FIRE@3000 -> FIRE/USDG@500000,2,1,8.325636,10056.757631731669,0xa633c73658857d5241fe21d43f854a82e2d0592c
0x82bc076a2241578680e29ae97fb5245654c4b63a63c756d4257c3ef2aa407ad8,16947830,2026-07-23T03:00:49+00:00,0x81a514664f5330b7b9f131691c67a1895a2f4bc6,0,none_from_eoa,,USDG:0.114279,ETH/USDG@100 -> ETH/FIRE@3000 -> FIRE/USDG@500000,3,1,4.114279,5404.405841889779,0x4dbfd2ea0fa92f7f4e695078abb905395a24c113
0x097b2738e51cb10e5e345239b790a8c23a26263ccdb25a9229f7e264eb799021,16963641,2026-07-23T03:27:15+00:00,0x4337016838785634c63fce393bfc6222564436c4,0,none_from_eoa,,,FIRE/USDG@500000,1,1,3.023953,4144.008340027574,0x1d4b86491ec211257cbedd77a4380a7494624eff
0xca79f4c1188e23915caf67d7e9ccb19b9b25309c0a8d24ec2ab6b2541b359afe,16966396,2026-07-23T03:31:52+00:00,0x4337021d22bcd0775a0fd1b4a6665051dc15d995,0,none_from_eoa,,,FIRE/USDG@500000,1,1,1.913554,2687.147082643714,0x1d4b86491ec211257cbedd77a4380a7494624eff
0x1b7c5c26aa9724794d5b9685cb306f0c9dc05a8811a5d2caf734c6b5a1446268,17054619,2026-07-23T05:59:24+00:00,0x43370188473a398394e4ba4a7c7cbb2c6265e22a,0,none_from_eoa,,,FIRE/USDG@500000,1,1,2.792735,4013.4344747681,0x1d4b86491ec211257cbedd77a4380a7494624eff
0xf50ffe042627593be4497336916db1f1ff1386c3e9a1055da47b66365dfa06f7,17296836,2026-07-23T12:44:10+00:00,0x35f17f653000b663c3f28667bcd68b2e17d460d7,0,FIRE,FIRE:10000,,FIRE/USDG@450000 -> FIRE/USDG@400000 -> FIRE/USDG@25000 -> FIRE/USDG@500000,4,2,3.050280,4250.15328,0x1d4b86491ec211257cbedd77a4380a7494624eff
0xb9502a70234e44da590669bafad43ccba5d1bdc3ff0ee130843da13ee40b7959,17297811,2026-07-23T12:45:47+00:00,0xd71212080d90ffa50a80bff2af2ade6f99f29b96,0,none_from_eoa,,,ETH/FIRE@3000 -> FIRE/USDG@500000,2,1,7.055577,10484.089738386816,0x1521027b665fa38fa4a642991607ad708376dd7b
0x630c9b30fa769998cca874382f6ce605547baff0d96be7a5f15a2778cb2bd549,17297948,2026-07-23T12:46:01+00:00,0x35f17f653000b663c3f28667bcd68b2e17d460d7,0,FIRE,FIRE:20000,,FIRE/USDG@25000 -> FIRE/USDG@500000 -> FIRE/USDG@50100 -> FIRE/USDG@450000 -> Index/USDG@9500,5,1,5.345215,8499.9,0x1d4b86491ec211257cbedd77a4380a7494624eff
0xa97ad7f27d90da24c92f43509caac6d31a648688eae53f8eb698c43909a8d938,17299663,2026-07-23T12:48:53+00:00,0xeeef618a70e663813331892ee129709845570a1f,0,none_from_eoa,,,ETH/FIRE@3000 -> FIRE/USDG@500000,2,1,6.905387,11772.949146217195,0xa633c73658857d5241fe21d43f854a82e2d0592c
0x135bd717c3349de7177b85bdc54da7f302b9f20b3f31114010891e39108e4b5f,17299899,2026-07-23T12:49:17+00:00,0x35f17f653000b663c3f28667bcd68b2e17d460d7,0,FIRE,FIRE:18421.108105528225337389,,FIRE/USDG@25000 -> FIRE/USDG@450000 -> FIRE/USDG@500000,3,1,4.30129,7829.707789173717,0x1d4b86491ec211257cbedd77a4380a7494624eff
0x97b9df076fe1a90f52805aa1e411b3aea2d37c841459cb7e946b4df94e341ce7,17748013,2026-07-24T01:17:53+00:00,0x0db8a59558dad8e67b5b4d4ea6aabf9f96bf075d,0,FIRE,FIRE:5198.175976119336126776,USDG:3.378153,FIRE/USDG@400000,1,1,3.395128,5198.175976119336,0xa687b664662b96b180346d699a6d5b42e9b05d31
0x01db8a735a57fb324ebe09bbdf29dae1e3dd51d9224019b363d984cdf2a9ae09,17963321,2026-07-24T07:18:05+00:00,0xeeef618a70e663813331892ee129709845570a1f,0,none_from_eoa,,,ETH/FIRE@3000 -> FIRE/USDG@500000,2,1,8.909087,17447.42530921694,0xa633c73658857d5241fe21d43f854a82e2d0592c
0x3197c6af0b19100f22c80abb90ddbdcd138ce555aee809b41b9e92a39029e604,17963828,2026-07-24T07:18:56+00:00,0x95d5a1aa091655dbb5b61cf011b3288ac2f79f92,0,none_from_eoa,,,USDG/VIRTUAL@3000 -> ETH/FIRE@3000 -> FIRE/USDG@500000,3,1,16.04555,36111.55646465156,0xa633c73658857d5241fe21d43f854a82e2d0592c
0x15fb712a8b6537854383ca2ad14d3d02eb1a0f8ef528600583ab23eccef738df,17963837,2026-07-24T07:18:57+00:00,0x440e1da19f8569b5d92bc935707461a9f883df2f,0,none_from_eoa,,,FIRE/USDG@25000 -> FIRE/USDG@400000,2,1,0.606295,1072.6299189816298,0x5162700f6f252136cd8a2d7bb827b799f11a1a45
0x203f02389c183e2bc468da547fc60172b995b1f0ae25a73356fa8ab0751b1e08,18275319,2026-07-24T15:59:45+00:00,0xb4864f7f85eb2fdbd58b4293a2b9bd684fb13336,0,none_from_eoa,,,ETH/FIRE@3000 -> FIRE/USDG@400000 -> USDG/VIRTUAL@3000,3,1,25.373037,20892.76680204539,0xa633c73658857d5241fe21d43f854a82e2d0592c
0x4666c008a31e451e8d3c630dca2bbc42bc05f0cc3c9ad314b5c335bd4f0cf1a2,18275319,2026-07-24T15:59:45+00:00,0xe858582b200ed580c840b8c24f37560a68406584,0,none_from_eoa,,,ETH/FIRE@3000 -> FIRE/USDG@500000 -> USDG/VIRTUAL@3000,3,1,117.384008,113667.72704575883,0xa633c73658857d5241fe21d43f854a82e2d0592c
0x540816d819d8654e93f3089de0b4df63db6f0599e805ac3c32614312540d7884,18276435,2026-07-24T16:01:37+00:00,0x81a514664f5330b7b9f131691c67a1895a2f4bc6,0,none_from_eoa,,USDG:0.126464,ETH/USDG@460 -> ETH/FIRE@3000 -> FIRE/USDG@500000,3,1,5.015352,7692.456909711918,0x4dbfd2ea0fa92f7f4e695078abb905395a24c113
0x70b1124c104e7f8dfe01737b5544dbecc861c3f25cf1bd56c46baf973971292f,18278116,2026-07-24T16:04:25+00:00,0x43370308b53e3611521ba48e2f7632a5644d7b1f,0,none_from_eoa,,,FIRE/USDG@500000,1,1,2.544418,4045.0592960165,0x1d4b86491ec211257cbedd77a4380a7494624eff
0x6c6b4aaa9824a3d21e7c0cea6b8310a1499f5d1f518e9cf7de9b8a1c8f9e4d08,18288047,2026-07-24T16:21:00+00:00,0x433700890211c1c776c391d414cffd38efdd1811,0,none_from_eoa,,,FIRE/USDG@500000,1,1,2.854402,4657.8328240988,0x8f10b468b06c6fd214b65f87778827f7d113f996
0x196f54a32b18ed5f42bf93c85c76bffbb0fa7d979dc8fa5a53260104d097b929,18349429,2026-07-24T18:03:27+00:00,0xdf465f1a0ec31f5d14e8c61179b71e382f97e794,0,none_from_eoa,,,ETH/FIRE@3000 -> FIRE/USDG@400000,2,1,8.038471,9174.547736784783,0x4c4353e0d893c9d3114b3ce1d9e4b802e687ad0d
0xa61be5392ead1d2f84d2e9088f3312f8dbc91a029bb41df80361aac0223fbcec,18349429,2026-07-24T18:03:27+00:00,0x95d5a1aa091655dbb5b61cf011b3288ac2f79f92,0,none_from_eoa,,,ETH/FIRE@3000 -> FIRE/USDG@500000,2,1,13.536994,18054.640133541987,0xa633c73658857d5241fe21d43f854a82e2d0592c
0x13976748c9ec47f275cf18ed6261210d8c36624e6fba3344a21b65d6fd4ff9d1,18349880,2026-07-24T18:04:12+00:00,0x4337011463ef6bd863e47e7b5e743d2522261131,0,none_from_eoa,,,FIRE/USDG@500000,1,1,2.939952,4210.894902325255,0x1d4b86491ec211257cbedd77a4380a7494624eff
0x8ddbf89426cce4bade978c96eb5f25d0e0e04a71058ec9216f00351cefdb89f5,18354132,2026-07-24T18:11:18+00:00,0x81a514664f5330b7b9f131691c67a1895a2f4bc6,0,none_from_eoa,,USDG:0.073008,ETH/USDG@500 -> ETH/FIRE@3000 -> FIRE/USDG@500000,3,1,4.073008,6013.973716279914,0x4dbfd2ea0fa92f7f4e695078abb905395a24c113
0xd9e13b883b337272b5fe7116a77c1cce3aab2b25bd5be1328633090937c46d85,18355596,2026-07-24T18:13:43+00:00,0x718a74deadeb8bdcbcbf2fd0e228f4b41b92cab7,0,none_from_eoa,,,ETH/FIRE@3000 -> FIRE/USDG@400000 -> WETH/USDG@200,3,1,12.338182,13608.587737265114,0x4c4353e0d893c9d3114b3ce1d9e4b802e687ad0d
0x7228a91562d54ce26e73875288b1538ada3317fbdcce9cc194159c7f24a5959d,18355596,2026-07-24T18:13:43+00:00,0x718a74deadeb8bdcbcbf2fd0e228f4b41b92cab7,0,none_from_eoa,,,ETH/FIRE@3000 -> FIRE/USDG@500000 -> WETH/USDG@200,3,1,25.336289,34286.605805212304,0x4c4353e0d893c9d3114b3ce1d9e4b802e687ad0d
0xc8fcad2e39a6de9447fe52482c5313b47e37cd545a2f909cc4d43ca0de6fe4a5,18355673,2026-07-24T18:13:51+00:00,0x81a514664f5330b7b9f131691c67a1895a2f4bc6,0,none_from_eoa,,USDG:0.25132,ETH/USDG@500 -> ETH/FIRE@3000 -> FIRE/USDG@500000,3,1,7.362431,11405.31968219936,0x4dbfd2ea0fa92f7f4e695078abb905395a24c113
0x1347148cb39ca5001db1b7be88e91c25134e8bf2fa4920fdfd6b6ff450fe58ee,18362149,2026-07-24T18:24:41+00:00,0x4337026d731283f9917fa3c9194d74809bfbec26,0,none_from_eoa,,,FIRE/USDG@500000,1,1,3.792264,6169.6966219472215,0x1d4b86491ec211257cbedd77a4380a7494624eff
0x6fc8243a1777bbc97c0c443d6a6f4e8e03f631aadaf83cade8f566516b876729,18392664,2026-07-24T19:15:37+00:00,0xeeef618a70e663813331892ee129709845570a1f,0,none_from_eoa,,,USDG/VIRTUAL@3000 -> ETH/FIRE@3000 -> FIRE/USDG@500000,3,1,15.410715,27083.055780436665,0xa633c73658857d5241fe21d43f854a82e2d0592c
0x8692c086e75f93ae5585a5e16c696342b1dec0282d116f758dd0aeab18ad94bb,18392665,2026-07-24T19:15:37+00:00,0xfce111095e51bc515e2da7131524868ab27a6f08,0,none_from_eoa,,,ETH/FIRE@3000 -> FIRE/USDG@400000 -> ETH/USDG@100,3,1,4.763326,7961.945052512888,0x7702e2e6b53114a037c45a89f855b52721a1c755
0x5343f529dde83de5a69f167746ef76f95f9350fe3a2c7e1f663e5caf9e71f257,18701871,2026-07-25T03:52:31+00:00,0x4337007ab182ebe9cdb0bc4b96734c32176d44cc,0,none_from_eoa,,,FIRE/USDG@500000,1,1,5.17913,9850.281982333738,0x1d4b86491ec211257cbedd77a4380a7494624eff
0x655f24cffb634f7149ebe98a3b51834b234b933b9f9be86ad35d018b43c82c26,19411729,2026-07-25T23:40:30+00:00,0xe71411ebb40224f0043d21ee440829156f4fab0a,0,FIRE,FIRE:2543,USDG:1.305911,FIRE/USDG@500000,1,1,1.305911,2543.0,0x8876789976decbfcbbbe364623c63652db8c0904
0x08e50bfda808b7991599da01be574023be05212e60225203e5d1b8228b96c660,19687264,2026-07-26T07:21:38+00:00,0x4337004ec9c1417f1c7a26ebd4b4fbed6acf9e5d,0,none_from_eoa,,,FIRE/USDG@400000,1,1,3.323093,6277.083525423277,0x1d4b86491ec211257cbedd77a4380a7494624eff
0x08cd4620309c75d71b3b082eeb42b0827a7c1d7976872fdedbc2f7b9e748f213,19687599,2026-07-26T07:22:12+00:00,0xfad4c8f1e71e4c56b87733bd916ff7cff46c6c29,0,FIRE,FIRE:24369,USDG:12.039928,FIRE/USDG@500000 -> FIRE/USDG@450000,2,1,8.797432,17789.37,0x8876789976decbfcbbbe364623c63652db8c0904
0x036c9da13f534059d5feb064f85e0c069caa48f3b157271b31ccd373406c8a29,20021264,2026-07-26T16:40:02+00:00,0x4337019d937ebcbd73dd750072d86c1ce664b350,0,none_from_eoa,,,FIRE/USDG@400000,1,1,2.334657,4631.819918130974,0x1d4b86491ec211257cbedd77a4380a7494624eff
0x32a82de7044d8291c285b99e8916182854087d625eae549d6611a5880500f06a,20070357,2026-07-26T18:01:54+00:00,0xeeef618a70e663813331892ee129709845570a1f,0,none_from_eoa,,,WETH/USDG@200 -> ETH/FIRE@3000 -> FIRE/USDG@500000,3,1,10.857514,23711.95897608764,0xa633c73658857d5241fe21d43f854a82e2d0592c
0x64fa0aa1c397a6b32f8bdff2c53a9bb079e8ce156b5418351aa19d9b8c41e791,20098837,2026-07-26T18:49:27+00:00,0x433702948d7be4201a2bcee6c349ad807c547a5d,0,none_from_eoa,,,FIRE/USDG@400000,1,1,2.401443,5201.5531441582625,0x8f10b468b06c6fd214b65f87778827f7d113f996
0x159c64034d5948d14b90f97676149c33a011450b07ee183bb126ea07076eb581,20144334,2026-07-26T20:05:24+00:00,0xeeef618a70e663813331892ee129709845570a1f,0,none_from_eoa,,,ETH/FIRE@3000 -> FIRE/USDG@500000,2,1,10.443262,24914.90385964636,0xa633c73658857d5241fe21d43f854a82e2d0592c
0x50cfbe113e3513708e67281c4deb85eb8e812cb71adab1de79c9c84bd9d67076,20144775,2026-07-26T20:06:09+00:00,0xfce11108e69699329c11e0882af3570a9825ad1d,0,none_from_eoa,,,ETH/FIRE@3000 -> FIRE/USDG@400000 -> ETH/USDG@100,3,1,2.015483,4769.9245144905935,0x7702e2e6b53114a037c45a89f855b52721a1c755
0x61765728c828a35c2745888d4f902b426a0fc9bc6cbb7a5b2f1402c53b34e319,20146865,2026-07-26T20:09:37+00:00,0x81a514664f5330b7b9f131691c67a1895a2f4bc6,0,none_from_eoa,,USDG:0.082936,ETH/USDG@460 -> ETH/FIRE@3000 -> FIRE/USDG@500000,3,1,4.366887,11100.578178142174,0x4dbfd2ea0fa92f7f4e695078abb905395a24c113
0x7e9eca7202bd22a619e43374079762d3725518751b8b6b337966c5628cb621d1,20148080,2026-07-26T20:11:40+00:00,0xeeef618a70e663813331892ee129709845570a1f,0,none_from_eoa,,,ETH/FIRE@3000 -> FIRE/USDG@500000,2,1,11.760721,32144.708489786455,0xa633c73658857d5241fe21d43f854a82e2d0592c
0xd932ac75d98c17d4657d10968a80e5ad91f6a42c3ff29bcbc118e19b21585bfe,20148081,2026-07-26T20:11:40+00:00,0xb18192f07549bd799d4ac5ca8f93aaa722454118,0,none_from_eoa,,,FIRE/USDG@400000 -> ETH/FIRE@3000,2,1,3.140493,8292.703232242722,0x66553d3b26eef6021b5de73c1dd0ce3067d7da79
0x0e8761a434d77192d252711ea37f5bf9036540543cc62b7b302ac27cb97c98bc,20240624,2026-07-26T22:46:18+00:00,0x4337007ab182ebe9cdb0bc4b96734c32176d44cc,0,none_from_eoa,,,FIRE/USDG@400000,1,1,2.296555,6844.6432008003,0x8f10b468b06c6fd214b65f87778827f7d113f996
0x0be0c91ceeda08475fd42d59888d493ffb781ec44de77cfb71a82e00081f2286,20354494,2026-07-27T01:56:41+00:00,0xb4864f7f85eb2fdbd58b4293a2b9bd684fb13336,0,none_from_eoa,,,ETH/FIRE@3000 -> FIRE/USDG@400000 -> WETH/USDG@200,3,1,98.461223,67127.14040824848,0xa633c73658857d5241fe21d43f854a82e2d0592c
0xc9ad3062f9b616ef1b1d1f668fed160c1fed586ca38e50519434bf327a927489,20354494,2026-07-27T01:56:41+00:00,0xb4864f7f85eb2fdbd58b4293a2b9bd684fb13336,0,none_from_eoa,,,ETH/FIRE@3000 -> FIRE/USDG@500000 -> WETH/USDG@200,3,1,307.98461,242789.71593961597,0xa633c73658857d5241fe21d43f854a82e2d0592c
0x06a96fea1c1aad20fa91232e5c83485a739e6059448bb34c8380734375db8fb9,20354496,2026-07-27T01:56:41+00:00,0x8c8ad14cbebc65c6af15c484098c501f08ecb611,0,none_from_eoa,,,ETH/FIRE@3000 -> FIRE/USDG@500000 -> WETH/USDG@450,3,1,12.473195,21687.851687645212,0x000000000022b747bc1057d9497efe6d1c69296f
0xa7572b706ba4e0e23fe3fcb2dcb278da6ce2d46142f80cd381aa1990da44b9bd,20365401,2026-07-27T02:14:55+00:00,0x1983824aa3cf023dfd233115e801520b9d49a258,0,FIRE,FIRE:6041.599301933559037967,USDG:3.268741,FIRE/USDG@500000,1,1,3.285166,6041.599301933559,0xa687b664662b96b180346d699a6d5b42e9b05d31
0x8833948f0f6bc8398085162f19834336a3dc0abdca62c38ba0270525dba04c61,20378248,2026-07-27T02:36:24+00:00,0xeeef618a70e663813331892ee129709845570a1f,0,none_from_eoa,,,ETH/FIRE@3000 -> FIRE/USDG@500000 -> WETH/USDG@200,3,1,8.830009,16871.59343130513,0xa633c73658857d5241fe21d43f854a82e2d0592c
0x88de39808ac0335c509d0a853382fef16634d9d4d5d185b468ecb158982d60a8,20382514,2026-07-27T02:43:33+00:00,0x4337012eaf1f862b8dbdc6b62a01782ae01ef038,0,none_from_eoa,,,FIRE/USDG@400000,1,1,5.938436,11832.3889739029,0x1d4b86491ec211257cbedd77a4380a7494624eff
0x0300e25418ec3059428f74fb8cf1e8853b2fbb6f565d8041f85572e9e49fd3b8,20389139,2026-07-27T02:54:38+00:00,0x4337017d2e3f5e4160a27f6fdbdc38719343c62f,0,none_from_eoa,,,PONS/USDG@3000 -> FIRE/USDG@500000,2,1,9.175924,18519.33037487038,0x1d4b86491ec211257cbedd77a4380a7494624eff
0x717b53794bff024222a3df8e55a6be6e967e6f66b4a6139a7ad4978d78854e5b,20570751,2026-07-27T07:58:29+00:00,0xeeef618a70e663813331892ee129709845570a1f,0,none_from_eoa,,,ETH/FIRE@3000 -> FIRE/USDG@500000,2,1,12.700519,27319.31280177425,0xa633c73658857d5241fe21d43f854a82e2d0592c
0x5717d76e8646d3e2983d565210ccc95b5cb61ae0d81c82a84d5b0eb8b175ea65,20754676,2026-07-27T13:06:16+00:00,0x43370330be39d388f6219d8241dc1f76fb9df268,0,none_from_eoa,,,FIRE/USDG@500000,1,1,2.084315,4679.502885037473,0xaa61254627b7392b0bc922097b10eb0587db2be7
0x21a046825df41f82a72ba52a52a2be46f7a609f56f8bad6d11fc9a7b41683aa8,20761649,2026-07-27T13:17:55+00:00,0x2f878417db3b6a61388bb620ff4f8be745cae66e,0,none_from_eoa,,,ETH/FIRE@3000 -> FIRE/USDG@500000 -> TA/USDG@39950,3,1,6.620461,15233.80988802789,0x000000000022b747bc1057d9497efe6d1c69296f
0xdfef287a4a46121ca8bce8e9dc1052af434cced44422621119ed86088c727c21,20784022,2026-07-27T13:55:17+00:00,0x4337002c5702ce424cb62a56ca038e31e1d4a93d,0,none_from_eoa,,,FIRE/USDG@400000,1,1,3.951908,9346.3422642319,0xaa61254627b7392b0bc922097b10eb0587db2be7
0xe45e9e6555225d6c299a1df3203c1249435eab2d5c5bba926cbbac17e06ccb8d,21644109,2026-07-28T13:55:37+00:00,0xeeef618a70e663813331892ee129709845570a1f,0,none_from_eoa,,,ETH/FIRE@3000 -> FIRE/USDG@500000 -> WETH/USDG@200,3,1,8.004376,19333.428118562624,0xa633c73658857d5241fe21d43f854a82e2d0592c
0x439a8d1caadc97c6755558c5a9956af17cce236c337859eae0ac2cf8a28de245,21877909,2026-07-28T20:26:19+00:00,0xeeef618a70e663813331892ee129709845570a1f,0,none_from_eoa,,,ETH/FIRE@3000 -> FIRE/USDG@500000,2,1,10.056027,25946.91219435009,0xa633c73658857d5241fe21d43f854a82e2d0592c
0x7ff8e745d14ac0f798fe449114c5cd5dd58790df090b415c407e6218f7b0d407,21879972,2026-07-28T20:29:47+00:00,0x4337013ef5cd421cef649fc58c1b0defd37bbeb1,0,none_from_eoa,,,FIRE/USDG@400000 -> FIRE/USDG@450000 -> FIRE/USDG@500000,3,2,14.992851,41355.031443767790,0x39b38686a19836ac10162c490e4558e120cbbe5f
0x958497332bd5c1f528a51f1bf7c5c6ea7ac4cd655eba8469bf337a722e3582c2,21923483,2026-07-28T21:42:28+00:00,0x81a514664f5330b7b9f131691c67a1895a2f4bc6,0,none_from_eoa,,USDG:0.041097,ETH/USDG@500 -> ETH/FIRE@3000 -> FIRE/USDG@500000,3,1,3.374431,9859.092733147161,0x4dbfd2ea0fa92f7f4e695078abb905395a24c113
0x82e9fb85e0fe84038419385fb8efea6eab1d9ede1c43d35bc5e1651ae5eb7307,21924200,2026-07-28T21:43:39+00:00,0xeeef618a70e663813331892ee129709845570a1f,0,none_from_eoa,,,ETH/FIRE@3000 -> FIRE/USDG@500000 -> USDG/VIRTUAL@3000,3,1,13.883078,43506.55694761105,0xa633c73658857d5241fe21d43f854a82e2d0592c
0x119275105e06f56f32d36ae29651b8b96a1eac1744bcd82f913e2318dbf88ae9,21924200,2026-07-28T21:43:39+00:00,0x7081e9256628cd654034195ecffca45993970625,0,none_from_eoa,,,FIRE/USDG@400000 -> ETH/FIRE@3000,2,1,5.14795,15764.02349288489,0x66553d3b26eef6021b5de73c1dd0ce3067d7da79
0xd14b2b298e0aba7e3d7d8606ffb2fba638bfe0adc9ed77c96dcc0098266d6ff8,21925772,2026-07-28T21:46:17+00:00,0x81a514664f5330b7b9f131691c67a1895a2f4bc6,0,none_from_eoa,,USDG:0.076029,ETH/USDG@500 -> ETH/FIRE@3000 -> FIRE/USDG@500000,3,1,4.35998,14731.232112448708,0x4dbfd2ea0fa92f7f4e695078abb905395a24c113
0x0511e8f74be617b6f6316f68a3bace2e6251428250b299f0da008ad606391890,22218851,2026-07-29T05:55:37+00:00,0xfce111029a620c7aa50f3d85c2cefcf5ee70c236,0,none_from_eoa,,,ETH/FIRE@3000 -> FIRE/USDG@400000 -> WETH/USDG@300,3,1,2.530893,8452.711712134042,0x7702e2e6b53114a037c45a89f855b52721a1c755
0x3df7ca6c08a92c68215340262df17a020dead9ac6ca3cb6297ae4079dad8f39b,22236184,2026-07-29T06:24:37+00:00,0x338d0cd039d0f2511ae9858a2cbbe4d73052e0f6,0,none_from_eoa,,,ETH/FIRE@3000 -> FIRE/USDG@500000 -> WETH/USDG@200,3,1,29.259643,114537.79407317466,0xa633c73658857d5241fe21d43f854a82e2d0592c
0x5ebebfc6ae2528cc2bd7054d5e632c23b2e8b31ccab07ea7ef3b3751318d42d2,22236184,2026-07-29T06:24:37+00:00,0x7081e9256628cd654034195ecffca45993970625,0,none_from_eoa,,,FIRE/USDG@400000 -> ETH/FIRE@3000,2,1,10.425325,40492.914199143466,0xc18410feffd9a42ec1a2f88e35cd74b80b8b3576
0xf355b30f08d7ee8cd63ed6c9e71b47d7f36a5fee2a6e7612f3aefd47af646864,22698348,2026-07-29T19:17:08+00:00,0xeeef618a70e663813331892ee129709845570a1f,0,none_from_eoa,,,ETH/FIRE@3000 -> FIRE/USDG@500000 -> WETH/USDG@200,3,1,8.048668,37231.79035923483,0xa633c73658857d5241fe21d43f854a82e2d0592c
0x5784c7333801156d7e31782bd96754f6ce6597c3bf0cb4ffd99ec514d86ed909,22698350,2026-07-29T19:17:08+00:00,0x0e4c51936a3f74b4ad06f16c9c0d4bc95b23b6de,0,none_from_eoa,,,FIRE/USDG@400000 -> ETH/FIRE@3000,2,1,3.099868,14171.590475008607,0xb1b0edf036b72231e303a12f4a682191a356feb3
0x20a5232eb7c5d688b2ec7815e59c6428c7c7c76f1ef6c0101e2f6fc272cb6886,22699058,2026-07-29T19:18:19+00:00,0x4337013ef5cd421cef649fc58c1b0defd37bbeb1,0,none_from_eoa,,,FIRE/USDG@850000 -> FIRE/USDG@450000 -> FIRE/USDG@400000 -> FIRE/USDG@500000,4,2,9.721594,48248.500810802549,0x39b38686a19836ac10162c490e4558e120cbbe5f
0xce217e230ea8bf23bb747e65eae65fad8e9c8b7365f7e18b22584b5581a13ddc,23390490,2026-07-30T14:34:01+00:00,0xa6935eecdc353b080a22dfecd744f400ce5480d6,0,FIRE,FIRE:23582.304766955243412169,,FIRE/USDG@500000,1,1,4.481891,23582.304766955243,0x53bf6b0684ec7ef91e1387da3d1a1769bc5a6f77
0xe19feb6ec5b38f6e261edd23e9e514f9d5fc81c3c5b73d8b35e21a49330e61c4,23393330,2026-07-30T14:38:45+00:00,0xa6935eecdc353b080a22dfecd744f400ce5480d6,0,FIRE,FIRE:233464.817192856909780475,,FIRE/USDG@500000,1,1,35.478862,233464.81719285692,0x53bf6b0684ec7ef91e1387da3d1a1769bc5a6f77
0x68bd91ef9d9ae091304291a71043d271678d3d2e1b00bdefdfb851feb220fc31,23394826,2026-07-30T14:41:14+00:00,0xfbbb0d7a450686a18c2f4a31f0137070469491d4,0,FIRE,FIRE:1420.994446281893190417,,FIRE/USDG@400000 -> ETH/USDG@460,2,1,0.317607,1420.9944462818933,0xa687b664662b96b180346d699a6d5b42e9b05d31
0xe51232c0376feb312966c5b3c60a02412d8a506d6355eb48955907ddc9538288,23421648,2026-07-30T15:26:01+00:00,0x1aa511c41636dc4e1dafe5092157eb606da01d03,0,FIRE,FIRE:34275.98625950250140282,,FIRE/USDG@400000,1,1,6.906805,34275.986259502504,0xa687b664662b96b180346d699a6d5b42e9b05d31
0x858b30541c3e8809b0e6b4c7270b14b568c27776e2061bebddeb15100ef2b561,23432604,2026-07-30T15:44:20+00:00,0x4be149bfa18f5c6e622f40a5fa779a44a86c6df2,0,none_from_eoa,,,FIRE/USDG@991230 -> FIRE/USDG@400000,2,1,7.624378,48569.22122250229,0x4c4353e0d893c9d3114b3ce1d9e4b802e687ad0d
0x170ed1f872d44e60f25fd21363324f07e5ffa6ca8e94424603280f6600b0d2b9,23432605,2026-07-30T15:44:20+00:00,0x1360dda89a47ee1697c47d04d97a149f6e39f36f,0,none_from_eoa,,,FIRE/USDG@991230 -> FIRE/USDG@500000,2,1,2.381673,16295.170219604732,0x000000000022b747bc1057d9497efe6d1c69296f
0xb17835f469d9f25404dce0399bc2151ee7aa0d094ef62dd10fe20ff3be07e35b,23433845,2026-07-30T15:46:24+00:00,0xe49193acd219557a150e35ccc2a66f89c42482e6,0,FIRE,FIRE:503833.523048941691991737,USDG:46.604108,FIRE/USDG@500000,1,1,46.835945,503833.5230489417,0xa687b664662b96b180346d699a6d5b42e9b05d31
0x4a337d19f9cf01881a1d51987e9572d36d9f2e0380906e980a7af3d3ab3e2779,23436990,2026-07-30T15:51:39+00:00,0x75cddbbbec8794f90ec75900501cfbe24da32714,0,none_from_eoa,,,FIRE/USDG@400000 -> FIRE/USDG@450000 -> FIRE/USDG@850000,3,1,0.662535,4972.036627799586,0x6aea160407e73658c6c546de727a7ef4cd73a1ad
0xcd5a6a7752daf94ef19ddf3ddd47d3c2ebccf65ae9bdd308f72e674c9015221f,24603793,2026-08-01T00:20:26+00:00,0x43370240c309f6cc0815929a176609267971224f,0,none_from_eoa,,,FIRE/USDG@400000,1,1,2.874755,9504.309031260407,0x8f10b468b06c6fd214b65f87778827f7d113f996
0x97e189b3bd86168a74800a7b7d0f5d91dd44c739639b08923307e24196da7154,24672496,2026-08-01T02:15:12+00:00,0xd6b33bcf3446f353ac4267f3cf66f405763a8735,0,none_from_eoa,,,ETH/FIRE@3000 -> FIRE/USDG@400000,2,1,4.210633,14467.295318047376,0x000000000022b747bc1057d9497efe6d1c69296f
0xf1b49d7d28f2a8ee50c57b345d5bb295623063908a3401eabf4b65e929348b1f,24672547,2026-08-01T02:15:17+00:00,0xfce11105bc7341b2b3b680b5cb21b2ada8cedf0d,0,none_from_eoa,,,ETH/FIRE@3000 -> FIRE/USDG@400000 -> ETH/USDG@100,3,1,3.4172,12246.843424485061,0x7702e2e6b53114a037c45a89f855b52721a1c755
0xec2209382c9f32554e92334e1fad141df92c99b9bfac62b70a8b712778b42b18,24673351,2026-08-01T02:16:38+00:00,0xfce1110e624a7ff68d72cfbdbb05855c3b20dc6a,0,none_from_eoa,,,ETH/FIRE@3000 -> FIRE/USDG@400000 -> ETH/USDG@100,3,1,7.820953,29890.20051236639,0x7702e2e6b53114a037c45a89f855b52721a1c755
0x459f4162d86a2f660bf457497426e6f3e26a696415209fc3ce2dd42e570b7887,24673829,2026-08-01T02:17:26+00:00,0xa2fdf319500419579d0f60b28d6e67cbc1260ed5,0,none_from_eoa,,,ETH/FIRE@3000 -> FIRE/USDG@400000,2,1,3.790917,15504.767040506718,0x000000000022b747bc1057d9497efe6d1c69296f
0x3a4e65ee6903675542b60054aec1870c186302c1ec261a490153d3b7e819b36e,24675904,2026-08-01T02:20:54+00:00,0xb4864f7f85eb2fdbd58b4293a2b9bd684fb13336,0,none_from_eoa,,,ETH/FIRE@3000 -> FIRE/USDG@400000,2,1,15.792244,73039.58987193504,0xa633c73658857d5241fe21d43f854a82e2d0592c
0xdbc511aecf9115060561980a6f83f1d24fe4bafa6c78a5a80ba4b72bf71387a1,24675917,2026-08-01T02:20:55+00:00,0xf0229a7df821096bd3e097e36152bc948c1f4cc0,7.501E-15,ETH(native),,,ETH/FIRE@3000 -> FIRE/USDG@500000,2,1,4.289642,21336.007586877353,0x000000007907b910ae1ee64a71f95b592fc7bb89
0xc70c5c0925746e43008b7474543f82cfd8c32c9c0345669cbef330abbec34268,24676025,2026-08-01T02:21:06+00:00,0xb4864f7f85eb2fdbd58b4293a2b9bd684fb13336,0,none_from_eoa,,,ETH/FIRE@3000 -> FIRE/USDG@500000 -> WETH/USDG@200,3,1,13.124824,73311.49513407025,0xa633c73658857d5241fe21d43f854a82e2d0592c
0x05a0e773750f26abd85afafc95f9b3816572bbea348d0c11963810fcd7294387,24676025,2026-08-01T02:21:06+00:00,0xb4864f7f85eb2fdbd58b4293a2b9bd684fb13336,0,none_from_eoa,,,ETH/FIRE@3000 -> FIRE/USDG@400000,2,1,12.524823,69886.08357172023,0xa633c73658857d5241fe21d43f854a82e2d0592c
0x6ea987c848f419787fd1649c64767ff856ebd88fa2c0a112481a26af98fc00a4,25087698,2026-08-01T13:49:46+00:00,0x4da5fb9c62006e9450df7e8b3d0d5c044b5759a8,0,FIRE,FIRE:74557.665073790240767109|FIRE:67101.898566411216690398|FIRE:7455.766507379024076711,WETH:0.012058056228441429,FIRE/USDG@500000 -> WETH/USDG@200 -> FIRE/USDG@400000 -> WETH/USDG@300 -> FIRE/USDG@450000 -> WETH/USDG@100,6,2,21.386055,141659.56364020145,0x8876789976decbfcbbbe364623c63652db8c0904
0x09484e647065b7b3a0c6c3fa5ce2f72c666a8bbbb96aa30a4d102946b985aa62,25595294,2026-08-02T03:57:59+00:00,0x1edb56b951d492a0f18b3adeab2f1880e487fa9f,0,FIRE,FIRE:1227.581665185769965718,FRONG:62.919255140650447337,FIRE/USDG@400000 -> ETH/FRONG@2500,2,1,0.170496,1227.58166518577,0x8876789976decbfcbbbe364623c63652db8c0904
0xbbeeab11f580c8430d4a4a349cde4d192c2e708ada06810910b9a0abef4864ea,28041380,2026-08-05T00:05:42+00:00,0x6fe9e13938f25fbaf0493522cf56480f4a992f1b,0,FIRE,FIRE:19870.634783155107960141,USDG:3.004103,FIRE/USDG@400000,1,1,3.004103,19870.634783155107,0x8876789976decbfcbbbe364623c63652db8c0904
0x4c936f02df1b87873dbd3262df5519051387ee2535b3bd142f8b702c9023fc96,29572361,2026-08-06T18:41:59+00:00,0x1f09756741dedc39a9669565601c4bec5a548af6,0,FIRE,FIRE:37915.781722941834421679,,FIRE/USDG@400000 -> WETH/USDG@200,2,1,5.739569,37915.781722941836,0x8876789976decbfcbbbe364623c63652db8c0904
0x10a09a490cecce71fb826a8866c6596403ebfb419d582739ca28753bf06b2c6d,29714959,2026-08-06T22:39:58+00:00,0xeeef618a70e663813331892ee129709845570a1f,0,none_from_eoa,,,ETH/FIRE@3000 -> FIRE/USDG@400000,2,1,7.155152,16475.49821438932,0xa633c73658857d5241fe21d43f854a82e2d0592c
0x5a5ad12282b15825e51ded68f8a030361a5db57460980a5ff99d4c59356b6124,29720011,2026-08-06T22:48:22+00:00,0x11c551c0dea7d78ca92390571480bebeab630505,0,FIRE,FIRE:1932.875343089491204219,,FIRE/USDG@400000,1,1,0.805954,1932.8753430894913,0x8876789976decbfcbbbe364623c63652db8c0904
0x135516d2b77d8b5c7308895b4d83e6b381413b6736bc69bab0089f9ec825035f,29929309,2026-08-07T04:37:18+00:00,0x0e4c51936a3f74b4ad06f16c9c0d4bc95b23b6de,0,none_from_eoa,,,FIRE/USDG@400000 -> ETH/FIRE@3000,2,1,4.373068,10769.556963611401,0x3892d8dba09b0d079d6b97064bc088eed437da25
0x6a528eea74cede3192f4bca667ed9b98a60c9118aa2318a307e0665576f76ca1,29949232,2026-08-07T05:10:37+00:00,0x45df5e6c3bccb8a03049653472096156aaec8012,0,none_from_eoa,,,FIRE/USDG@400000,1,1,0.790576,1999.06946381495,0x114d574247342eafea95b7a9234e62984d48cd9e
0x27c90e6c8822cf3983b8b7f6827b3d453c0405996ded40018f4b74da49450b02,30283903,2026-08-07T14:30:06+00:00,0x672e672fc3eb65dcb9f844d30cc0292125e01526,0,none_from_eoa,,,ETH/FIRE@3000 -> FIRE/USDG@400000,2,1,21.960569,58867.59525921174,0xac24ce15ac5f4ca34be88a4bf1b5e17303dab423
0x578f2da8045fff60e66df9756c970e44a16522ab90232a35855daf8c4b33f9ee,30284063,2026-08-07T14:30:22+00:00,0x1d11dc9f4ad849c241368ea0b776e52b046f6f00,0,none_from_eoa,,,ETH/FIRE@3000 -> FIRE/USDG@400000 -> PONS/USDG@2500,3,1,4.523691,13987.418185169947,0x000000000022b747bc1057d9497efe6d1c69296f
0x41d88c5be4c1073778579fb75637d77227530179d4e932ee7d6dc0669e5439b3,30442016,2026-08-07T18:54:04+00:00,0xb4864f7f85eb2fdbd58b4293a2b9bd684fb13336,0,none_from_eoa,,,ETH/USDG@8388608 -> ETH/FIRE@3000 -> FIRE/USDG@400000,3,1,18.848663,67142.96002843938,0x6ab8c6c5451126a0c5ce92c7999797067d449c31
0xbfa23640715b910bcbd95ea6c01f9f29d2fc2f41200641632457356c25d049a4,30442016,2026-08-07T18:54:04+00:00,0xb4864f7f85eb2fdbd58b4293a2b9bd684fb13336,0,none_from_eoa,,,ETH/FIRE@3000 -> FIRE/USDG@500000 -> USDG/VIRTUAL@3000,3,1,22.437048,79460.14543797416,0xa633c73658857d5241fe21d43f854a82e2d0592c
0x07191c68596f2b14f87d44fee034c96fb31f3b97821cd9fbbcae4815d2c8d725,31143120,2026-08-08T14:24:50+00:00,0xfce2220c39b345e7273cdce4f58ce54a5e40eb79,0,none_from_eoa,,,ETH/FIRE@3000 -> FIRE/USDG@400000,2,1,4.959454,7546.64060055643,0x849bc3e52bb2e1807cc97afbf2528a79128a5deb
0xe359893cd11bd8306356caf993fd0f13d9b2bcb067320c58c4c8b0b10f5e0e09,31143120,2026-08-08T14:24:50+00:00,0xbc6b4e98c1a34329f40cc31eb8b35a0478fb6b01,0,none_from_eoa,,,ETH/FIRE@3000 -> FIRE/USDG@400000 -> ETH/USDG@8388608,3,1,17.646214,29177.59285908931,0x0930790d32890aedd4c33fc6f9a67a1638394a12
0xd87fc3352f51c8f3164821a296f9f3ce9a5aafdfc19cd7ec19ecff5702b8f6df,31143195,2026-08-08T14:24:57+00:00,0x0ec4e45f9ce3020024c0418a74cd31fbc487038f,0,none_from_eoa,,,FIRE/USDG@400000,1,1,9.310182,17043.08848266507,0x8876789976decbfcbbbe364623c63652db8c0904
0xfcfbe8c386a8d77a35c3d56a568164d4179947e680a378308793bbfd57e0b9df,31144696,2026-08-08T14:27:28+00:00,0xbe2a16dca3961c19acda0268c829e0eb437b28e6,0,FIRE,FIRE:1859.104275|FIRE:741782.605725,,FIRE/USDG@400000 -> FIRE/USDG@500000 -> ETH/USDG@25,3,2,207.304475,741782.6057250000,0x8f10b468b06c6fd214b65f87778827f7d113f996
0xbd387a2bf710e37442ab8e1ecba19bd443227a5237134c25acc509477a75b1d7,31515786,2026-08-09T00:46:37+00:00,0xe71411ebb40224f0043d21ee440829156f4fab0a,0,FIRE,FIRE:635.75,USDG:0.255802,FIRE/USDG@400000,1,1,0.255802,635.75,0x8876789976decbfcbbbe364623c63652db8c0904
0xc6545cb0eb62a12a2ac618e2175242e2a5b5b989d7ddf96339aef235014e9480,31554663,2026-08-09T01:51:31+00:00,0xe71411ebb40224f0043d21ee440829156f4fab0a,0,FIRE,FIRE:476.8125,,FIRE/USDG@400000 -> ETH/USDG@8388608,2,1,0.191547,476.8125,0x8876789976decbfcbbbe364623c63652db8c0904
