origin_tx,order_id,fire_source,block,fire_sold,actual_relay_deposit_usdg,actual_usdg_per_fire,canonical_eth_per_fire,synthetic_eth_output,bridge_usdg_per_eth,synthetic_benchmark_usdg,actual_minus_benchmark_usdg,actual_vs_benchmark_pct,canonical_nearest_block_distance,canonical_best_size_ratio,bridge_nearest_block_distance,bridge_best_size_ratio,benchmark_confidence,canonical_match_txs,bridge_match_txs
0x64a1b87235edb8fce25e9797dd1b136374359256b00edc9f48a966f7a5f7c27e,0x5bcbe5e5f071bf2158306d8b134238bbec8bd7293bd577cd74dcf53e8ccdb4f1,0x3268eebced4018c5321d904121c10111a4700daf,16945015,2144.5111562838,1.901863,0.000886851529975585510916749379690252600413101470479252569893364,4.7451840811455256E-7,0.001017610020063687215091269376528,1925.6676767676768,1.9595787231915495353261440256708200918390101504,-0.0577157231915495353261440256708200918390101504,-2.94531281180418299128632283416793673240577849283531822109504,88,1.01362703623814938969784179719312800719074005673266265437850,14,1.02788890915523961120330240053333333333333333333333333333333,HIGH,0xf72100bf39f83fb311beec571be9cd8584cda8630769e5fdd9beac144d645c63|0x57b09c3f75376cdfe8cad0918640da19b55ee457b0fe4a305325042efff4d7c1|0x970d497af4a0e46d544d9aaa3f3f6681f873b98b60675ecc5d6dcd56164448e0|0xe9e48c0ac1e305ec670057c283da8ed7422992b7da536061fc2c5432d826759a|0xa35dd29010148d22a39b6e955db6606d57952a241079cb930c60993d82482824,0xe595adcd8fce58e5e50b63b7e42a7cdc630f15892e846eaca79ecaea5412d98d|0xaa7f5d51523d81223e85596a109dabc2886c97d022f5ea0530ea869208e0751a|0x91f9e8aeef4e764e8919ba9e97a58209808b309641680c5395184f7a577b9fb3|0x59aa3403e165e8595d3d0f15e74ae8fcd65b34712b6e36510d2bc7810bd8d3e8|0xd240ae814db012b890d392f569f3dedadc48a5dd676437c12f6c340d95b27d09
0x097b2738e51cb10e5e345239b790a8c23a26263ccdb25a9229f7e264eb799021,0xcbbdd498fdb2846c8ccfcce41087fa08d7ad8735fc54d3d57e398f6b82c60ad7,0xe0077b307550eff13aad4a163be7c1d99b22314d,16963641,4144.008340027574371295,3.023953,0.000729716919435514098102235366748736298906143091478893574823057,3.94470627544963E-7,0.001634689570442237676540316464069037085,1919.7481893537015,3.1381923430118658617456154469322422587185035855201275,-0.1142393430118658617456154469322422587185035855201275,-3.64029130547891053254569934234123173309112789126855287041874,1624,1.66407535498495035272534265834080620114012437565047304964332,99,1.06146075061894477243623545156830979767672024866445963170935,HIGH,0xef1ec729f7e6f34ce8e1d5f4faa8210bd97efa90c37ca06c818a35de396917a9|0x0e76adbc6b52fbf1a74b5315cf6ae181ffedc4f1d31da2d6cfd4c785cee1fefc|0xe52d4a5bdb26c9994fe0520f26b7a866db086e47f87a46c4e1c4cdf7a4c17f8d|0x1adb440fdda923d9d80ff023cb2b0e9a407cb61189d99722f66d656b7458e157|0xdb38ed4131d965a3c1d1848eae5d46f719a8c1576b9d335d0cecefe43b14de8c,0xfb0496ebd792a37bcc4b876e477d7f79e537afc8ce321f86d4b16e543fbbe3d4|0x65deceaacfa908eb0e80cda8155481fee8d9c3bd6a03fbed978bf90594086e35|0x39c9fb14fd61e5d20859c6b354eb4adf5f93de38c3626cf5189818490057e8a1|0x493d9a8d0c7a1ff66164cd00f04474fe53432bf1ed88406719666bffb525144e|0xa7c810f3d19e93ff08cc5168c3200d2f6e5303c61836064959c1a78f46349619
0xca79f4c1188e23915caf67d7e9ccb19b9b25309c0a8d24ec2ab6b2541b359afe,0x6b7b5740fc3aa325941f3c56a8017ea35935504b02642af484a4e76492565a9c,0x23845fb6645bbb694d4089c920794b9cf6ae61c6,16966396,2687.14708264371395029,1.913554,0.000712113606419108002275216614479783807132808948403280618473962,3.9700518591132337E-7,0.0010668113271160378809625001601442952773,1921.7151515151515,2.05010749112687658631638860902387198185373030084401095,-0.13655349112687658631638860902387198185373030084401095,-6.66079665178032340076618083030770949279151415068423494254105,421,1.07905555890299142977816663329689955418494443659977350382138,75,1.01313662744838270040733800331024962033300531803760808729513,HIGH,0xef1ec729f7e6f34ce8e1d5f4faa8210bd97efa90c37ca06c818a35de396917a9|0x1adb440fdda923d9d80ff023cb2b0e9a407cb61189d99722f66d656b7458e157|0x9c8225f17be64ea53f63d09c94de5a8cd7c74d9c40b82dc9bb1e504429927edc|0xdb38ed4131d965a3c1d1848eae5d46f719a8c1576b9d335d0cecefe43b14de8c|0x0e76adbc6b52fbf1a74b5315cf6ae181ffedc4f1d31da2d6cfd4c785cee1fefc,0xfcc04786a6ddfbd8f50a895364ea9cf0a48a8e0cf1ccec8b04549f60c65a009d|0x75746d0bd2ec45224e14995b23e7660610238022f8ea0b4e82e90435057120c7|0x5634d71f9d9c64b68ab75d7ea19d67c90abcc8a1e082d640033db113a750552e|0x6ad6dc5f212ca9fffcc555fa8e9c0aa55c70cd69bf44330c5081ecb495552ef3|0xdcc9782613ff23070aab6ebb2d0d512a947436c89feea77d5994fd8378eecf5c
0x1b7c5c26aa9724794d5b9685cb306f0c9dc05a8811a5d2caf734c6b5a1446268,0x36f09c51add846100bc080f61523be60a39e98f080a34b30c1081044366fcd6b,0x7a09760387b078c9e255467c8c5620e25f8a16af,17054619,4013.4344747681,2.792735,0.000695846666379514478539831999517915896879867385024752707987649,4.2866696622583766E-7,0.001720426780445029630929556746646,1920.3674887800469,3.3038516559931626511968859785247763038432976974,-0.5111166559931626511968859785247763038432976974,-15.4703270368087135270995667235136432761310632393907997231877,2146,2.02709572291167096550748072658466342819488876659285052709928,4078,1.01275007124803079940932246690291625730830086315658968251323,MEDIUM,0x9f2aa33faf31a0b04b9620ab24198950bacd38b17cae7e266252680958d4638a|0x3a312b3f405e0f266b73faeb1a2d1773ca33b79fb82efed31abf4458f31bd387|0x222152b4031ef0fe58dc49d1cff63346f2e9aa4fb5d8761f90ac7e37d5f8eb38|0x7967eb564c882c281c4b40becbee3259a8c4d6160a3d83c493406fd98eb41334|0x5124a1c21760a456424db725222e16fb5dc066bff556e82238a481d986b62a8d,0xe3886e5d820833d4272f1e0c7d2eb57185f86ec87d316b8a9973dd9aebac0695|0x5565ca61f206a8755158ee99b8056465d653c83531015bf9774c7134768baad9|0xc163987d2e1eabbb6770357772d0056c87aa0235ca1cb35e8b91973a88f42f1f|0x24714a9afef3303f6148fdc171bc2fa55c9d4063e5ba00fb011fc958acfc132b|0xf82706eda527f8865a4b7d368615a2c4f6b2ad7814e1c064d6dbacb24e32da20
0x70b1124c104e7f8dfe01737b5544dbecc861c3f25cf1bd56c46baf973971292f,0x6219f74d0a0ff553abc3f4b22d273863b12b6361382118cab86357680b4dbf1b,0x95f44a617172de3938240a2d0a0f52df5dbd8f48,18278116,4045.0592960165,2.544418,0.000629018714881558362007372236806606841417409715794834355795160,3.4830903384052383E-7,0.001408930695223136599109392323195,1861.1079654231494,2.6221721396089551552107550770392486440995703330,-0.0777541396089551552107550770392486440995703330,-2.96525687366011902444977185581453728933075470400631518085411,1682,6.08019567055375090793696565629257961480107124648582217580253,46,1.01140014254888572735085472812354391747020042420569530751198,LOW,0x47ccffc17aa776d102ced56a810e030af0e6a0a19edc8427883d2ec779d02d70|0x79a9ab62ac2e35e94bd2099865f2436e1fb984bf3d12ba02bb06628ff390b402|0x11281cc7bba790a8eb7d554b1d4d5104694a124d2adfe5b999a06f768a6ccca2|0xca481d603278031a5cfff2b0951b0286052d1d5a628781610698fe1a2587cc30|0x919ebda0deb891c450d6357aead2af301ecbbf879b82f75063b8f325c4eacaf8,0xdcab85fe6b39b9d35f13e82dd6d09b02d7a0a590fc9baf0f5cd887cab79df9f9|0x72769460a723ee8c4ad107159f5ae3d78deea720382b560e7b3ccb131bb9011e|0x7a1c980278c92f12805901c1528e4d72e7441cd98dc2fde50805c8491b29ea38|0xec7fcfb40ff26e5f24739a894bbb897e7612443522db38a79d7b8d76c904229d|0x300502c7511f2861832817a10951816b4faeb61197d9a0385374a47a15a39ad0
0x6c6b4aaa9824a3d21e7c0cea6b8310a1499f5d1f518e9cf7de9b8a1c8f9e4d08,0x8bacc6a197c6938c27f1dd5ffecc613e40f39cc03e85eb04848f696a77479d67,0x12eed01bbdeff4848296bfc608dedacbf4813902,18288047,4657.8328240988,2.854402,0.000612817614499135922549264376701067423192244337747534036320438,3.4830903384052383E-7,0.001622365250752531609271639674404,1861.5841820830628,3.0201694883621346406252963416287250294750845712,-0.1657674883621346406252963416287250294750845712,-5.48868164521560861071543262446604713929458694464586965987646,5167,5.28029943271554248088460471609416462260945596687353022751443,1,1.01128114574455796887611673974803703267787826554865667985026,LOW,0x47ccffc17aa776d102ced56a810e030af0e6a0a19edc8427883d2ec779d02d70|0x363e9a5336a4ec10996270f1771852c1f3aa5141eab043c5d652775b18e5973f|0xca481d603278031a5cfff2b0951b0286052d1d5a628781610698fe1a2587cc30|0x79a9ab62ac2e35e94bd2099865f2436e1fb984bf3d12ba02bb06628ff390b402|0xb206ba97316d1205220fc37b72ea9eb0675ca0cbc8e6b45e65809ea1d56fbe6a,0x357091b37ddfd34b46e3f97acf8acb4844c3a607509f8759c8b9b2149760779b|0xe8c5176a5941025e1c1ae196975291f53aae01541108e194da7275c75c942c1e|0xb13695728def348f8e592d9dd13a127b8b3788a3f6ea0d0f61dd89281f3e4f40|0x7bb3a0daeef14a54e82fc71c3c1e69c62e4a544ecce3b282a79125e5153e8254|0x4d4ce5b7d5b652d17dfe955f9b2e80546c69bc1d37c1a88cad31a9b6504f55c0
0x13976748c9ec47f275cf18ed6261210d8c36624e6fba3344a21b65d6fd4ff9d1,0xac5bca2347ac9d889bd3eb8488ef327e87366258626d3f191c5b0683985f2520,0x85c857ee7bf7c23b0f463b1c0e130f408b34e9eb,18349880,4210.894902325255219588,2.939952,0.000698177482030377715128928328731572485754549126868083757714879,3.773286002800829E-7,0.0015888910794209249524883068419423438452,1863.1351849155558,2.96031887506758206813658130742610147873796568986716216,-0.02036687506758206813658130742610147873796568986716216,-0.687995987159224737901332165818082562734744430408555571081083,1661,1.15387737860801156961339478123687408314678795940891629238832,298,1.03846010678173505491240543512962864759012276462163583102241,HIGH,0xc45b17e47ce7d69d8472cb87161e52e909f865d0a53b09319215d863c74b96de|0xb1febc78e4d575f9cc2d3a317f1cd76f6e1640cb00463683f223408caf12444c|0xab062f855d711354fc2358b6db1ed6e324cfcd7c5e7f9f62dcbbb9e6e2f33243|0x5cf0c191caa84a06e5524524df38c15764dc2074090732129c846a028f56aed1|0xa510d7f9354aa7ce76bbe213fb9724dbc8698916785f2e0eb55d87d94981991e,0xa4e18605bb325a73509169a6119d37afc51eada68cdc94a8bdda647f4d0c6655|0xb6b8a6cf4638d7c15caf741f5e2b672a6e176a3e4f08a9def5f9f5ecf25e3b91|0xc188e154fce0ce90de4ad639ad42df8066280ba7339eb8b97d463820c806ebb1|0xa7fd131159f27965f502c1628ec7973859f8c50a5dbce8ff7741c574c78b2c5f|0x0a1008331a997ede13a43a0101aec1b2373dbdb57f2fb9887450642773cb78a2
0x5343f529dde83de5a69f167746ef76f95f9350fe3a2c7e1f663e5caf9e71f257,0x962b259380d5eb5973e42b445f1cb60d9dea13200709105ac9d1d8e609865c94,0xdc7e7358922826eaeb11f6ad0cbe3c109d96e705,18701871,9850.28198233373848904,5.17913,0.000525784948013534474458051921281985009363712782207641803960439,2.9198182793595045E-7,0.0028761033388863625417622732650793080680,1857.4645501335413,5.34225999450213347858054252339580593761292480250120840,-0.16312999450213347858054252339580593761292480250120840,-3.05357647643534828676293265205600740107417706690840399217141,152,2.40119098329890446902694077086367468298110943921602990034008,957,1.02200462970207497832103866689298051992245733923466107939623,MEDIUM,0x9eecf756cabada19c5145ee75b6b4a1687de17fa7ff981bd45c2bc20f4292e44|0xd37bc6b41b70402a7b1b43d7c54cfa9bc7e5330398855da6ee8e5cb3ee4fb2a3|0xf8b7a98bbade79755935d90a19de81cc043a33eb781b136509645facd3049695|0x5f1910d02ff9e4f5f19ae100371e2f3f319393d6c5a5249259162d8f36fa0083|0x97f75193ebf05bff8a8831aceb1bc19afe4bc077e3611081a447f32d9046cb1c,0xd9640c37f0d3c6c9f964b3f4679207f8e4e978c33a2516e6dc297ca31109fe20|0x08a01e6115a2d15be26810769807c539afbe839331ed549a641bdcea9de3b23d|0xa79d982ed3c8eaa579f3651553a996cde992b23d69bb3145b8f0ff5a11c53972|0x16f49583d2780f6baad6c1773fc338953744b43c459d2d56d2ba152ff287a256|0x63c13b24b038a436b088633d1e379f6c9c40e3f95a554c28b3bbc9756c72c92f
0x1347148cb39ca5001db1b7be88e91c25134e8bf2fa4920fdfd6b6ff450fe58ee,0x9eb883ac1546c736e1fbba67ca4c1727b34eefb0020d7aeea203b05c44084eb5,0xfea12f8f88faf484c0c74818f48b6a688c549d2d,18362149,6169.696621947221570347,3.792264,0.000614659720302928174481727498870656069113451549269655776061456,3.4333715003827545E-7,0.00211828605478013441894997327290473808115,1861.9087996203527,3.944055445508212758500911870794707206857852150284221605,-0.151791445508212758500911870794707206857852150284221605,-3.84861337791496524686850850667709170189617027562073669423412,2997,1.69063192743376556215120553555371487769243129081436477096407,2,1.03450387407145006281340270770125615447220107436522810193766,HIGH,0xc45b17e47ce7d69d8472cb87161e52e909f865d0a53b09319215d863c74b96de|0x99de8cc3a215f6ce14a7921b6d6973a2e8ff7cb2c348ce13be8b69aedde2d610|0x8c1fe587a845f5fb335aa18b7cde6b5ec967c6b11ad45b30e51f5a7f204283fb|0x32c12dce74a092abc1a47c3d67c77e7ab1651e4a2864c00811fc0d070129cb95|0xe7a59743d57153e236c1259142596843d14323a893e43de84d3a1890831c6b83,0x7f27e8adabe7cf430e621edb8440ff4bf42547afda9aa14a0f1c492dbd1decb7|0x5a3291e55d5a2c70a696ecc41ce9a47c89e38c8ecfac0e0bc973511d44bdc5c8|0x13a5d433068e9ff9ad146e055ab7a2f6fff633cc3465646bbf3015466023d3a4|0x6d300a36d1bf0fd1c7b1231b39365008c73beb9818e20532c770cb56a9416fa0|0x680cbf41024f4e72771f22f497eefb9a282e29cb69660fca59b0219ecd13cc64
0x036c9da13f534059d5feb064f85e0c069caa48f3b157271b31ccd373406c8a29,0x4584f44cd199db099273b5d0c4c1b1b0e7649b43a94e03efaab790173782ef13,0x6de10fca0e47549a78d1527573c5d42a5f18f15a,20021264,4631.819918130973597053,2.334657,0.000504047445985783917282654630799377660450640565473074151623784,2.688176717838081E-7,0.0012451150465138369648946738898192775293,1917.924638008687,2.3880368248642202372957018299737297728850969572970291,-0.0533798248642202372957018299737297728850969572970291,-2.23530157945765030135223549420711578934134411323695538829778,3664,1.72140364802785783047419312695150905162529917235053996575952,55,1.02946688183869104945975014606062321598150874075248899127583,MEDIUM,0xc887d19747c28d92a78316792357f8b68d52fb076105f31bc0c60ed5b4156a35|0x5b6f4844775751361387360e8f8d129c94ba81f3990f9195176708ecd68e6603|0x1c20834adee2651332d6ce2bb22702cc2fec9e43ea446754da64c9af9c9f6f38|0xf592b856dd69aad3c040d556faa3f135923c4635b931c7ad418987341c357b3d|0x32aa28ca3f1a0f3e70b042ed6d5065157788054eca91a88a0ff9e0d2938fe410,0x25b182de66d1824a7d7cd88a6d8e2688276704b2a81507f40c93c4d1b3ceefb3|0x89c735d3e935123a90631c27d6090f30df1884c3015dd115eb1d872a150251f6|0x731f58b3d54d48ae3a70a644a577cad7ab423b13d308b16b73e6423c6330ebf9|0xcfd0e6596feb27294f2851143dd743169d41c1c7a6bcb63af66e0c967b2049a1|0x349a95ce4d198f8dd0f9e0fadc1b6e92c1dd17162d8612b6764e617c4cff0847
0x08e50bfda808b7991599da01be574023be05212e60225203e5d1b8228b96c660,0x30e6486ea1c0fd5812d2941f7c287f1529495d9d6b5e94eb086ce32e23036cce,0x67b142cf3fcbf2975e29940716ddb411cc85a496,19687264,6277.083525423276633932,3.323093,0.000529400793623487272948804818991282703451824676752552642431306,2.89766572451991E-7,0.001818888978156762978961766750151558612,1881.3443477124124,3.4219564981716315725508068946034979466410385985155888,-0.0988634981716315725508068946034979466410385985155888,-2.88909278140896393059941359397739032247747158603817000119687,2691,5.21431230233872458070021420786928038184767172651321281834149,914,1.05483073625763737597612681807531023426742485702828010983990,LOW,0x9b27006db1be7ed29cce0766f7bbedb6f6dc01e28f5ebb262d4f2e4b7417b109|0x07c3a771a82ab698ce018058bcf8ed72986bb2604ae31f3a3b14d1c8464750ee|0x6a93dd9c92780e9fa636ca565796ef3e4131fb63050b930617733657616ba14d|0xf2b8eec9afa21daf2bb94336c1df6fa10c1f4d6f4d274ac721eafa3d8eacf215,0x4504b6db948bcd08c13d9373ada624525e54b3e7330ec966827f9158ad97259a|0x794c3b96bd57ac1a770c5aa2c871f3784feb0ad42ff754f10a7b1d66f4876f88|0x7e50bd99c3d5cd81d8363d5663d2d10921da96ebe77bfc0409769ca73dca878a|0xc4ff163f2e47bc0220a040cb59004f31c0be15202ec73c9db7cb5e7413218c9d|0xff978633adb89decc04a41a3a5451cb3e55f8a5451bbb4b3833a0f605cbca8de
0x64fa0aa1c397a6b32f8bdff2c53a9bb079e8ce156b5418351aa19d9b8c41e791,0xe3a8816fa76c57634176850f16bae432cd1f565b5216f759b358aa43b3662b7e,0x40ed225bdcb060947f6887fcbb811c6d320e6bce,20098837,5201.553144158262515977,2.401443,0.000461678066809141817272450368669012297025294201457691558071424,2.543130387383938E-7,0.0013228227862501342852566016686958177426,1911.6729168864986,2.52880449431471946254690681393817784105718567627006036,-0.12736149431471946254690681393817784105718567627006036,-5.03643103296655379434836011874285513831559495742245638325027,2174,1.40089325516271182561020466274115571100828263452826636635314,61,1.00197482387672202040862546608973222230671225496829765986665,HIGH,0xedd09abe0d6b99adea0d675f55c0826596350e4d674fa948e29561ae0d0b6055|0xb71fc9c61338f01b5d8ffd69cdcb1c210ee2a9de7d8f97b4cfaca8b108aac4d9|0xeae65dbf0455031e98671a9eb497745387909a61c2d261aac0f1910648d21a24|0x78464bf1c4aed0a294c3a6e708288f1a2ac0f66633b51d1c5eb630d93e297b3f|0x4e541ffd330f4954de5d0b8d1dbfd3833e8ba5201d6206e3ab80a41309c73b47,0x13d51915a4292f047642c0845891453c5f6fe8b479e5611e0b6dd69d07537860|0x17e02ee4a7f707cce0d7d86f897aad6462b12f5b66982e8b4bc3ce36f9b82ac7|0xfce895c53d30d99a3ce010f4aac41c550395dbf52224aafb014c0565cfdeebde|0x18cd0ccaf420c978b215d0353b9208d35db017301c04597602a1fe919bfd09d4|0x71a15cc4f0cbcdf3918b9cf27abf51f1893d9dfe818b4b494dd69f9725e5757f
0x0e8761a434d77192d252711ea37f5bf9036540543cc62b7b302ac27cb97c98bc,0xf4418ed95237ae1b377016a16e3f304aba4c28211ef10a3a49267b50f2d79eda,0xa6580ce630320e9e88a32ec5a6fbe154252dd09e,20240624,6844.6432008003,2.296555,0.000335525889754410957525082521568498480386637343805820898560819,2.2303439015005424E-7,0.001526590822085210155884256408272,1943.9192782484608,2.9675693290486061576327401522341065222203877376,-0.6710143290486061576327401522341065222203877376,-22.6115805443956162801437693092128546904916840865492502179013,2305,1.38418417851054342671019351888389968156735871262551013893446,16,1.00146387262904696495078745048890060399301940225260565553641,HIGH,0x1c60cea6781ffa8f9ed692bda6439768bad5c9c6d6bb1d554fb4ed88600dcc94|0x2743d096f85edd4356ff89f68d9b42dd752a70d4ac7a79d707e20dcfaa1a5001|0x6b8d90e79a7967df022f9e484ef1d728e66e7416bff56c32126e0abc95f788e1|0x2813ecb76173621cf8b42a47abbd08ecd31f655bb552022e8aa44a678cd234b0|0x9c28b2a8c6c7475b816e0b00dc0030970c2011e07a4fec2e7fce2bb2584e7ac5,0x07c7a34dd92f83cdbdc2c72ce432ceaa12fdba8ae2e6c11b8706efec1efd5d40|0xd2ce6a171d5d51504d87f6fc404acbe1925ec5f3826c6c6b61900fe0471a9063|0x5f5393d452b8173c164d3c89bc2ba6d9df73048d3ee2a973676c8a9e5b7dfa89|0x4d04bf1d2563ddb9f0217e885346f1be8bd5f0f999c33eefcce305cf2bb3ef4c|0x32b63a42baa0e9b3f437ab2080afc19728468f8f9a9643366cb4099ab5f73d19
0x5717d76e8646d3e2983d565210ccc95b5cb61ae0d81c82a84d5b0eb8b175ea65,0xa03b4eed311a1f0205eca532a53411e309d37e423fbb759ee90153c7dae3dd0d,0x240a3b686201aa700ff685334a63b0351991680c,20754676,4679.502885037473162617,2.084315,0.000445413765351981172576863349722436352075048202639426186252769,2.4374067582806433E-7,0.00114058519573841053018227458577042715161,1954.7729446625383,2.229585081712070382554699506011901285479757035141531663,-0.145270081712070382554699506011901285479757035141531663,-6.51556573927734174094181623509344542167756043898966895891462,771,3.07969688438363382173797374247897952100183588618629208027113,452,1.03488179232575378733787401407117087144262640615416157356797,MEDIUM,0xbfbe4ad9fa3cd266eb530cf39ecb534e60a105ec4fad8a5d44b5a28a46304fb2|0x82821ced531bc641678760bcec4835df21ced81c81f55d325913c3ad8c35bb47|0xb09f8250eee9289bf3778c0d4a9f746dc2819460c3326d587769147f92b38108|0xfabb705d671a80dd0f68201f676a81a6e0a69df8e78f0120044dc376f1d9dac6|0xfac244b95ae4d5ce24919043e140dbf787c07d41c7a3b5099a156a7673315d84,0x2da646055e338ee7b4987b0fcf1e5796227b4aa370c8d9a118cc38de6a33db47|0xd104af95632b8636f7d2eff308e7fc56c5238e1a8060a9c12164df9bdc036278|0x28b263dab720a5c718bca12e37fd873530ddab5065ef03074dc4cc9b2d5cd515|0xd104af95632b8636f7d2eff308e7fc56c5238e1a8060a9c12164df9bdc036278|0x4aa46cccd4db5a06b99c4922f19a383970ef8e6efe89993d03b4d6f80b4ab7e2
0xdfef287a4a46121ca8bce8e9dc1052af434cced44422621119ed86088c727c21,0xf814552d80f2b08e5682be77abe42a47ccfad82efe640b169a9720afba31aa9d,0x353a3cbaceb6e95ceb503e21d19a903a29806e14,20784022,9346.3422642319,3.951908,0.000422829368781389821931690784515233210495544657756188843317791,2.1776651708340592E-7,0.002035320402351214818475444712848,1963.6126318083334,3.9965808518340649766746808698391398243364475232,-0.0446728518340649766746808698391398243364475232,-1.11777675693872737888581924362416591588311139371439399164837,6343,9.92213353437215374305054420024892197763005814457166657814938,136,1.01596087423461423445090383672763737793438470093601745961434,LOW,0xb5ff84679159ced8c3e3f9b0f6fe3a1ec5695c71f86bfc0d42f17c7c3f5f44e9|0x1526b0b5fbc053da4786236a8a067076a7707c0e177e16118523738793fe007c|0x82821ced531bc641678760bcec4835df21ced81c81f55d325913c3ad8c35bb47|0x137251ef1e067c10e1a9212f8d3d571e81dc9d574c392912cad73f22c07385f5|0xdb9e7f888b9f9eec4ca9dad7bf2984972578bb2c117e97559a150dc799600c3d,0xec2cc7833e23128a2fefd500a95d328fce1e2ad3f652658863600cf4d2f9461f|0xa8aec4d7cccde010ad35aeb78510c89e96a3b6d05e64605d95a33cb06a8cc147|0x09c7315c316114581248e8452a4f8e77130d22857907add35993156cc41949f5|0x5762dd62965177fd523894b2dd28f8313bbea304f2d4b1ea8a39bca8087acf46|0x959a43bf40440887f9a32dfbb6c54af8e82d64fe16fb262438e8506416556921
0x88de39808ac0335c509d0a853382fef16634d9d4d5d185b468ecb158982d60a8,0xb6e8495e71b8cd70827f551319d697b6f665d7b75929f2304aa462267d534dcd,0x7a09760387b078c9e255467c8c5620e25f8a16af,20382514,11832.3889739029,5.938436,0.000501879714493633119829967802065555208443958428875422158129248,2.615294764568265E-7,0.00309451849357835195346705314685,1945.227042732288,6.01954105794379232430314163260429853250049280,-0.08110505794379232430314163260429853250049280,-1.34736281658483947540752359799681509649183449863386677349747,3036,1.57895244371772753135126872167803095017445264094999818009163,193,1.01728644782346144516039224963436011212286213696890683668605,MEDIUM,0x5db2a1013c4c44e4c666a8f0f6f96d4859b44c1b9dadf6b1a01b108c3cf76108|0xe6d6afa26c6b7595ef46a41e6f4f863dbf76b3de22aa3c46cc874c86506ee986|0x29c7de19c31e61b8887c2d1cdf9732438025f523ad1d8474e5b41b9a5148e468|0xe428ef22bc000c49feeadab370a314dfb776a246e842f7829c4944d9c43b7d4f|0x526a3d7e030e95cbb4317bf57f659eef83b86c17956e4e6bbbd8caf6fe41aefd,0x1f0c358329768e60a43e85d87b9d7dd132c01d7e383675c129761b6d39cc346f|0x2049dd3de6767dc8cd6a5ae81649f97835075216acf62fd41ef50f7c5c595e70|0xa07cb311f88acbd5c81c452e2c6278b6e5252d1062cad75a3fa2e0d122987689|0xd809daeb7048af970f2040bebc1fd8c0c98be4442524b4bad1fa3949e83ee8dd|0x404a2c7dc00f98671ce3ec018f7bca542249caee5f8c852448b43b6d929adf1e
0x7ff8e745d14ac0f798fe449114c5cd5dd58790df090b415c407e6218f7b0d407,0x196fbae81177d0bd0adf2d89f330f04220b2d1b821120ea68317ac11aaf77a55,0xb1cc9e0cd3d51a582b7bd66049aee8854fdba408,21879972,59078.6163482397,21.389005,0.000362043093120567040105030052226280421358140379428786918600684,2.1069836686168696E-7,0.012447767981022265088451168444312,1916.080516253239,23.850925699277680213914397862314539670661126568,-2.461920699277680213914397862314539670661126568,-10.3221180188919833610817119344682220247624537616439914264290,2144,1.30275518079799313601437633055409407290010731262710181773608,41,1.03784001414806185888908009949631032654775000323406149332239,HIGH,0x6515463ca179cbbef6e4f9cb64dbf8a49eb6e0a9c72b133cd6533734d5a1c835|0x5917f8ecc30f9cde68ad2e1ba1df5d7a482c5ed216ec2d33ca39d6e263b5ec20|0xaceec88b358ea70f2fbff9ceaa8601723ef6f66b64ed1ad73b987dfc8e2eb424|0xed6a6fbc45ef67ad359ae4ae250f7c4d050a876ef123410041b3fa90f26f5267|0x69abe3ffea5590cb72438d076f12c6fa7345dfe94c4d1e0b275d26e4cf0718cf,0x010ca1d8a981d4e9243714439744292a32711ffd2e22adc4e98260a2d4ca6275|0xe3f3bd77f0da34174360d026350aca05d915064c4e204ee5995034672bae5529|0x07e459b26751a2c4a4e9470805b352c3307101ef15edff6ceb03f5f65171a259|0x8179e2bc7b3a52f6c6b4628ef2b4dbd402fd94e689956032605413b8a07679aa|0x0efb21ef92dddef217bfd2da75584148bb8df52c26b9609e2ba6617dc5d26e32
0x20a5232eb7c5d688b2ec7815e59c6428c7c7c76f1ef6c0101e2f6fc272cb6886,0x5c278f605caa787d4e374f45f368502b80ca0dc59ef736e11f14acc72dfe2fc4,0xa6580ce630320e9e88a32ec5a6fbe154252dd09e,22699058,80411.152599781758990138,16.327337,0.000203048165237272241719266296611634854785979327195059878450812,1.2356856240564605E-7,0.00993629052813605990029062623795746865490,1906.9711736499034,18.948219610166040649278899549704870105123153131912936660,-2.620882610166040649278899549704870105123153131912936660,-13.8318146194584569440595425884442028838978146246732010705236,711,1.00000000000000000000001243608588695586069665058188828079768,57,1.00366570991273332326167941797550188433333333333333333333333,HIGH,0xb4a18fe3eb03d4e7a9aeb2e8f85415f5af83f91e6c7dd215660af90aea59ae9d|0x10ce098d5e2a2a1aaebe0b60fdf8688d8f7520298da25265e05d776083f2130f|0xbd66dae75e5f3883764969c655c68c4307017764a6f4a42b05d7e1cdfb7a970e|0xaffbbb7ea899339844ecf5f1da537fc21087d8aac6f501825472dad7e424a2a9|0x029cf9a7332d61af35f6b7fd2158ba675ecc6ccda53dfd98b1be9aab2f10f63a,0xebb0c9d44c64c2d44547dc9c7d833bf00c4ed07b376591669999868824159e78|0xcad768f57a925d07f2e593063bd6941b917e06de09d1d71a9762db059174b349|0xfa7778405969242062dc1227708f1883b33b8c324da8a4a52f22ced06cc25b63|0x6b271061f3e7fc201cca960d094768ce98b283911ee69a46ae5bc5d5ef4b4b1c|0xbbaa87cf8f71cb5306d1be63bfd16bb371535126cee955a00e88ea03b23830d3
0xcd5a6a7752daf94ef19ddf3ddd47d3c2ebccf65ae9bdd308f72e674c9015221f,0xa739c08107aa4f14740576ac257d51f1f256f0ce18e3a5851e5257cc37af3a2c,0x084dfa381fb739bc14d5dcca2c9466e62d712946,24603793,9504.309031260407491361,2.874755,0.000302468595091416794645758827919474270192558727037583578702816,1.8691771711011218E-7,0.00177652374683221718760066695939909087698,1862.5428959703431,3.308851684184962439587293148179742921829306035850491838,-0.434096684184962439587293148179742921829306035850491838,-13.1192548236530974656339641948334635054152875980887008279974,1995,1.19335427734914695170079244533637258525762566714442678654396,174,1.00937571300382582117975470384351480956318314074390927591113,HIGH,0xe7479961c8a69d4210bd3998dc65eb2b5db10738afb5a9128657ca8f751967c3|0xbd49aba22baa337adebefdfdfbe41dd5f7f54b343e4e327c66dda2f05237b806|0xd0ea2b7e7462c57ab685f827db294c0f45dd0275bcb5279fd9e42a67e662aa25|0xc5e561fc907fb17f973e5259ddb1c07310d7a170e3f3b1c15866bddc3533dff2|0x6d670c1f77794d4e34cab36bea52340190259bb5ce242ffe626784ffaaf90d1c,0x8182face4376a88d3f2fb0a6c9d9ef7c887036fe367cbb26cb6172243e7224bb|0x97dfb01f1b0e842ab6b0e14b0cd0612ee5dbac0986b8a76e09b3e30affda166f|0x31eeb40496a7770ed89bb1538da5955a71c1910694e0cf535a02e44aadb99f17|0xc088158a870304baeafad6a5bcf9eeee14bb8cd94556217f25acf30c44d70d6c|0xb48325eaeb49e90f2880db8475644123804dd15416036c2f758834c085bd1ffe
0xd87fc3352f51c8f3164821a296f9f3ce9a5aafdfc19cd7ec19ecff5702b8f6df,0xb9d228de3e114dafa63d2f74a7204686a56452a005bfcb4843a31dc3dad504fb,0x965fbde71f030b28e23084da0154298d51f9725c,31143195,17043.088482665067795853,9.310182,0.000546273171641959636327519382045889868717258672935066044558873,3.97857718659738E-7,0.006780724302629179540949850940954466514,1921.6633996359524,13.0302697153845116872383032868358644110671723562979336,-3.7200877153845116872383032868358644110671723562979336,-28.5495833673519259346581560277025694711779559701075466468463,5,1.00383901355955566937021084918241563137671107086057417190514,25,1.02743498395318021619180103600242660371179734756663053102167,HIGH,0xa31e9c7d0fc5bcb95e33548fe9616d52cab58604d49246ddb16f3ff53474978a|0x3a3e06ed3ad6ba4af02a94d67b0d5c14251ff482e86d95af87c9255bd4fac49f|0x265d1fc87e259f8ce3c215ce58a90cab886136661086a117a5b0f5acf63c8008|0xa62b02698074b88d1e26ad81e0fcf68c139e642add7a169fd44c1be243e6bd6f|0x1281c5e02e2ca59fc18b70a0151f12e577081aeb47a22cce9be1c2aacf976c9f,0x3a3e06ed3ad6ba4af02a94d67b0d5c14251ff482e86d95af87c9255bd4fac49f|0xff581d62646d2170283752f98614559fdc20cba521048ca964a42dce1ee2d719|0x5c802ba0c991f8e10bde07c7a1a8ca29c0aa630624c80690bc1c4d566dd67efa|0x4934dac466bdda2cdaf6f6e6b26d9ab795a0ee87a4cbb30b54d396b3751cb486|0xd69885f9893f7583fb408de896ba95a62aab448edc1234878c8e8fabcada522c
