order_tx,block,tx_index,log_index,router_sender,router_family,selected_pool,selected_fee,selected_hooked,fire_in,selected_output,invariant_ok,n_alternatives,best_pool,best_fee,best_hooked,best_output,direct_pool_regret_bps,best_hookless_pool,best_hookless_fee,hookless_regret_bps,cheap_alt_fee,cheap_alt_regret_bps,alt_ever_used_by_sender,alt_used_before_this_order,blocks_since_prior_use
0x64a1b87235edb8fce25e9797dd1b136374359256b00edc9f48a966f7a5f7c27e,16945015,1,59,0x1d4b86491ec211257cbedd77a4380a7494624eff,0x Settler,0xdfbdc88db73b4290a0f02daf53a95c5eb59ceceb7f080e08476d04ee776eee43,500000,False,2144.5111562838,1901863,True,5,0x9bd959e6fccf10bdeeee7e80ef6a3c485e95df0fb338f81789b166bf62047a08,50100,False,1788547.85780654447954139717949046421596673197634032768300160,633.559463890577525946444794869094888523927579027730546551300,0x9bd959e6fccf10bdeeee7e80ef6a3c485e95df0fb338f81789b166bf62047a08,50100,633.559463890577525946444794869094888523927579027730546551300,,,True,True,17742
0x097b2738e51cb10e5e345239b790a8c23a26263ccdb25a9229f7e264eb799021,16963641,2,11,0x1d4b86491ec211257cbedd77a4380a7494624eff,0x Settler,0xdfbdc88db73b4290a0f02daf53a95c5eb59ceceb7f080e08476d04ee776eee43,500000,False,4144.008340027574371295,3023953,True,6,0x6300e0f0d5ea6a9fc80e4876d83be5109e743b7f7498af30b7d10ec668e14f56,10000,False,2668564.08297413425226953190541530537280828235648518997329948,1331.76084956439266722935482041034126067802643424331921631830,0x6300e0f0d5ea6a9fc80e4876d83be5109e743b7f7498af30b7d10ec668e14f56,10000,1331.76084956439266722935482041034126067802643424331921631830,,,True,True,59088
0xca79f4c1188e23915caf67d7e9ccb19b9b25309c0a8d24ec2ab6b2541b359afe,16966396,5,18,0x1d4b86491ec211257cbedd77a4380a7494624eff,0x Settler,0xdfbdc88db73b4290a0f02daf53a95c5eb59ceceb7f080e08476d04ee776eee43,500000,False,2687.14708264371395029,1913554,True,6,0x6300e0f0d5ea6a9fc80e4876d83be5109e743b7f7498af30b7d10ec668e14f56,10000,False,1771729.31646181559316227051377698074597087888857777194026888,800.487310451077136369097642605303071962521022893462330072700,0x6300e0f0d5ea6a9fc80e4876d83be5109e743b7f7498af30b7d10ec668e14f56,10000,800.487310451077136369097642605303071962521022893462330072700,,,True,True,61843
0x1b7c5c26aa9724794d5b9685cb306f0c9dc05a8811a5d2caf734c6b5a1446268,17054619,3,48,0x1d4b86491ec211257cbedd77a4380a7494624eff,0x Settler,0xdfbdc88db73b4290a0f02daf53a95c5eb59ceceb7f080e08476d04ee776eee43,500000,False,4013.4344747681,2792735,True,6,0x21ea19c922003b20fba65bfea71795cc10a8fdb697088b4fbaa2b27311d1daee,25000,False,2709387.78476706140833535225480497246735562603980592565922124,307.623794945633214406644132779949229392182081952720591751000,0x21ea19c922003b20fba65bfea71795cc10a8fdb697088b4fbaa2b27311d1daee,25000,307.623794945633214406644132779949229392182081952720591751000,,,True,True,1239
0x70b1124c104e7f8dfe01737b5544dbecc861c3f25cf1bd56c46baf973971292f,18278116,4,26,0x1d4b86491ec211257cbedd77a4380a7494624eff,0x Settler,0xdfbdc88db73b4290a0f02daf53a95c5eb59ceceb7f080e08476d04ee776eee43,500000,False,4045.0592960165,2544418,True,7,0x0e6ef141436d1b1948593ce40268b6ffc56870929e83922c15a4a5d64f5b4636,400000,False,2483700.90446692247880546110632677091527118065978531729405611,244.462187149338945341630820051068983908961258505445469438200,0x0e6ef141436d1b1948593ce40268b6ffc56870929e83922c15a4a5d64f5b4636,400000,244.462187149338945341630820051068983908961258505445469438200,,,True,True,981280
0x6c6b4aaa9824a3d21e7c0cea6b8310a1499f5d1f518e9cf7de9b8a1c8f9e4d08,18288047,2,10,0x8f10b468b06c6fd214b65f87778827f7d113f996,unlabelled router B,0xdfbdc88db73b4290a0f02daf53a95c5eb59ceceb7f080e08476d04ee776eee43,500000,False,4657.8328240988,2854402,True,7,0x0e6ef141436d1b1948593ce40268b6ffc56870929e83922c15a4a5d64f5b4636,400000,False,2849312.34160480253379971908997288172087341832400719529980613,17.8627605014718950360455962916252459005492708032255720867000,0x0e6ef141436d1b1948593ce40268b6ffc56870929e83922c15a4a5d64f5b4636,400000,17.8627605014718950360455962916252459005492708032255720867000,,,True,False,
0x13976748c9ec47f275cf18ed6261210d8c36624e6fba3344a21b65d6fd4ff9d1,18349880,8,45,0x1d4b86491ec211257cbedd77a4380a7494624eff,0x Settler,0xdfbdc88db73b4290a0f02daf53a95c5eb59ceceb7f080e08476d04ee776eee43,500000,False,4210.894902325255219588,2939952,True,7,0x5ec1db57ba323c8ee482a2b35809650743abc25b9c421dc838f6f29d60715bf8,450000,False,2848798.85173641664683055339048622015942584051495228733538901,319.970461263079875317698707632885723196068550533201141209700,0x5ec1db57ba323c8ee482a2b35809650743abc25b9c421dc838f6f29d60715bf8,450000,319.970461263079875317698707632885723196068550533201141209700,,,True,True,1049981
0x1347148cb39ca5001db1b7be88e91c25134e8bf2fa4920fdfd6b6ff450fe58ee,18362149,9,27,0x1d4b86491ec211257cbedd77a4380a7494624eff,0x Settler,0xdfbdc88db73b4290a0f02daf53a95c5eb59ceceb7f080e08476d04ee776eee43,500000,False,6169.696621947221570347,3792264,True,7,0x5ec1db57ba323c8ee482a2b35809650743abc25b9c421dc838f6f29d60715bf8,450000,False,3760407.13584453178922739749576526303882555533599776175253510,84.7165293667427065986551641337058585526051871839128091034000,0x5ec1db57ba323c8ee482a2b35809650743abc25b9c421dc838f6f29d60715bf8,450000,84.7165293667427065986551641337058585526051871839128091034000,,,True,True,1062250
0x5343f529dde83de5a69f167746ef76f95f9350fe3a2c7e1f663e5caf9e71f257,18701871,5,9,0x1d4b86491ec211257cbedd77a4380a7494624eff,0x Settler,0xdfbdc88db73b4290a0f02daf53a95c5eb59ceceb7f080e08476d04ee776eee43,500000,False,9850.28198233373848904,5179130,True,5,0x5ec1db57ba323c8ee482a2b35809650743abc25b9c421dc838f6f29d60715bf8,450000,False,5140577.00520402875309335385009924806824746741379249346336539,74.9974074057102548059661201226108042704553129991126624207000,0x5ec1db57ba323c8ee482a2b35809650743abc25b9c421dc838f6f29d60715bf8,450000,74.9974074057102548059661201226108042704553129991126624207000,,,True,True,1401972
0x08e50bfda808b7991599da01be574023be05212e60225203e5d1b8228b96c660,19687264,3,14,0x1d4b86491ec211257cbedd77a4380a7494624eff,0x Settler,0x0e6ef141436d1b1948593ce40268b6ffc56870929e83922c15a4a5d64f5b4636,400000,False,6277.083525423276633932,3323093,True,5,0xdfbdc88db73b4290a0f02daf53a95c5eb59ceceb7f080e08476d04ee776eee43,500000,False,3170641.99004148189106131020901761621216415926493562329310903,480.820636443168955863709019314981615541104235672094153786600,0xdfbdc88db73b4290a0f02daf53a95c5eb59ceceb7f080e08476d04ee776eee43,500000,480.820636443168955863709019314981615541104235672094153786600,,,True,True,985393
0x036c9da13f534059d5feb064f85e0c069caa48f3b157271b31ccd373406c8a29,20021264,1,7,0x1d4b86491ec211257cbedd77a4380a7494624eff,0x Settler,0x0e6ef141436d1b1948593ce40268b6ffc56870929e83922c15a4a5d64f5b4636,400000,False,4631.819918130973597053,2334657,True,5,0xdfbdc88db73b4290a0f02daf53a95c5eb59ceceb7f080e08476d04ee776eee43,500000,False,2197104.84899336468852407080824534970071847163793715080607179,626.060932274838024376799360839058053649773527409096026474300,0xdfbdc88db73b4290a0f02daf53a95c5eb59ceceb7f080e08476d04ee776eee43,500000,626.060932274838024376799360839058053649773527409096026474300,,,True,True,1319393
0x64fa0aa1c397a6b32f8bdff2c53a9bb079e8ce156b5418351aa19d9b8c41e791,20098837,6,9,0x8f10b468b06c6fd214b65f87778827f7d113f996,unlabelled router B,0x0e6ef141436d1b1948593ce40268b6ffc56870929e83922c15a4a5d64f5b4636,400000,False,5201.553144158262515977,2401443,True,5,0xdfbdc88db73b4290a0f02daf53a95c5eb59ceceb7f080e08476d04ee776eee43,500000,False,2257694.59875414015751755468396287820736361411617648922603676,636.704367921083227266654585773649442498556609125607503533500,0xdfbdc88db73b4290a0f02daf53a95c5eb59ceceb7f080e08476d04ee776eee43,500000,636.704367921083227266654585773649442498556609125607503533500,,,True,True,1810790
0x0e8761a434d77192d252711ea37f5bf9036540543cc62b7b302ac27cb97c98bc,20240624,1,8,0x8f10b468b06c6fd214b65f87778827f7d113f996,unlabelled router B,0x0e6ef141436d1b1948593ce40268b6ffc56870929e83922c15a4a5d64f5b4636,400000,False,6844.6432008003,2296555,True,5,0xdfbdc88db73b4290a0f02daf53a95c5eb59ceceb7f080e08476d04ee776eee43,500000,False,2347994.47930520880935215046644768197086469043906680880250299,-219.078365637512832665593460472907554775896013013834043256670,0xdfbdc88db73b4290a0f02daf53a95c5eb59ceceb7f080e08476d04ee776eee43,500000,-219.078365637512832665593460472907554775896013013834043256670,,,True,True,1952577
0x88de39808ac0335c509d0a853382fef16634d9d4d5d185b468ecb158982d60a8,20382514,7,20,0x1d4b86491ec211257cbedd77a4380a7494624eff,0x Settler,0x0e6ef141436d1b1948593ce40268b6ffc56870929e83922c15a4a5d64f5b4636,400000,False,11832.3889739029,5938436,True,6,0xdfbdc88db73b4290a0f02daf53a95c5eb59ceceb7f080e08476d04ee776eee43,500000,False,5907258.26248769758463358970723347062205177467902641400053140,52.7786938151789430211853462153004158224790941100084316430000,0xdfbdc88db73b4290a0f02daf53a95c5eb59ceceb7f080e08476d04ee776eee43,500000,52.7786938151789430211853462153004158224790941100084316430000,,,True,True,1680643
0x5717d76e8646d3e2983d565210ccc95b5cb61ae0d81c82a84d5b0eb8b175ea65,20754676,9,62,0xaa61254627b7392b0bc922097b10eb0587db2be7,0x Settler,0xdfbdc88db73b4290a0f02daf53a95c5eb59ceceb7f080e08476d04ee776eee43,500000,False,4679.502885037473162617,2084315,True,7,0x5ec1db57ba323c8ee482a2b35809650743abc25b9c421dc838f6f29d60715bf8,450000,False,2076902.51060633641640089158134371355116332241843322525640804,35.6901171615395747441358334451187314874098266958683793159000,0x5ec1db57ba323c8ee482a2b35809650743abc25b9c421dc838f6f29d60715bf8,450000,35.6901171615395747441358334451187314874098266958683793159000,,,True,False,
0xdfef287a4a46121ca8bce8e9dc1052af434cced44422621119ed86088c727c21,20784022,17,31,0xaa61254627b7392b0bc922097b10eb0587db2be7,0x Settler,0x0e6ef141436d1b1948593ce40268b6ffc56870929e83922c15a4a5d64f5b4636,400000,False,9346.3422642319,3951908,True,7,0xdfbdc88db73b4290a0f02daf53a95c5eb59ceceb7f080e08476d04ee776eee43,500000,False,3941364.08249444064752572983316477252862683263560831580550877,26.7519500479291862685695379125671790941631495783843142494000,0xdfbdc88db73b4290a0f02daf53a95c5eb59ceceb7f080e08476d04ee776eee43,500000,26.7519500479291862685695379125671790941631495783843142494000,,,True,True,29346
0x7ff8e745d14ac0f798fe449114c5cd5dd58790df090b415c407e6218f7b0d407,21879972,4,21,0x39b38686a19836ac10162c490e4558e120cbbe5f,0x Settler,0x0e6ef141436d1b1948593ce40268b6ffc56870929e83922c15a4a5d64f5b4636,400600,False,14769.654087059925,5425599,True,6,0xdfbdc88db73b4290a0f02daf53a95c5eb59ceceb7f080e08476d04ee776eee43,500000,False,5407254.86538882069325321125261227189547926285331818529947698,33.9250415744186138495023602140189117773167683987531332981000,0xdfbdc88db73b4290a0f02daf53a95c5eb59ceceb7f080e08476d04ee776eee43,500000,33.9250415744186138495023602140189117773167683987531332981000,,,True,False,
0x7ff8e745d14ac0f798fe449114c5cd5dd58790df090b415c407e6218f7b0d407,21879972,4,25,0x39b38686a19836ac10162c490e4558e120cbbe5f,0x Settler,0x5ec1db57ba323c8ee482a2b35809650743abc25b9c421dc838f6f29d60715bf8,450550,False,17723.58490447191,6396154,True,6,0xdfbdc88db73b4290a0f02daf53a95c5eb59ceceb7f080e08476d04ee776eee43,500000,False,6462291.08344245676613874619280503674613004925298676442910864,-102.343089453076137299618052127208219794527076233834376109200,0xdfbdc88db73b4290a0f02daf53a95c5eb59ceceb7f080e08476d04ee776eee43,500000,-102.343089453076137299618052127208219794527076233834376109200,,,True,False,
0x7ff8e745d14ac0f798fe449114c5cd5dd58790df090b415c407e6218f7b0d407,21879972,4,30,0x39b38686a19836ac10162c490e4558e120cbbe5f,0x Settler,0xdfbdc88db73b4290a0f02daf53a95c5eb59ceceb7f080e08476d04ee776eee43,500500,False,26585.377356707865,9567252,True,6,0x5ec1db57ba323c8ee482a2b35809650743abc25b9c421dc838f6f29d60715bf8,450000,False,8633446.81888534986615823206775935391232172022270238598396425,1081.61340505623475481472436333346950370221575735677201014580,0x5ec1db57ba323c8ee482a2b35809650743abc25b9c421dc838f6f29d60715bf8,450000,1081.61340505623475481472436333346950370221575735677201014580,,,True,True,0
0x20a5232eb7c5d688b2ec7815e59c6428c7c7c76f1ef6c0101e2f6fc272cb6886,22699058,4,16,0x39b38686a19836ac10162c490e4558e120cbbe5f,0x Settler,0xc0397eb91c19243568afe2ca6f7076aac618051dd1e7f0447b4924883d45bbe2,850150,False,14071.951704961807823274,2944523,True,6,0xdfbdc88db73b4290a0f02daf53a95c5eb59ceceb7f080e08476d04ee776eee43,500000,False,2889674.77622388660484322470540535066774097566257730658767641,189.807601282338415007576511564050249203186252871772931832400,0xdfbdc88db73b4290a0f02daf53a95c5eb59ceceb7f080e08476d04ee776eee43,500000,189.807601282338415007576511564050249203186252871772931832400,,,True,True,819086
0x20a5232eb7c5d688b2ec7815e59c6428c7c7c76f1ef6c0101e2f6fc272cb6886,22699058,4,20,0x39b38686a19836ac10162c490e4558e120cbbe5f,0x Settler,0x5ec1db57ba323c8ee482a2b35809650743abc25b9c421dc838f6f29d60715bf8,450550,False,18090.700084017400683203,3661220,True,6,0xdfbdc88db73b4290a0f02daf53a95c5eb59ceceb7f080e08476d04ee776eee43,500000,False,3700121.79457047344209319047203655853430690452072194907129745,-105.136524499159993302413404430573373909707030693834213534130,0xdfbdc88db73b4290a0f02daf53a95c5eb59ceceb7f080e08476d04ee776eee43,500000,-105.136524499159993302413404430573373909707030693834213534130,,,True,True,819086
0x20a5232eb7c5d688b2ec7815e59c6428c7c7c76f1ef6c0101e2f6fc272cb6886,22699058,4,24,0x39b38686a19836ac10162c490e4558e120cbbe5f,0x Settler,0x0e6ef141436d1b1948593ce40268b6ffc56870929e83922c15a4a5d64f5b4636,400600,False,14069.262836430023721035,2847275,True,6,0xdfbdc88db73b4290a0f02daf53a95c5eb59ceceb7f080e08476d04ee776eee43,500000,False,2889130.35063454555215502148259658604430231062083556764194655,-144.871797235984097076622722138237563634649970502514499646620,0xdfbdc88db73b4290a0f02daf53a95c5eb59ceceb7f080e08476d04ee776eee43,500000,-144.871797235984097076622722138237563634649970502514499646620,,,True,True,819086
0x20a5232eb7c5d688b2ec7815e59c6428c7c7c76f1ef6c0101e2f6fc272cb6886,22699058,4,29,0x39b38686a19836ac10162c490e4558e120cbbe5f,0x Settler,0xdfbdc88db73b4290a0f02daf53a95c5eb59ceceb7f080e08476d04ee776eee43,500500,False,34179.237974372526762626,6874319,True,6,0x5ec1db57ba323c8ee482a2b35809650743abc25b9c421dc838f6f29d60715bf8,450000,False,6236443.95188238342504212435602016047740731396737084711789412,1022.81853735746780631793061637357400930688366049613980876460,0x5ec1db57ba323c8ee482a2b35809650743abc25b9c421dc838f6f29d60715bf8,450000,1022.81853735746780631793061637357400930688366049613980876460,,,True,True,0
0xcd5a6a7752daf94ef19ddf3ddd47d3c2ebccf65ae9bdd308f72e674c9015221f,24603793,8,35,0x8f10b468b06c6fd214b65f87778827f7d113f996,unlabelled router B,0x0e6ef141436d1b1948593ce40268b6ffc56870929e83922c15a4a5d64f5b4636,400600,False,9504.309031260407491361,2874755,True,7,0xdfbdc88db73b4290a0f02daf53a95c5eb59ceceb7f080e08476d04ee776eee43,500000,False,1941803.53485928880016968983028599840716922169502331275821773,4804.56157583582090981081967282667379711155890025423255407960,0xdfbdc88db73b4290a0f02daf53a95c5eb59ceceb7f080e08476d04ee776eee43,500000,4804.56157583582090981081967282667379711155890025423255407960,,,True,True,6315746
0xd87fc3352f51c8f3164821a296f9f3ce9a5aafdfc19cd7ec19ecff5702b8f6df,31143195,1,10,0x8876789976decbfcbbbe364623c63652db8c0904,Uniswap UniversalRouter,0x0e6ef141436d1b1948593ce40268b6ffc56870929e83922c15a4a5d64f5b4636,400600,False,17043.088482665067795853,9310182,True,7,0xdfbdc88db73b4290a0f02daf53a95c5eb59ceceb7f080e08476d04ee776eee43,500000,False,7344560.15705882351551695580615792413999057147430361929830545,2676.29619869343194132661646402601617698889008842125953863890,0xdfbdc88db73b4290a0f02daf53a95c5eb59ceceb7f080e08476d04ee776eee43,500000,2676.29619869343194132661646402601617698889008842125953863890,,,True,True,76
