tx_hash,timestamp,block,route_shape,n_v4_hops,suspect_pool_50_touched,suspect_pool_40_touched,canonical_pool_touched,classification,cycle_asset,cycle_input,cycle_output,gross_profit,gross_profit_pct,gas_payer,gas_cost_eth,net_profit_after_gas_if_attributable,profit_recipient,profit_recipient_confidence,all_residual_tokens,accounting_balanced,trace_ok,weth_wrap_events,swap_sender,tx_from,protocol_fee_active
0xfe06bb541cf7b3ccf438e9cffd9466acd79161156a65ebc78fa692989fa3881f,2026-07-19T05:21:31+00:00,13585884,ETH/FIRE@200000 -> FIRE/USDG@500000 -> FIRE/USDG@900000 -> FIRE/USDG@50100,4,True,False,False,MULTI_ASSET_UNRESOLVED,,0.000000000000000000,0.000000000000000000,0.000000000000000000,,0xccfd9df30028337a1d9a003724b53fe64b6f630a,0.000062852732826000,,,low,ETH:+0.0001471655|FIRE:-50000.0000000000|USDG:+13.1797890000,False,True,False,0x1d4b86491ec211257cbedd77a4380a7494624eff,0xccfd9df30028337a1d9a003724b53fe64b6f630a,no
0x46bbb36b5c1da58cfa589bb7b5dd85cdcee0fbd915a8a0d1e6441f7cd5de0b34,2026-07-19T09:11:34+00:00,13723184,ETH/FIRE@200000 -> FIRE/USDG@900000 -> FIRE/USDG@50100 -> FIRE/USDG@500000,4,True,False,False,MULTI_ASSET_UNRESOLVED,,0.000000000000000000,0.000000000000000000,0.000000000000000000,,0x72e5dc60d7f7009e4df877dc924ec02a9e580066,0.000062609556348000,,,low,ETH:+0.0001819158|FIRE:-842202.0000000000|USDG:+26.7942700000,False,True,False,0x1d4b86491ec211257cbedd77a4380a7494624eff,0x72e5dc60d7f7009e4df877dc924ec02a9e580066,no
0x6110c258c007d8d68d3e6e6a4974b761396e3dbc2d771a84bc99411297320e66,2026-07-21T06:04:32+00:00,15333407,FIRE/USDG@50100 -> WETH/USDG@300 -> FIRE/USDG@400000 -> WETH/USDG@200,4,False,True,False,ONE_WAY_ROUTE,FIRE->WETH,8778.141659681376262818,0.001621268021230368,0.000000000000000000,0.000000,0xe93bc5b2088eac5b7bf3aabb6db9a40b079f5ffc,0.000031009329120000,,,low,FIRE:-8778.1416596814|WETH:+0.0016212680,False,True,False,0x8876789976decbfcbbbe364623c63652db8c0904,0xe93bc5b2088eac5b7bf3aabb6db9a40b079f5ffc,no
0x2ad27c41fc2e78348a7b3768167319d33f6e3484e4cdccb5ae8eac03eda82ad1,2026-07-23T02:50:44+00:00,16941808,ETH/FIRE@3000 -> FIRE/USDG@500000,2,True,False,True,ONE_WAY_ROUTE,ETH->USDG,0.031318531897268427,100.907144000000000000,0.000000000000000000,0.000000,0xb4864f7f85eb2fdbd58b4293a2b9bd684fb13336,0.000079164710870000,,,low,ETH:-0.0313185319|USDG:+100.9071440000,False,True,False,0xa633c73658857d5241fe21d43f854a82e2d0592c,0xb4864f7f85eb2fdbd58b4293a2b9bd684fb13336,no
0xade3300f80d779fec5edc269e80015c727d1a225cc2fe5ea7bb120eaf2701924,2026-07-23T02:50:44+00:00,16941809,ETH/USDG@100 -> FIRE/USDG@400000 -> FIRE/USDG@50100 -> ETH/USDG@100,4,False,True,False,CLOSED_CYCLE,ETH,0.000369165968405919,0.000702932483737760,0.000333766515331841,90.410965,0x000043499317f9f18a14a9059cbb94e2c72d71a6,0.000016498764240000,0.000317267751091841,0xf094e5ac95a1f7120bc4a17296e41677e1dcd1ba,medium,ETH:+0.0003337665,True,True,False,0xf094e5ac95a1f7120bc4a17296e41677e1dcd1ba,0x000043499317f9f18a14a9059cbb94e2c72d71a6,no
0x64a1b87235edb8fce25e9797dd1b136374359256b00edc9f48a966f7a5f7c27e,2026-07-23T02:56:07+00:00,16945015,ETH/USDG@0 -> FIRE/USDG@500000,2,True,False,False,ONE_WAY_ROUTE,FIRE->USDG,2144.511156283800000000,1.901863000000000000,0.000000000000000000,0.000000,0x43370308b53e3611521ba48e2f7632a5644d7b1f,0.000155261282880000,,,low,FIRE:-2144.5111562838|USDG:+1.9018630000,False,True,False,0x1d4b86491ec211257cbedd77a4380a7494624eff,0x43370308b53e3611521ba48e2f7632a5644d7b1f,no
0x68bd9a33708ae4c5d59865eff34299b17d489d38e8bbacbd7bd6b275ee14ad85,2026-07-23T02:59:40+00:00,16947150,ETH/FIRE@3000 -> FIRE/USDG@500000,2,True,False,True,ONE_WAY_ROUTE,ETH->USDG,0.004079563871403220,8.325636000000000000,0.000000000000000000,0.000000,0x6113eecea9998199825a9df4811368f069d85a50,0.000077168045216000,,,low,ETH:-0.0040795639|USDG:+8.3256360000,False,True,False,0xa633c73658857d5241fe21d43f854a82e2d0592c,0x6113eecea9998199825a9df4811368f069d85a50,no
0x82bc076a2241578680e29ae97fb5245654c4b63a63c756d4257c3ef2aa407ad8,2026-07-23T03:00:49+00:00,16947830,ETH/USDG@100 -> ETH/FIRE@3000 -> FIRE/USDG@500000,3,True,False,True,MULTI_ASSET_UNRESOLVED,,0.000000000000000000,0.000000000000000000,0.000000000000000000,,0x81a514664f5330b7b9f131691c67a1895a2f4bc6,0.000023123274944000,,,low,ETH:+0.0000207672|USDG:+0.1142790000,False,True,False,0x4dbfd2ea0fa92f7f4e695078abb905395a24c113,0x81a514664f5330b7b9f131691c67a1895a2f4bc6,no
0x097b2738e51cb10e5e345239b790a8c23a26263ccdb25a9229f7e264eb799021,2026-07-23T03:27:15+00:00,16963641,FIRE/USDG@500000,1,True,False,False,ONE_WAY_ROUTE,FIRE->USDG,4144.008340027574371295,3.023953000000000000,0.000000000000000000,0.000000,0x4337016838785634c63fce393bfc6222564436c4,0.000051271326930000,,,low,FIRE:-4144.0083400276|USDG:+3.0239530000,False,True,False,0x1d4b86491ec211257cbedd77a4380a7494624eff,0x4337016838785634c63fce393bfc6222564436c4,no
0xca79f4c1188e23915caf67d7e9ccb19b9b25309c0a8d24ec2ab6b2541b359afe,2026-07-23T03:31:52+00:00,16966396,FIRE/USDG@500000,1,True,False,False,ONE_WAY_ROUTE,FIRE->USDG,2687.147082643713950290,1.913554000000000000,0.000000000000000000,0.000000,0x4337021d22bcd0775a0fd1b4a6665051dc15d995,0.000050616168480000,,,low,FIRE:-2687.1470826437|USDG:+1.9135540000,False,True,False,0x1d4b86491ec211257cbedd77a4380a7494624eff,0x4337021d22bcd0775a0fd1b4a6665051dc15d995,no
0x1b7c5c26aa9724794d5b9685cb306f0c9dc05a8811a5d2caf734c6b5a1446268,2026-07-23T05:59:24+00:00,17054619,FIRE/USDG@500000,1,True,False,False,ONE_WAY_ROUTE,FIRE->USDG,4013.434474768100000000,2.792735000000000000,0.000000000000000000,0.000000,0x43370188473a398394e4ba4a7c7cbb2c6265e22a,0.000049676600064000,,,low,FIRE:-4013.4344747681|USDG:+2.7927350000,False,True,False,0x1d4b86491ec211257cbedd77a4380a7494624eff,0x43370188473a398394e4ba4a7c7cbb2c6265e22a,no
0xf50ffe042627593be4497336916db1f1ff1386c3e9a1055da47b66365dfa06f7,2026-07-23T12:44:10+00:00,17296836,FIRE/USDG@450000 -> FIRE/USDG@400000 -> FIRE/USDG@25000 -> FIRE/USDG@500000,4,True,True,False,ONE_WAY_ROUTE,FIRE->USDG,10000.000000000000000000,7.248075000000000000,0.000000000000000000,0.000000,0x35f17f653000b663c3f28667bcd68b2e17d460d7,0.000113422122450000,,,low,FIRE:-10000.0000000000|USDG:+7.2480750000,False,True,False,0x1d4b86491ec211257cbedd77a4380a7494624eff,0x35f17f653000b663c3f28667bcd68b2e17d460d7,no
0xb9502a70234e44da590669bafad43ccba5d1bdc3ff0ee130843da13ee40b7959,2026-07-23T12:45:47+00:00,17297811,ETH/FIRE@3000 -> FIRE/USDG@500000,2,True,False,True,ONE_WAY_ROUTE,ETH->USDG,0.003506055801907824,7.055577000000000000,0.000000000000000000,0.000000,0xd71212080d90ffa50a80bff2af2ade6f99f29b96,0.000054292498560000,,,low,ETH:-0.0035060558|USDG:+7.0555770000,False,True,False,0x1521027b665fa38fa4a642991607ad708376dd7b,0xd71212080d90ffa50a80bff2af2ade6f99f29b96,no
0x630c9b30fa769998cca874382f6ce605547baff0d96be7a5f15a2778cb2bd549,2026-07-23T12:46:01+00:00,17297948,FIRE/USDG@25000 -> FIRE/USDG@500000 -> FIRE/USDG@50100 -> FIRE/USDG@450000 -> Index/USDG@9500,5,True,False,False,ONE_WAY_ROUTE,FIRE->Index,20000.000000000000000000,1607.229734823383987075,0.000000000000000000,0.000000,0x35f17f653000b663c3f28667bcd68b2e17d460d7,0.000103371129204000,,,low,FIRE:-20000.0000000000|Index:+1607.2297348234,False,True,False,0x1d4b86491ec211257cbedd77a4380a7494624eff,0x35f17f653000b663c3f28667bcd68b2e17d460d7,no
0xa97ad7f27d90da24c92f43509caac6d31a648688eae53f8eb698c43909a8d938,2026-07-23T12:48:53+00:00,17299663,ETH/FIRE@3000 -> FIRE/USDG@500000,2,True,False,True,ONE_WAY_ROUTE,ETH->USDG,0.003493923201597684,6.905387000000000000,0.000000000000000000,0.000000,0xeeef618a70e663813331892ee129709845570a1f,0.000085050090780000,,,low,ETH:-0.0034939232|USDG:+6.9053870000,False,True,False,0xa633c73658857d5241fe21d43f854a82e2d0592c,0xeeef618a70e663813331892ee129709845570a1f,no
0x135bd717c3349de7177b85bdc54da7f302b9f20b3f31114010891e39108e4b5f,2026-07-23T12:49:17+00:00,17299899,FIRE/USDG@25000 -> FIRE/USDG@450000 -> FIRE/USDG@500000,3,True,False,False,ONE_WAY_ROUTE,FIRE->USDG,18421.108105528225337389,10.351809000000000000,0.000000000000000000,0.000000,0x35f17f653000b663c3f28667bcd68b2e17d460d7,0.000093195823424000,,,low,FIRE:-18421.1081055282|USDG:+10.3518090000,False,True,False,0x1d4b86491ec211257cbedd77a4380a7494624eff,0x35f17f653000b663c3f28667bcd68b2e17d460d7,no
0x97b9df076fe1a90f52805aa1e411b3aea2d37c841459cb7e946b4df94e341ce7,2026-07-24T01:17:53+00:00,17748013,FIRE/USDG@400000,1,False,True,False,ONE_WAY_ROUTE,FIRE->USDG,5198.175976119336126776,3.395128000000000000,0.000000000000000000,0.000000,0x0db8a59558dad8e67b5b4d4ea6aabf9f96bf075d,0.000046639087160000,,,low,FIRE:-5198.1759761193|USDG:+3.3951280000,False,True,False,0xa687b664662b96b180346d699a6d5b42e9b05d31,0x0db8a59558dad8e67b5b4d4ea6aabf9f96bf075d,no
0x01db8a735a57fb324ebe09bbdf29dae1e3dd51d9224019b363d984cdf2a9ae09,2026-07-24T07:18:05+00:00,17963321,ETH/FIRE@3000 -> FIRE/USDG@500000,2,True,False,True,ONE_WAY_ROUTE,ETH->USDG,0.004459605982533253,8.909087000000000000,0.000000000000000000,0.000000,0xeeef618a70e663813331892ee129709845570a1f,0.000092660967000000,,,low,ETH:-0.0044596060|USDG:+8.9090870000,False,True,False,0xa633c73658857d5241fe21d43f854a82e2d0592c,0xeeef618a70e663813331892ee129709845570a1f,no
0x3197c6af0b19100f22c80abb90ddbdcd138ce555aee809b41b9e92a39029e604,2026-07-24T07:18:56+00:00,17963828,USDG/VIRTUAL@3000 -> ETH/FIRE@3000 -> FIRE/USDG@500000,3,True,False,True,MULTI_ASSET_UNRESOLVED,,0.000000000000000000,0.000000000000000000,0.000000000000000000,,0x95d5a1aa091655dbb5b61cf011b3288ac2f79f92,0.000111484559340000,,,low,ETH:-0.0076624473|USDG:+1.2945740000|VIRTUAL:+23.9946875298,False,True,False,0xa633c73658857d5241fe21d43f854a82e2d0592c,0x95d5a1aa091655dbb5b61cf011b3288ac2f79f92,no
0x15fb712a8b6537854383ca2ad14d3d02eb1a0f8ef528600583ab23eccef738df,2026-07-24T07:18:57+00:00,17963837,FIRE/USDG@25000 -> FIRE/USDG@400000,2,False,True,False,CLOSED_CYCLE,USDG,0.523125000000000000,0.606295000000000000,0.083170000000000000,15.898686,0x440e1da19f8569b5d92bc935707461a9f883df2f,0.000014457382808000,,0x5162700f6f252136cd8a2d7bb827b799f11a1a45,medium,USDG:+0.0831700000,True,True,False,0x5162700f6f252136cd8a2d7bb827b799f11a1a45,0x440e1da19f8569b5d92bc935707461a9f883df2f,no
0x203f02389c183e2bc468da547fc60172b995b1f0ae25a73356fa8ab0751b1e08,2026-07-24T15:59:45+00:00,18275319,ETH/FIRE@3000 -> FIRE/USDG@400000 -> USDG/VIRTUAL@3000,3,False,True,True,ONE_WAY_ROUTE,ETH->VIRTUAL,0.007353055632171868,42.879301883939944023,0.000000000000000000,0.000000,0xb4864f7f85eb2fdbd58b4293a2b9bd684fb13336,0.000109893316506000,,,low,ETH:-0.0073530556|VIRTUAL:+42.8793018839,False,True,False,0xa633c73658857d5241fe21d43f854a82e2d0592c,0xb4864f7f85eb2fdbd58b4293a2b9bd684fb13336,no
0x4666c008a31e451e8d3c630dca2bbc42bc05f0cc3c9ad314b5c335bd4f0cf1a2,2026-07-24T15:59:45+00:00,18275319,ETH/FIRE@3000 -> FIRE/USDG@500000 -> USDG/VIRTUAL@3000,3,True,False,True,ONE_WAY_ROUTE,ETH->VIRTUAL,0.040207342408649278,198.354121259071775478,0.000000000000000000,0.000000,0xe858582b200ed580c840b8c24f37560a68406584,0.000127419224962000,,,low,ETH:-0.0402073424|VIRTUAL:+198.3541212591,False,True,False,0xa633c73658857d5241fe21d43f854a82e2d0592c,0xe858582b200ed580c840b8c24f37560a68406584,no
0x540816d819d8654e93f3089de0b4df63db6f0599e805ac3c32614312540d7884,2026-07-24T16:01:37+00:00,18276435,ETH/USDG@460 -> ETH/FIRE@3000 -> FIRE/USDG@500000,3,True,False,True,MULTI_ASSET_UNRESOLVED,,0.000000000000000000,0.000000000000000000,0.000000000000000000,,0x81a514664f5330b7b9f131691c67a1895a2f4bc6,0.000027684803450000,,,low,ETH:+0.0000262824|USDG:+0.1264640000,False,True,False,0x4dbfd2ea0fa92f7f4e695078abb905395a24c113,0x81a514664f5330b7b9f131691c67a1895a2f4bc6,no
0x70b1124c104e7f8dfe01737b5544dbecc861c3f25cf1bd56c46baf973971292f,2026-07-24T16:04:25+00:00,18278116,FIRE/USDG@500000,1,True,False,False,ONE_WAY_ROUTE,FIRE->USDG,4045.059296016500000000,2.544418000000000000,0.000000000000000000,0.000000,0x43370308b53e3611521ba48e2f7632a5644d7b1f,0.000062584159970000,,,low,FIRE:-4045.0592960165|USDG:+2.5444180000,False,True,False,0x1d4b86491ec211257cbedd77a4380a7494624eff,0x43370308b53e3611521ba48e2f7632a5644d7b1f,no
0x6c6b4aaa9824a3d21e7c0cea6b8310a1499f5d1f518e9cf7de9b8a1c8f9e4d08,2026-07-24T16:21:00+00:00,18288047,FIRE/USDG@500000,1,True,False,False,ONE_WAY_ROUTE,FIRE->USDG,4657.832824098800000000,2.854402000000000000,0.000000000000000000,0.000000,0x433700890211c1c776c391d414cffd38efdd1811,0.000077480308224000,,,low,FIRE:-4657.8328240988|USDG:+2.8544020000,False,True,False,0x8f10b468b06c6fd214b65f87778827f7d113f996,0x433700890211c1c776c391d414cffd38efdd1811,no
0x196f54a32b18ed5f42bf93c85c76bffbb0fa7d979dc8fa5a53260104d097b929,2026-07-24T18:03:27+00:00,18349429,ETH/FIRE@3000 -> FIRE/USDG@400000,2,False,True,True,ONE_WAY_ROUTE,ETH->USDG,0.003477340141104396,8.038471000000000000,0.000000000000000000,0.000000,0xdf465f1a0ec31f5d14e8c61179b71e382f97e794,0.000038593437700000,,,low,ETH:-0.0034773401|USDG:+8.0384710000,False,True,False,0x4c4353e0d893c9d3114b3ce1d9e4b802e687ad0d,0xdf465f1a0ec31f5d14e8c61179b71e382f97e794,no
0xa61be5392ead1d2f84d2e9088f3312f8dbc91a029bb41df80361aac0223fbcec,2026-07-24T18:03:27+00:00,18349429,ETH/FIRE@3000 -> FIRE/USDG@500000,2,True,False,True,ONE_WAY_ROUTE,ETH->USDG,0.006848276737347512,13.536994000000000000,0.000000000000000000,0.000000,0x95d5a1aa091655dbb5b61cf011b3288ac2f79f92,0.000088474730940000,,,low,ETH:-0.0068482767|USDG:+13.5369940000,False,True,False,0xa633c73658857d5241fe21d43f854a82e2d0592c,0x95d5a1aa091655dbb5b61cf011b3288ac2f79f92,no
0x13976748c9ec47f275cf18ed6261210d8c36624e6fba3344a21b65d6fd4ff9d1,2026-07-24T18:04:12+00:00,18349880,FIRE/USDG@500000,1,True,False,False,ONE_WAY_ROUTE,FIRE->USDG,4210.894902325255219588,2.939952000000000000,0.000000000000000000,0.000000,0x4337011463ef6bd863e47e7b5e743d2522261131,0.000063765076518000,,,low,FIRE:-4210.8949023253|USDG:+2.9399520000,False,True,False,0x1d4b86491ec211257cbedd77a4380a7494624eff,0x4337011463ef6bd863e47e7b5e743d2522261131,no
0x8ddbf89426cce4bade978c96eb5f25d0e0e04a71058ec9216f00351cefdb89f5,2026-07-24T18:11:18+00:00,18354132,ETH/USDG@500 -> ETH/FIRE@3000 -> FIRE/USDG@500000,3,True,False,True,MULTI_ASSET_UNRESOLVED,,0.000000000000000000,0.000000000000000000,0.000000000000000000,,0x81a514664f5330b7b9f131691c67a1895a2f4bc6,0.000028813010976000,,,low,ETH:+0.0000214540|USDG:+0.0730080000,False,True,False,0x4dbfd2ea0fa92f7f4e695078abb905395a24c113,0x81a514664f5330b7b9f131691c67a1895a2f4bc6,no
0xd9e13b883b337272b5fe7116a77c1cce3aab2b25bd5be1328633090937c46d85,2026-07-24T18:13:43+00:00,18355596,ETH/FIRE@3000 -> FIRE/USDG@400000 -> WETH/USDG@200,3,False,True,True,MULTI_ASSET_UNRESOLVED,,0.000000000000000000,0.000000000000000000,0.000000000000000000,,0x718a74deadeb8bdcbcbf2fd0e228f4b41b92cab7,0.000032267292288000,,,low,ETH:-0.0048089075|WETH:+0.0066214606,False,True,False,0x4c4353e0d893c9d3114b3ce1d9e4b802e687ad0d,0x718a74deadeb8bdcbcbf2fd0e228f4b41b92cab7,no
0x7228a91562d54ce26e73875288b1538ada3317fbdcce9cc194159c7f24a5959d,2026-07-24T18:13:43+00:00,18355596,ETH/FIRE@3000 -> FIRE/USDG@500000 -> WETH/USDG@200,3,True,False,True,MULTI_ASSET_UNRESOLVED,,0.000000000000000000,0.000000000000000000,0.000000000000000000,,0x718a74deadeb8bdcbcbf2fd0e228f4b41b92cab7,0.000032159116968000,,,low,ETH:-0.0121316082|WETH:+0.0135970272,False,True,False,0x4c4353e0d893c9d3114b3ce1d9e4b802e687ad0d,0x718a74deadeb8bdcbcbf2fd0e228f4b41b92cab7,no
0xc8fcad2e39a6de9447fe52482c5313b47e37cd545a2f909cc4d43ca0de6fe4a5,2026-07-24T18:13:51+00:00,18355673,ETH/USDG@500 -> ETH/FIRE@3000 -> FIRE/USDG@500000,3,True,False,True,MULTI_ASSET_UNRESOLVED,,0.000000000000000000,0.000000000000000000,0.000000000000000000,,0x81a514664f5330b7b9f131691c67a1895a2f4bc6,0.000028579294840000,,,low,ETH:+0.0000381400|USDG:+0.2513200000,False,True,False,0x4dbfd2ea0fa92f7f4e695078abb905395a24c113,0x81a514664f5330b7b9f131691c67a1895a2f4bc6,no
0x1347148cb39ca5001db1b7be88e91c25134e8bf2fa4920fdfd6b6ff450fe58ee,2026-07-24T18:24:41+00:00,18362149,FIRE/USDG@500000,1,True,False,False,ONE_WAY_ROUTE,FIRE->USDG,6169.696621947221570347,3.792264000000000000,0.000000000000000000,0.000000,0x4337026d731283f9917fa3c9194d74809bfbec26,0.000087547081928000,,,low,FIRE:-6169.6966219472|USDG:+3.7922640000,False,True,False,0x1d4b86491ec211257cbedd77a4380a7494624eff,0x4337026d731283f9917fa3c9194d74809bfbec26,no
0x6fc8243a1777bbc97c0c443d6a6f4e8e03f631aadaf83cade8f566516b876729,2026-07-24T19:15:37+00:00,18392664,USDG/VIRTUAL@3000 -> ETH/FIRE@3000 -> FIRE/USDG@500000,3,True,False,True,MULTI_ASSET_UNRESOLVED,,0.000000000000000000,0.000000000000000000,0.000000000000000000,,0xeeef618a70e663813331892ee129709845570a1f,0.000117608489344000,,,low,ETH:-0.0077564113|USDG:+0.7784580000|VIRTUAL:+24.6208383587,False,True,False,0xa633c73658857d5241fe21d43f854a82e2d0592c,0xeeef618a70e663813331892ee129709845570a1f,no
0x8692c086e75f93ae5585a5e16c696342b1dec0282d116f758dd0aeab18ad94bb,2026-07-24T19:15:37+00:00,18392665,ETH/FIRE@3000 -> FIRE/USDG@400000 -> ETH/USDG@100,3,False,True,True,CLOSED_CYCLE,ETH,0.002282130734579784,0.002564667100371850,0.000282536365792066,12.380376,0xfce111095e51bc515e2da7131524868ab27a6f08,0.000073971943384000,0.000208564422408066,0x090a8796ab1f6136a4319993f2cbedf04be20603,medium,ETH:+0.0002825364,True,True,False,0x7702e2e6b53114a037c45a89f855b52721a1c755,0xfce111095e51bc515e2da7131524868ab27a6f08,no
0x5343f529dde83de5a69f167746ef76f95f9350fe3a2c7e1f663e5caf9e71f257,2026-07-25T03:52:31+00:00,18701871,FIRE/USDG@500000,1,True,False,False,ONE_WAY_ROUTE,FIRE->USDG,9850.281982333738489040,5.179130000000000000,0.000000000000000000,0.000000,0x4337007ab182ebe9cdb0bc4b96734c32176d44cc,0.000051841719262000,,,low,FIRE:-9850.2819823337|USDG:+5.1791300000,False,True,False,0x1d4b86491ec211257cbedd77a4380a7494624eff,0x4337007ab182ebe9cdb0bc4b96734c32176d44cc,no
0x655f24cffb634f7149ebe98a3b51834b234b933b9f9be86ad35d018b43c82c26,2026-07-25T23:40:30+00:00,19411729,FIRE/USDG@500000,1,True,False,False,ONE_WAY_ROUTE,FIRE->USDG,2543.000000000000000000,1.305911000000000000,0.000000000000000000,0.000000,0xe71411ebb40224f0043d21ee440829156f4fab0a,0.000022799730176000,,,low,FIRE:-2543.0000000000|USDG:+1.3059110000,False,True,False,0x8876789976decbfcbbbe364623c63652db8c0904,0xe71411ebb40224f0043d21ee440829156f4fab0a,no
0x08e50bfda808b7991599da01be574023be05212e60225203e5d1b8228b96c660,2026-07-26T07:21:38+00:00,19687264,FIRE/USDG@400000,1,False,True,False,ONE_WAY_ROUTE,FIRE->USDG,6277.083525423276633932,3.323093000000000000,0.000000000000000000,0.000000,0x4337004ec9c1417f1c7a26ebd4b4fbed6acf9e5d,0.000031076235252000,,,low,FIRE:-6277.0835254233|USDG:+3.3230930000,False,True,False,0x1d4b86491ec211257cbedd77a4380a7494624eff,0x4337004ec9c1417f1c7a26ebd4b4fbed6acf9e5d,no
0x08cd4620309c75d71b3b082eeb42b0827a7c1d7976872fdedbc2f7b9e748f213,2026-07-26T07:22:12+00:00,19687599,FIRE/USDG@500000 -> FIRE/USDG@450000,2,True,False,False,ONE_WAY_ROUTE,FIRE->USDG,24369.000000000000000000,12.039928000000000000,0.000000000000000000,0.000000,0xfad4c8f1e71e4c56b87733bd916ff7cff46c6c29,0.000042860555290000,,,low,FIRE:-24369.0000000000|USDG:+12.0399280000,False,True,False,0x8876789976decbfcbbbe364623c63652db8c0904,0xfad4c8f1e71e4c56b87733bd916ff7cff46c6c29,no
0x036c9da13f534059d5feb064f85e0c069caa48f3b157271b31ccd373406c8a29,2026-07-26T16:40:02+00:00,20021264,FIRE/USDG@400000,1,False,True,False,ONE_WAY_ROUTE,FIRE->USDG,4631.819918130973597053,2.334657000000000000,0.000000000000000000,0.000000,0x4337019d937ebcbd73dd750072d86c1ce664b350,0.000026343144828000,,,low,FIRE:-4631.8199181310|USDG:+2.3346570000,False,True,False,0x1d4b86491ec211257cbedd77a4380a7494624eff,0x4337019d937ebcbd73dd750072d86c1ce664b350,no
0x32a82de7044d8291c285b99e8916182854087d625eae549d6611a5880500f06a,2026-07-26T18:01:54+00:00,20070357,WETH/USDG@200 -> ETH/FIRE@3000 -> FIRE/USDG@500000,3,True,False,True,MULTI_ASSET_UNRESOLVED,,0.000000000000000000,0.000000000000000000,0.000000000000000000,,0xeeef618a70e663813331892ee129709845570a1f,0.000039081240594000,,,low,ETH:-0.0054295592|USDG:+0.3760110000|WETH:+0.0054844032,False,True,False,0xa633c73658857d5241fe21d43f854a82e2d0592c,0xeeef618a70e663813331892ee129709845570a1f,no
0x64fa0aa1c397a6b32f8bdff2c53a9bb079e8ce156b5418351aa19d9b8c41e791,2026-07-26T18:49:27+00:00,20098837,FIRE/USDG@400000,1,False,True,False,ONE_WAY_ROUTE,FIRE->USDG,5201.553144158262515977,2.401443000000000000,0.000000000000000000,0.000000,0x433702948d7be4201a2bcee6c349ad807c547a5d,0.000033066582384000,,,low,FIRE:-5201.5531441583|USDG:+2.4014430000,False,True,False,0x8f10b468b06c6fd214b65f87778827f7d113f996,0x433702948d7be4201a2bcee6c349ad807c547a5d,no
0x159c64034d5948d14b90f97676149c33a011450b07ee183bb126ea07076eb581,2026-07-26T20:05:24+00:00,20144334,ETH/FIRE@3000 -> FIRE/USDG@500000,2,True,False,True,ONE_WAY_ROUTE,ETH->USDG,0.005219581215386848,10.443262000000000000,0.000000000000000000,0.000000,0xeeef618a70e663813331892ee129709845570a1f,0.000036770252220000,,,low,ETH:-0.0052195812|USDG:+10.4432620000,False,True,False,0xa633c73658857d5241fe21d43f854a82e2d0592c,0xeeef618a70e663813331892ee129709845570a1f,no
0x50cfbe113e3513708e67281c4deb85eb8e812cb71adab1de79c9c84bd9d67076,2026-07-26T20:06:09+00:00,20144775,ETH/FIRE@3000 -> FIRE/USDG@400000 -> ETH/USDG@100,3,False,True,True,CLOSED_CYCLE,ETH,0.001001274585178230,0.001054180255311408,0.000052905670133178,5.283832,0xfce11108e69699329c11e0882af3570a9825ad1d,0.000030198059632000,0.000022707610501178,0x228148889505f14602458969e36f8546cd0f0354,medium,ETH:+0.0000529057,True,True,False,0x7702e2e6b53114a037c45a89f855b52721a1c755,0xfce11108e69699329c11e0882af3570a9825ad1d,no
0x61765728c828a35c2745888d4f902b426a0fc9bc6cbb7a5b2f1402c53b34e319,2026-07-26T20:09:37+00:00,20146865,ETH/USDG@460 -> ETH/FIRE@3000 -> FIRE/USDG@500000,3,True,False,True,MULTI_ASSET_UNRESOLVED,,0.000000000000000000,0.000000000000000000,0.000000000000000000,,0x81a514664f5330b7b9f131691c67a1895a2f4bc6,0.000011822283690000,,,low,ETH:+0.0000223930|USDG:+0.0829360000,False,True,False,0x4dbfd2ea0fa92f7f4e695078abb905395a24c113,0x81a514664f5330b7b9f131691c67a1895a2f4bc6,no
0x7e9eca7202bd22a619e43374079762d3725518751b8b6b337966c5628cb621d1,2026-07-26T20:11:40+00:00,20148080,ETH/FIRE@3000 -> FIRE/USDG@500000,2,True,False,True,ONE_WAY_ROUTE,ETH->USDG,0.005825838403221471,11.760721000000000000,0.000000000000000000,0.000000,0xeeef618a70e663813331892ee129709845570a1f,0.000036730096296000,,,low,ETH:-0.0058258384|USDG:+11.7607210000,False,True,False,0xa633c73658857d5241fe21d43f854a82e2d0592c,0xeeef618a70e663813331892ee129709845570a1f,no
0xd932ac75d98c17d4657d10968a80e5ad91f6a42c3ff29bcbc118e19b21585bfe,2026-07-26T20:11:40+00:00,20148081,FIRE/USDG@400000 -> ETH/FIRE@3000,2,False,True,True,MULTI_ASSET_UNRESOLVED,,0.000000000000000000,0.000000000000000000,0.000000000000000000,,0xb18192f07549bd799d4ac5ca8f93aaa722454118,0.000039641506748000,,,low,ETH:-0.0015196950|FIRE:+84.6284864336|USDG:+3.1404930000,False,True,False,0x66553d3b26eef6021b5de73c1dd0ce3067d7da79,0xb18192f07549bd799d4ac5ca8f93aaa722454118,no
0x0e8761a434d77192d252711ea37f5bf9036540543cc62b7b302ac27cb97c98bc,2026-07-26T22:46:18+00:00,20240624,FIRE/USDG@400000,1,False,True,False,ONE_WAY_ROUTE,FIRE->USDG,6844.643200800300000000,2.296555000000000000,0.000000000000000000,0.000000,0x4337007ab182ebe9cdb0bc4b96734c32176d44cc,0.000030514651320000,,,low,FIRE:-6844.6432008003|USDG:+2.2965550000,False,True,False,0x8f10b468b06c6fd214b65f87778827f7d113f996,0x4337007ab182ebe9cdb0bc4b96734c32176d44cc,no
0x0be0c91ceeda08475fd42d59888d493ffb781ec44de77cfb71a82e00081f2286,2026-07-27T01:56:41+00:00,20354494,ETH/FIRE@3000 -> FIRE/USDG@400000 -> WETH/USDG@200,3,False,True,True,MULTI_ASSET_UNRESOLVED,,0.000000000000000000,0.000000000000000000,0.000000000000000000,,0xb4864f7f85eb2fdbd58b4293a2b9bd684fb13336,0.000037990162864000,,,low,ETH:-0.0187037206|WETH:+0.0506267000,False,True,False,0xa633c73658857d5241fe21d43f854a82e2d0592c,0xb4864f7f85eb2fdbd58b4293a2b9bd684fb13336,no
0xc9ad3062f9b616ef1b1d1f668fed160c1fed586ca38e50519434bf327a927489,2026-07-27T01:56:41+00:00,20354494,ETH/FIRE@3000 -> FIRE/USDG@500000 -> WETH/USDG@200,3,True,False,True,MULTI_ASSET_UNRESOLVED,,0.000000000000000000,0.000000000000000000,0.000000000000000000,,0xb4864f7f85eb2fdbd58b4293a2b9bd684fb13336,0.000038001758640000,,,low,ETH:-0.0679825799|WETH:+0.1583535458,False,True,False,0xa633c73658857d5241fe21d43f854a82e2d0592c,0xb4864f7f85eb2fdbd58b4293a2b9bd684fb13336,no
0x06a96fea1c1aad20fa91232e5c83485a739e6059448bb34c8380734375db8fb9,2026-07-27T01:56:41+00:00,20354496,ETH/FIRE@3000 -> FIRE/USDG@500000 -> WETH/USDG@450,3,True,False,True,MULTI_ASSET_UNRESOLVED,,0.000000000000000000,0.000000000000000000,0.000000000000000000,,0x8c8ad14cbebc65c6af15c484098c501f08ecb611,0.000018930290110000,,,low,ETH:-0.0061198009|WETH:+0.0064150603,False,True,False,0x000000000022b747bc1057d9497efe6d1c69296f,0x8c8ad14cbebc65c6af15c484098c501f08ecb611,no
0xa7572b706ba4e0e23fe3fcb2dcb278da6ce2d46142f80cd381aa1990da44b9bd,2026-07-27T02:14:55+00:00,20365401,FIRE/USDG@500000,1,True,False,False,ONE_WAY_ROUTE,FIRE->USDG,6041.599301933559037967,3.285166000000000000,0.000000000000000000,0.000000,0x1983824aa3cf023dfd233115e801520b9d49a258,0.000017364746892000,,,low,FIRE:-6041.5993019336|USDG:+3.2851660000,False,True,False,0xa687b664662b96b180346d699a6d5b42e9b05d31,0x1983824aa3cf023dfd233115e801520b9d49a258,no
0x8833948f0f6bc8398085162f19834336a3dc0abdca62c38ba0270525dba04c61,2026-07-27T02:36:24+00:00,20378248,ETH/FIRE@3000 -> FIRE/USDG@500000 -> WETH/USDG@200,3,True,False,True,MULTI_ASSET_UNRESOLVED,,0.000000000000000000,0.000000000000000000,0.000000000000000000,,0xeeef618a70e663813331892ee129709845570a1f,0.000035725663800000,,,low,ETH:-0.0044153955|WETH:+0.0045445217,False,True,False,0xa633c73658857d5241fe21d43f854a82e2d0592c,0xeeef618a70e663813331892ee129709845570a1f,no
0x88de39808ac0335c509d0a853382fef16634d9d4d5d185b468ecb158982d60a8,2026-07-27T02:43:33+00:00,20382514,FIRE/USDG@400000,1,False,True,False,ONE_WAY_ROUTE,FIRE->USDG,11832.388973902900000000,5.938436000000000000,0.000000000000000000,0.000000,0x4337012eaf1f862b8dbdc6b62a01782ae01ef038,0.000022727516784000,,,low,FIRE:-11832.3889739029|USDG:+5.9384360000,False,True,False,0x1d4b86491ec211257cbedd77a4380a7494624eff,0x4337012eaf1f862b8dbdc6b62a01782ae01ef038,no
0x0300e25418ec3059428f74fb8cf1e8853b2fbb6f565d8041f85572e9e49fd3b8,2026-07-27T02:54:38+00:00,20389139,PONS/USDG@3000 -> FIRE/USDG@500000,2,True,False,False,MULTI_ASSET_UNRESOLVED,,0.000000000000000000,0.000000000000000000,0.000000000000000000,,0x4337017d2e3f5e4160a27f6fdbdc38719343c62f,0.000035711510240000,,,low,FIRE:-18519.3303748704|PONS:-58.6329026320|USDG:+12.3142460000,False,True,False,0x1d4b86491ec211257cbedd77a4380a7494624eff,0x4337017d2e3f5e4160a27f6fdbdc38719343c62f,no
0x717b53794bff024222a3df8e55a6be6e967e6f66b4a6139a7ad4978d78854e5b,2026-07-27T07:58:29+00:00,20570751,ETH/FIRE@3000 -> FIRE/USDG@500000,2,True,False,True,ONE_WAY_ROUTE,ETH->USDG,0.006228034573751174,12.700519000000000000,0.000000000000000000,0.000000,0xeeef618a70e663813331892ee129709845570a1f,0.000031278928560000,,,low,ETH:-0.0062280346|USDG:+12.7005190000,False,True,False,0xa633c73658857d5241fe21d43f854a82e2d0592c,0xeeef618a70e663813331892ee129709845570a1f,no
0x5717d76e8646d3e2983d565210ccc95b5cb61ae0d81c82a84d5b0eb8b175ea65,2026-07-27T13:06:16+00:00,20754676,FIRE/USDG@500000,1,True,False,False,ONE_WAY_ROUTE,FIRE->USDG,4679.502885037473162617,2.084315000000000000,0.000000000000000000,0.000000,0x43370330be39d388f6219d8241dc1f76fb9df268,0.000019733867244000,,,low,FIRE:-4679.5028850375|USDG:+2.0843150000,False,True,False,0xaa61254627b7392b0bc922097b10eb0587db2be7,0x43370330be39d388f6219d8241dc1f76fb9df268,no
0x21a046825df41f82a72ba52a52a2be46f7a609f56f8bad6d11fc9a7b41683aa8,2026-07-27T13:17:55+00:00,20761649,ETH/FIRE@3000 -> FIRE/USDG@500000 -> TA/USDG@39950,3,True,False,True,ONE_WAY_ROUTE,ETH->TA,0.003343430430306032,15551.043937082532719796,0.000000000000000000,0.000000,0x2f878417db3b6a61388bb620ff4f8be745cae66e,0.000019110972286000,,,low,ETH:-0.0033434304|TA:+15551.0439370825,False,True,False,0x000000000022b747bc1057d9497efe6d1c69296f,0x2f878417db3b6a61388bb620ff4f8be745cae66e,no
0xdfef287a4a46121ca8bce8e9dc1052af434cced44422621119ed86088c727c21,2026-07-27T13:55:17+00:00,20784022,FIRE/USDG@400000,1,False,True,False,ONE_WAY_ROUTE,FIRE->USDG,9346.342264231900000000,3.951908000000000000,0.000000000000000000,0.000000,0x4337002c5702ce424cb62a56ca038e31e1d4a93d,0.000019686803526000,,,low,FIRE:-9346.3422642319|USDG:+3.9519080000,False,True,False,0xaa61254627b7392b0bc922097b10eb0587db2be7,0x4337002c5702ce424cb62a56ca038e31e1d4a93d,no
0xe45e9e6555225d6c299a1df3203c1249435eab2d5c5bba926cbbac17e06ccb8d,2026-07-28T13:55:37+00:00,21644109,ETH/FIRE@3000 -> FIRE/USDG@500000 -> WETH/USDG@200,3,True,False,True,MULTI_ASSET_UNRESOLVED,,0.000000000000000000,0.000000000000000000,0.000000000000000000,,0xeeef618a70e663813331892ee129709845570a1f,0.000023288934444000,,,low,ETH:-0.0041598476|WETH:+0.0042804542,False,True,False,0xa633c73658857d5241fe21d43f854a82e2d0592c,0xeeef618a70e663813331892ee129709845570a1f,yes
0x439a8d1caadc97c6755558c5a9956af17cce236c337859eae0ac2cf8a28de245,2026-07-28T20:26:19+00:00,21877909,ETH/FIRE@3000 -> FIRE/USDG@500000,2,True,False,True,ONE_WAY_ROUTE,ETH->USDG,0.005051999477681861,10.056027000000000000,0.000000000000000000,0.000000,0xeeef618a70e663813331892ee129709845570a1f,0.000022639501736000,,,low,ETH:-0.0050519995|USDG:+10.0560270000,False,True,False,0xa633c73658857d5241fe21d43f854a82e2d0592c,0xeeef618a70e663813331892ee129709845570a1f,yes
0x7ff8e745d14ac0f798fe449114c5cd5dd58790df090b415c407e6218f7b0d407,2026-07-28T20:29:47+00:00,21879972,FIRE/USDG@400000 -> FIRE/USDG@450000 -> FIRE/USDG@500000,3,True,True,False,ONE_WAY_ROUTE,FIRE->USDG,59078.616348239700000000,21.389005000000000000,0.000000000000000000,0.000000,0x4337013ef5cd421cef649fc58c1b0defd37bbeb1,0.000024369464600000,,,low,FIRE:-59078.6163482397|USDG:+21.3890050000,False,True,False,0x39b38686a19836ac10162c490e4558e120cbbe5f,0x4337013ef5cd421cef649fc58c1b0defd37bbeb1,yes
0x958497332bd5c1f528a51f1bf7c5c6ea7ac4cd655eba8469bf337a722e3582c2,2026-07-28T21:42:28+00:00,21923483,ETH/USDG@500 -> ETH/FIRE@3000 -> FIRE/USDG@500000,3,True,False,True,MULTI_ASSET_UNRESOLVED,,0.000000000000000000,0.000000000000000000,0.000000000000000000,,0x81a514664f5330b7b9f131691c67a1895a2f4bc6,0.000006824918250000,,,low,ETH:+0.0000173468|USDG:+0.0410970000,False,True,False,0x4dbfd2ea0fa92f7f4e695078abb905395a24c113,0x81a514664f5330b7b9f131691c67a1895a2f4bc6,yes
0x82e9fb85e0fe84038419385fb8efea6eab1d9ede1c43d35bc5e1651ae5eb7307,2026-07-28T21:43:39+00:00,21924200,ETH/FIRE@3000 -> FIRE/USDG@500000 -> USDG/VIRTUAL@3000,3,True,False,True,ONE_WAY_ROUTE,ETH->VIRTUAL,0.006816124180369624,24.221543677782692253,0.000000000000000000,0.000000,0xeeef618a70e663813331892ee129709845570a1f,0.000030231360200000,,,low,ETH:-0.0068161242|VIRTUAL:+24.2215436778,False,True,False,0xa633c73658857d5241fe21d43f854a82e2d0592c,0xeeef618a70e663813331892ee129709845570a1f,yes
0x119275105e06f56f32d36ae29651b8b96a1eac1744bcd82f913e2318dbf88ae9,2026-07-28T21:43:39+00:00,21924200,FIRE/USDG@400000 -> ETH/FIRE@3000,2,False,True,True,MULTI_ASSET_UNRESOLVED,,0.000000000000000000,0.000000000000000000,0.000000000000000000,,0x7081e9256628cd654034195ecffca45993970625,0.000026364185600000,,,low,ETH:-0.0024985295|FIRE:+160.8900032069|USDG:+5.1479500000,False,True,False,0x66553d3b26eef6021b5de73c1dd0ce3067d7da79,0x7081e9256628cd654034195ecffca45993970625,yes
0xd14b2b298e0aba7e3d7d8606ffb2fba638bfe0adc9ed77c96dcc0098266d6ff8,2026-07-28T21:46:17+00:00,21925772,ETH/USDG@500 -> ETH/FIRE@3000 -> FIRE/USDG@500000,3,True,False,True,MULTI_ASSET_UNRESOLVED,,0.000000000000000000,0.000000000000000000,0.000000000000000000,,0x81a514664f5330b7b9f131691c67a1895a2f4bc6,0.000006825334500000,,,low,ETH:+0.0000222665|USDG:+0.0760290000,False,True,False,0x4dbfd2ea0fa92f7f4e695078abb905395a24c113,0x81a514664f5330b7b9f131691c67a1895a2f4bc6,yes
0x0511e8f74be617b6f6316f68a3bace2e6251428250b299f0da008ad606391890,2026-07-29T05:55:37+00:00,22218851,ETH/FIRE@3000 -> FIRE/USDG@400000 -> WETH/USDG@300,3,False,True,True,MULTI_ASSET_UNRESOLVED,,0.000000000000000000,0.000000000000000000,0.000000000000000000,,0xfce111029a620c7aa50f3d85c2cefcf5ee70c236,0.000015601266774000,,,low,ETH:-0.0012743611|WETH:+0.0013237385,False,True,False,0x7702e2e6b53114a037c45a89f855b52721a1c755,0xfce111029a620c7aa50f3d85c2cefcf5ee70c236,yes
0x3df7ca6c08a92c68215340262df17a020dead9ac6ca3cb6297ae4079dad8f39b,2026-07-29T06:24:37+00:00,22236184,ETH/FIRE@3000 -> FIRE/USDG@500000 -> WETH/USDG@200,3,True,False,True,MULTI_ASSET_UNRESOLVED,,0.000000000000000000,0.000000000000000000,0.000000000000000000,,0x338d0cd039d0f2511ae9858a2cbbe4d73052e0f6,0.000020884829868000,,,low,ETH:-0.0133940213|WETH:+0.0152936106,False,True,False,0xa633c73658857d5241fe21d43f854a82e2d0592c,0x338d0cd039d0f2511ae9858a2cbbe4d73052e0f6,yes
0x5ebebfc6ae2528cc2bd7054d5e632c23b2e8b31ccab07ea7ef3b3751318d42d2,2026-07-29T06:24:37+00:00,22236184,FIRE/USDG@400000 -> ETH/FIRE@3000,2,False,True,True,MULTI_ASSET_UNRESOLVED,,0.000000000000000000,0.000000000000000000,0.000000000000000000,,0x7081e9256628cd654034195ecffca45993970625,0.000034169857744000,,,low,ETH:-0.0047611939|FIRE:+1.2297973559|USDG:+10.4253250000,False,True,False,0xc18410feffd9a42ec1a2f88e35cd74b80b8b3576,0x7081e9256628cd654034195ecffca45993970625,yes
0xf355b30f08d7ee8cd63ed6c9e71b47d7f36a5fee2a6e7612f3aefd47af646864,2026-07-29T19:17:08+00:00,22698348,ETH/FIRE@3000 -> FIRE/USDG@500000 -> WETH/USDG@200,3,True,False,True,MULTI_ASSET_UNRESOLVED,,0.000000000000000000,0.000000000000000000,0.000000000000000000,,0xeeef618a70e663813331892ee129709845570a1f,0.000017773976736000,,,low,ETH:-0.0040504374|WETH:+0.0042106173,False,True,False,0xa633c73658857d5241fe21d43f854a82e2d0592c,0xeeef618a70e663813331892ee129709845570a1f,yes
0x5784c7333801156d7e31782bd96754f6ce6597c3bf0cb4ffd99ec514d86ed909,2026-07-29T19:17:08+00:00,22698350,FIRE/USDG@400000 -> ETH/FIRE@3000,2,False,True,True,MULTI_ASSET_UNRESOLVED,,0.000000000000000000,0.000000000000000000,0.000000000000000000,,0x0e4c51936a3f74b4ad06f16c9c0d4bc95b23b6de,0.000013375971306000,,,low,ETH:-0.0015443154|FIRE:+0.0245012444|USDG:+3.0998680000,False,True,False,0xb1b0edf036b72231e303a12f4a682191a356feb3,0x0e4c51936a3f74b4ad06f16c9c0d4bc95b23b6de,yes
0x20a5232eb7c5d688b2ec7815e59c6428c7c7c76f1ef6c0101e2f6fc272cb6886,2026-07-29T19:18:19+00:00,22699058,FIRE/USDG@850000 -> FIRE/USDG@450000 -> FIRE/USDG@400000 -> FIRE/USDG@500000,4,True,True,False,ONE_WAY_ROUTE,FIRE->USDG,80411.152599781758990138,16.327337000000000000,0.000000000000000000,0.000000,0x4337013ef5cd421cef649fc58c1b0defd37bbeb1,0.000022353588036000,,,low,FIRE:-80411.1525997818|USDG:+16.3273370000,False,True,False,0x39b38686a19836ac10162c490e4558e120cbbe5f,0x4337013ef5cd421cef649fc58c1b0defd37bbeb1,yes
0xce217e230ea8bf23bb747e65eae65fad8e9c8b7365f7e18b22584b5581a13ddc,2026-07-30T14:34:01+00:00,23390490,FIRE/USDG@500000,1,True,False,False,ONE_WAY_ROUTE,FIRE->USDG,23582.304766955243412169,4.481891000000000000,0.000000000000000000,0.000000,0xa6935eecdc353b080a22dfecd744f400ce5480d6,0.000012506265072000,,,low,FIRE:-23582.3047669552|USDG:+4.4818910000,False,True,False,0x53bf6b0684ec7ef91e1387da3d1a1769bc5a6f77,0xa6935eecdc353b080a22dfecd744f400ce5480d6,yes
0xe19feb6ec5b38f6e261edd23e9e514f9d5fc81c3c5b73d8b35e21a49330e61c4,2026-07-30T14:38:45+00:00,23393330,FIRE/USDG@500000,1,True,False,False,ONE_WAY_ROUTE,FIRE->USDG,233464.817192856909780475,35.478862000000000000,0.000000000000000000,0.000000,0xa6935eecdc353b080a22dfecd744f400ce5480d6,0.000009140110238000,,,low,FIRE:-233464.8171928569|USDG:+35.4788620000,False,True,False,0x53bf6b0684ec7ef91e1387da3d1a1769bc5a6f77,0xa6935eecdc353b080a22dfecd744f400ce5480d6,yes
0x68bd91ef9d9ae091304291a71043d271678d3d2e1b00bdefdfb851feb220fc31,2026-07-30T14:41:14+00:00,23394826,FIRE/USDG@400000 -> ETH/USDG@460,2,False,True,False,ONE_WAY_ROUTE,FIRE->ETH,1420.994446281893190417,0.000165557672947390,0.000000000000000000,0.000000,0xfbbb0d7a450686a18c2f4a31f0137070469491d4,0.000011398959852000,,,low,ETH:+0.0001655577|FIRE:-1420.9944462819,False,True,False,0xa687b664662b96b180346d699a6d5b42e9b05d31,0xfbbb0d7a450686a18c2f4a31f0137070469491d4,yes
0xe51232c0376feb312966c5b3c60a02412d8a506d6355eb48955907ddc9538288,2026-07-30T15:26:01+00:00,23421648,FIRE/USDG@400000,1,False,True,False,ONE_WAY_ROUTE,FIRE->USDG,34275.986259502501402820,6.906805000000000000,0.000000000000000000,0.000000,0x1aa511c41636dc4e1dafe5092157eb606da01d03,0.000011053710336000,,,low,FIRE:-34275.9862595025|USDG:+6.9068050000,False,True,False,0xa687b664662b96b180346d699a6d5b42e9b05d31,0x1aa511c41636dc4e1dafe5092157eb606da01d03,yes
0x858b30541c3e8809b0e6b4c7270b14b568c27776e2061bebddeb15100ef2b561,2026-07-30T15:44:20+00:00,23432604,FIRE/USDG@991230 -> FIRE/USDG@400000,2,False,True,False,CLOSED_CYCLE,USDG,6.029261000000000000,7.624378000000000000,1.595117000000000000,26.456261,0x4be149bfa18f5c6e622f40a5fa779a44a86c6df2,0.000003677561832000,,0x2185964d3b387461ef79c1841cadcfc4ea5ed639,medium,USDG:+1.5951170000,True,True,False,0x4c4353e0d893c9d3114b3ce1d9e4b802e687ad0d,0x4be149bfa18f5c6e622f40a5fa779a44a86c6df2,yes
0x170ed1f872d44e60f25fd21363324f07e5ffa6ca8e94424603280f6600b0d2b9,2026-07-30T15:44:20+00:00,23432605,FIRE/USDG@991230 -> FIRE/USDG@500000,2,True,False,False,CLOSED_CYCLE,USDG,2.270104000000000000,2.381673000000000000,0.111569000000000000,4.914709,0x1360dda89a47ee1697c47d04d97a149f6e39f36f,0.000004274446254000,,0x0df9a8932b1ccacfcad3f1409431ebf8800f42e8,medium,USDG:+0.1115690000,True,True,False,0x000000000022b747bc1057d9497efe6d1c69296f,0x1360dda89a47ee1697c47d04d97a149f6e39f36f,yes
0xb17835f469d9f25404dce0399bc2151ee7aa0d094ef62dd10fe20ff3be07e35b,2026-07-30T15:46:24+00:00,23433845,FIRE/USDG@500000,1,True,False,False,ONE_WAY_ROUTE,FIRE->USDG,503833.523048941691991737,46.835945000000000000,0.000000000000000000,0.000000,0xe49193acd219557a150e35ccc2a66f89c42482e6,0.000008118127264000,,,low,FIRE:-503833.5230489417|USDG:+46.8359450000,False,True,False,0xa687b664662b96b180346d699a6d5b42e9b05d31,0xe49193acd219557a150e35ccc2a66f89c42482e6,yes
0x4a337d19f9cf01881a1d51987e9572d36d9f2e0380906e980a7af3d3ab3e2779,2026-07-30T15:51:39+00:00,23436990,FIRE/USDG@400000 -> FIRE/USDG@450000 -> FIRE/USDG@850000,3,False,True,False,ONE_WAY_ROUTE,FIRE->USDG,28427.882377356127084567,4.029131000000000000,0.000000000000000000,0.000000,0x75cddbbbec8794f90ec75900501cfbe24da32714,0.000019883100000000,,,low,FIRE:-28427.8823773561|USDG:+4.0291310000,False,True,False,0x6aea160407e73658c6c546de727a7ef4cd73a1ad,0x75cddbbbec8794f90ec75900501cfbe24da32714,yes
0xcd5a6a7752daf94ef19ddf3ddd47d3c2ebccf65ae9bdd308f72e674c9015221f,2026-08-01T00:20:26+00:00,24603793,FIRE/USDG@400000,1,False,True,False,ONE_WAY_ROUTE,FIRE->USDG,9504.309031260407491361,2.874755000000000000,0.000000000000000000,0.000000,0x43370240c309f6cc0815929a176609267971224f,0.000013166115160000,,,low,FIRE:-9504.3090312604|USDG:+2.8747550000,False,True,False,0x8f10b468b06c6fd214b65f87778827f7d113f996,0x43370240c309f6cc0815929a176609267971224f,yes
0x97e189b3bd86168a74800a7b7d0f5d91dd44c739639b08923307e24196da7154,2026-08-01T02:15:12+00:00,24672496,ETH/FIRE@3000 -> FIRE/USDG@400000,2,False,True,True,ONE_WAY_ROUTE,ETH->USDG,0.002201050471603529,4.210633000000000000,0.000000000000000000,0.000000,0xd6b33bcf3446f353ac4267f3cf66f405763a8735,0.000014234002488000,,,low,ETH:-0.0022010505|USDG:+4.2106330000,False,True,False,0x000000000022b747bc1057d9497efe6d1c69296f,0xd6b33bcf3446f353ac4267f3cf66f405763a8735,yes
0xf1b49d7d28f2a8ee50c57b345d5bb295623063908a3401eabf4b65e929348b1f,2026-08-01T02:15:17+00:00,24672547,ETH/FIRE@3000 -> FIRE/USDG@400000 -> ETH/USDG@100,3,False,True,True,CLOSED_CYCLE,ETH,0.001744709342018722,0.001832807185917661,0.000088097843898939,5.049428,0xfce11105bc7341b2b3b680b5cb21b2ada8cedf0d,0.000012177764984000,0.000075920078914939,0x090a8796ab1f6136a4319993f2cbedf04be20603,medium,ETH:+0.0000880978,True,True,False,0x7702e2e6b53114a037c45a89f855b52721a1c755,0xfce11105bc7341b2b3b680b5cb21b2ada8cedf0d,yes
0xec2209382c9f32554e92334e1fad141df92c99b9bfac62b70a8b712778b42b18,2026-08-01T02:16:38+00:00,24673351,ETH/FIRE@3000 -> FIRE/USDG@400000 -> ETH/USDG@100,3,False,True,True,CLOSED_CYCLE,ETH,0.003892041722859031,0.004193606502479930,0.000301564779620899,7.748241,0xfce1110e624a7ff68d72cfbdbb05855c3b20dc6a,0.000012063382800000,0.000289501396820899,0x090a8796ab1f6136a4319993f2cbedf04be20603,medium,ETH:+0.0003015648,True,True,False,0x7702e2e6b53114a037c45a89f855b52721a1c755,0xfce1110e624a7ff68d72cfbdbb05855c3b20dc6a,yes
0x459f4162d86a2f660bf457497426e6f3e26a696415209fc3ce2dd42e570b7887,2026-08-01T02:17:26+00:00,24673829,ETH/FIRE@3000 -> FIRE/USDG@400000,2,False,True,True,ONE_WAY_ROUTE,ETH->USDG,0.001985876694871660,3.790917000000000000,0.000000000000000000,0.000000,0xa2fdf319500419579d0f60b28d6e67cbc1260ed5,0.000009925037952000,,,low,ETH:-0.0019858767|USDG:+3.7909170000,False,True,False,0x000000000022b747bc1057d9497efe6d1c69296f,0xa2fdf319500419579d0f60b28d6e67cbc1260ed5,yes
0x3a4e65ee6903675542b60054aec1870c186302c1ec261a490153d3b7e819b36e,2026-08-01T02:20:54+00:00,24675904,ETH/FIRE@3000 -> FIRE/USDG@400000,2,False,True,True,ONE_WAY_ROUTE,ETH->USDG,0.007635712782005048,15.792244000000000000,0.000000000000000000,0.000000,0xb4864f7f85eb2fdbd58b4293a2b9bd684fb13336,0.000017327038728000,,,low,ETH:-0.0076357128|USDG:+15.7922440000,False,True,False,0xa633c73658857d5241fe21d43f854a82e2d0592c,0xb4864f7f85eb2fdbd58b4293a2b9bd684fb13336,yes
0xdbc511aecf9115060561980a6f83f1d24fe4bafa6c78a5a80ba4b72bf71387a1,2026-08-01T02:20:55+00:00,24675917,ETH/FIRE@3000 -> FIRE/USDG@500000,2,True,False,True,ONE_WAY_ROUTE,ETH->USDG,0.002234527964388891,4.289642000000000000,0.000000000000000000,0.000000,0xf0229a7df821096bd3e097e36152bc948c1f4cc0,0.000006329045280000,,,low,ETH:-0.0022345280|USDG:+4.2896420000,False,True,False,0x000000007907b910ae1ee64a71f95b592fc7bb89,0xf0229a7df821096bd3e097e36152bc948c1f4cc0,yes
0xc70c5c0925746e43008b7474543f82cfd8c32c9c0345669cbef330abbec34268,2026-08-01T02:21:06+00:00,24676025,ETH/FIRE@3000 -> FIRE/USDG@500000 -> WETH/USDG@200,3,True,False,True,MULTI_ASSET_UNRESOLVED,,0.000000000000000000,0.000000000000000000,0.000000000000000000,,0xb4864f7f85eb2fdbd58b4293a2b9bd684fb13336,0.000017358711080000,,,low,ETH:-0.0064209919|WETH:+0.0070313199,False,True,False,0xa633c73658857d5241fe21d43f854a82e2d0592c,0xb4864f7f85eb2fdbd58b4293a2b9bd684fb13336,yes
0x05a0e773750f26abd85afafc95f9b3816572bbea348d0c11963810fcd7294387,2026-08-01T02:21:06+00:00,24676025,ETH/FIRE@3000 -> FIRE/USDG@400000,2,False,True,True,ONE_WAY_ROUTE,ETH->USDG,0.006136297123271295,12.524823000000000000,0.000000000000000000,0.000000,0xb4864f7f85eb2fdbd58b4293a2b9bd684fb13336,0.000017296399440000,,,low,ETH:-0.0061362971|USDG:+12.5248230000,False,True,False,0xa633c73658857d5241fe21d43f854a82e2d0592c,0xb4864f7f85eb2fdbd58b4293a2b9bd684fb13336,yes
0x6ea987c848f419787fd1649c64767ff856ebd88fa2c0a112481a26af98fc00a4,2026-08-01T13:49:46+00:00,25087698,FIRE/USDG@500000 -> WETH/USDG@200 -> FIRE/USDG@400000 -> WETH/USDG@300 -> FIRE/USDG@450000 -> WETH/USDG@100,6,True,True,False,ONE_WAY_ROUTE,FIRE->WETH,149115.330147580481534218,0.012058056228441429,0.000000000000000000,0.000000,0x4da5fb9c62006e9450df7e8b3d0d5c044b5759a8,0.000013457880000000,,,low,FIRE:-149115.3301475805|WETH:+0.0120580562,False,True,False,0x8876789976decbfcbbbe364623c63652db8c0904,0x4da5fb9c62006e9450df7e8b3d0d5c044b5759a8,yes
0x09484e647065b7b3a0c6c3fa5ce2f72c666a8bbbb96aa30a4d102946b985aa62,2026-08-02T03:57:59+00:00,25595294,FIRE/USDG@400000 -> ETH/FRONG@2500,2,False,True,False,MULTI_ASSET_UNRESOLVED,,0.000000000000000000,0.000000000000000000,0.000000000000000000,,0x1edb56b951d492a0f18b3adeab2f1880e487fa9f,0.000016824240000000,,,low,ETH:-0.0000910161|FIRE:-1227.5816651858|FRONG:+62.9218036037|USDG:+0.1704960000,False,True,False,0x8876789976decbfcbbbe364623c63652db8c0904,0x1edb56b951d492a0f18b3adeab2f1880e487fa9f,yes
0xbbeeab11f580c8430d4a4a349cde4d192c2e708ada06810910b9a0abef4864ea,2026-08-05T00:05:42+00:00,28041380,FIRE/USDG@400000,1,False,True,False,ONE_WAY_ROUTE,FIRE->USDG,19870.634783155107960141,3.004103000000000000,0.000000000000000000,0.000000,0x6fe9e13938f25fbaf0493522cf56480f4a992f1b,0.000006604391120000,,,low,FIRE:-19870.6347831551|USDG:+3.0041030000,False,True,False,0x8876789976decbfcbbbe364623c63652db8c0904,0x6fe9e13938f25fbaf0493522cf56480f4a992f1b,yes
0x4c936f02df1b87873dbd3262df5519051387ee2535b3bd142f8b702c9023fc96,2026-08-06T18:41:59+00:00,29572361,FIRE/USDG@400000 -> WETH/USDG@200,2,False,True,False,ONE_WAY_ROUTE,FIRE->WETH,37915.781722941834421679,0.003012311251129537,0.000000000000000000,0.000000,0x1f09756741dedc39a9669565601c4bec5a548af6,0.000010067956056000,,,low,FIRE:-37915.7817229418|WETH:+0.0030123113,False,True,False,0x8876789976decbfcbbbe364623c63652db8c0904,0x1f09756741dedc39a9669565601c4bec5a548af6,yes
0x10a09a490cecce71fb826a8866c6596403ebfb419d582739ca28753bf06b2c6d,2026-08-06T22:39:58+00:00,29714959,ETH/FIRE@3000 -> FIRE/USDG@400000,2,False,True,True,ONE_WAY_ROUTE,ETH->USDG,0.003619928298899055,7.155152000000000000,0.000000000000000000,0.000000,0xeeef618a70e663813331892ee129709845570a1f,0.000025128272640000,,,low,ETH:-0.0036199283|USDG:+7.1551520000,False,True,False,0xa633c73658857d5241fe21d43f854a82e2d0592c,0xeeef618a70e663813331892ee129709845570a1f,yes
0x5a5ad12282b15825e51ded68f8a030361a5db57460980a5ff99d4c59356b6124,2026-08-06T22:48:22+00:00,29720011,FIRE/USDG@400000,1,False,True,False,ONE_WAY_ROUTE,FIRE->USDG,1932.875343089491204219,0.805954000000000000,0.000000000000000000,0.000000,0x11c551c0dea7d78ca92390571480bebeab630505,0.000016945056648000,,,low,FIRE:-1932.8753430895|USDG:+0.8059540000,False,True,False,0x8876789976decbfcbbbe364623c63652db8c0904,0x11c551c0dea7d78ca92390571480bebeab630505,yes
0x135516d2b77d8b5c7308895b4d83e6b381413b6736bc69bab0089f9ec825035f,2026-08-07T04:37:18+00:00,29929309,FIRE/USDG@400000 -> ETH/FIRE@3000,2,False,True,True,MULTI_ASSET_UNRESOLVED,,0.000000000000000000,0.000000000000000000,0.000000000000000000,,0x0e4c51936a3f74b4ad06f16c9c0d4bc95b23b6de,0.000024319809800000,,,low,ETH:-0.0022289653|FIRE:+0.0276550241|USDG:+4.3730680000,False,True,False,0x3892d8dba09b0d079d6b97064bc088eed437da25,0x0e4c51936a3f74b4ad06f16c9c0d4bc95b23b6de,yes
0x6a528eea74cede3192f4bca667ed9b98a60c9118aa2318a307e0665576f76ca1,2026-08-07T05:10:37+00:00,29949232,FIRE/USDG@400000,1,False,True,False,ONE_WAY_ROUTE,FIRE->USDG,1999.069463814950000000,0.790576000000000000,0.000000000000000000,0.000000,0x45df5e6c3bccb8a03049653472096156aaec8012,0.000023957691252000,,,low,FIRE:-1999.0694638150|USDG:+0.7905760000,False,True,False,0x114d574247342eafea95b7a9234e62984d48cd9e,0x45df5e6c3bccb8a03049653472096156aaec8012,yes
0x27c90e6c8822cf3983b8b7f6827b3d453c0405996ded40018f4b74da49450b02,2026-08-07T14:30:06+00:00,30283903,ETH/FIRE@3000 -> FIRE/USDG@400000,2,False,True,True,ONE_WAY_ROUTE,ETH->USDG,0.009993292687589759,21.960569000000000000,0.000000000000000000,0.000000,0x672e672fc3eb65dcb9f844d30cc0292125e01526,0.000011787158880000,,,low,ETH:-0.0099932927|USDG:+21.9605690000,False,True,False,0xac24ce15ac5f4ca34be88a4bf1b5e17303dab423,0x672e672fc3eb65dcb9f844d30cc0292125e01526,yes
0x578f2da8045fff60e66df9756c970e44a16522ab90232a35855daf8c4b33f9ee,2026-08-07T14:30:22+00:00,30284063,ETH/FIRE@3000 -> FIRE/USDG@400000 -> PONS/USDG@2500,3,False,True,True,ONE_WAY_ROUTE,ETH->PONS,0.002278043248560712,177.933716053870590890,0.000000000000000000,0.000000,0x1d11dc9f4ad849c241368ea0b776e52b046f6f00,0.000016253919320000,,,low,ETH:-0.0022780432|PONS:+177.9337160539,False,True,False,0x000000000022b747bc1057d9497efe6d1c69296f,0x1d11dc9f4ad849c241368ea0b776e52b046f6f00,yes
0x41d88c5be4c1073778579fb75637d77227530179d4e932ee7d6dc0669e5439b3,2026-08-07T18:54:04+00:00,30442016,ETH/USDG@8388608 -> ETH/FIRE@3000 -> FIRE/USDG@400000,3,False,True,True,MULTI_ASSET_UNRESOLVED,,0.000000000000000000,0.000000000000000000,0.000000000000000000,,0xb4864f7f85eb2fdbd58b4293a2b9bd684fb13336,0.000022926607184000,,,low,ETH:+0.0000886914|USDG:+1.9483800000,False,True,False,0x6ab8c6c5451126a0c5ce92c7999797067d449c31,0xb4864f7f85eb2fdbd58b4293a2b9bd684fb13336,yes
0xbfa23640715b910bcbd95ea6c01f9f29d2fc2f41200641632457356c25d049a4,2026-08-07T18:54:04+00:00,30442016,ETH/FIRE@3000 -> FIRE/USDG@500000 -> USDG/VIRTUAL@3000,3,True,False,True,ONE_WAY_ROUTE,ETH->VIRTUAL,0.010419848664791939,40.017815895992573952,0.000000000000000000,0.000000,0xb4864f7f85eb2fdbd58b4293a2b9bd684fb13336,0.000029380357780000,,,low,ETH:-0.0104198487|VIRTUAL:+40.0178158960,False,True,False,0xa633c73658857d5241fe21d43f854a82e2d0592c,0xb4864f7f85eb2fdbd58b4293a2b9bd684fb13336,yes
0x07191c68596f2b14f87d44fee034c96fb31f3b97821cd9fbbcae4815d2c8d725,2026-08-08T14:24:50+00:00,31143120,ETH/FIRE@3000 -> FIRE/USDG@400000,2,False,True,True,ONE_WAY_ROUTE,ETH->USDG,0.002276168128832930,4.959454000000000000,0.000000000000000000,0.000000,0xfce2220c39b345e7273cdce4f58ce54a5e40eb79,0.000017225177814000,,,low,ETH:-0.0022761681|USDG:+4.9594540000,False,True,False,0x849bc3e52bb2e1807cc97afbf2528a79128a5deb,0xfce2220c39b345e7273cdce4f58ce54a5e40eb79,yes
0xe359893cd11bd8306356caf993fd0f13d9b2bcb067320c58c4c8b0b10f5e0e09,2026-08-08T14:24:50+00:00,31143120,ETH/FIRE@3000 -> FIRE/USDG@400000 -> ETH/USDG@8388608,3,False,True,True,CLOSED_CYCLE,ETH,0.008809573134249908,0.009181403362622535,0.000371830228372627,4.220752,0xbc6b4e98c1a34329f40cc31eb8b35a0478fb6b01,0.000009520191642000,0.000362310036730627,0x0bd7d308f8e1639fab988df18a8011f41eacad73,medium,ETH:+0.0003718302,True,True,False,0x0930790d32890aedd4c33fc6f9a67a1638394a12,0xbc6b4e98c1a34329f40cc31eb8b35a0478fb6b01,yes
0xd87fc3352f51c8f3164821a296f9f3ce9a5aafdfc19cd7ec19ecff5702b8f6df,2026-08-08T14:24:57+00:00,31143195,FIRE/USDG@400000,1,False,True,False,ONE_WAY_ROUTE,FIRE->USDG,17043.088482665067795853,9.310182000000000000,0.000000000000000000,0.000000,0x0ec4e45f9ce3020024c0418a74cd31fbc487038f,0.000020512629254000,,,low,FIRE:-17043.0884826651|USDG:+9.3101820000,False,True,False,0x8876789976decbfcbbbe364623c63652db8c0904,0x0ec4e45f9ce3020024c0418a74cd31fbc487038f,yes
0xfcfbe8c386a8d77a35c3d56a568164d4179947e680a378308793bbfd57e0b9df,2026-08-08T14:27:28+00:00,31144696,FIRE/USDG@400000 -> FIRE/USDG@500000 -> ETH/USDG@25,3,True,True,False,ONE_WAY_ROUTE,FIRE->ETH,741782.605725000000000000,0.107877130170090213,0.000000000000000000,0.000000,0xbe2a16dca3961c19acda0268c829e0eb437b28e6,0.000022550799514000,,,low,ETH:+0.1078771302|FIRE:-741782.6057250000,False,True,False,0x8f10b468b06c6fd214b65f87778827f7d113f996,0xbe2a16dca3961c19acda0268c829e0eb437b28e6,yes
0xbd387a2bf710e37442ab8e1ecba19bd443227a5237134c25acc509477a75b1d7,2026-08-09T00:46:37+00:00,31515786,FIRE/USDG@400000,1,False,True,False,ONE_WAY_ROUTE,FIRE->USDG,635.750000000000000000,0.255802000000000000,0.000000000000000000,0.000000,0xe71411ebb40224f0043d21ee440829156f4fab0a,0.000008584068800000,,,low,FIRE:-635.7500000000|USDG:+0.2558020000,False,True,False,0x8876789976decbfcbbbe364623c63652db8c0904,0xe71411ebb40224f0043d21ee440829156f4fab0a,yes
0xc6545cb0eb62a12a2ac618e2175242e2a5b5b989d7ddf96339aef235014e9480,2026-08-09T01:51:31+00:00,31554663,FIRE/USDG@400000 -> ETH/USDG@8388608,2,False,True,False,ONE_WAY_ROUTE,FIRE->ETH,476.812500000000000000,0.000100066458651305,0.000000000000000000,0.000000,0xe71411ebb40224f0043d21ee440829156f4fab0a,0.000008556834094000,,,low,ETH:+0.0001000665|FIRE:-476.8125000000,False,True,False,0x8876789976decbfcbbbe364623c63652db8c0904,0xe71411ebb40224f0043d21ee440829156f4fab0a,yes
