block,timestamp,tx_hash,direction,swap_event_fire,fire_out_of_poolmanager,fire_into_poolmanager,receipt_fire_compared,difference_fire,difference_pct,v4_swaps_in_tx,canonical_swaps_in_tx,fire_pools_in_tx,cleanly_isolated,hook_delta_detected
13489272,2026-07-19T02:39:47+00:00,0x3f6681e290c38b08a44876562066d33065ea43c0b284697c874e16f189dfd03b,FIRE_TO_ETH,105130.505469038600000000,0.000000000000000000,105130.505469038600000000,105130.505469038600000000,0.000000000000000000,0.00000000,1,1,1,True,no
13492637,2026-07-19T02:45:25+00:00,0x3f26da83149e2d2f642fdd9f6a19118493d649a31bc4a4f07d0a3aa372619dbc,FIRE_TO_ETH,318878.006809249215068851,0.000000000000000000,318878.006809249215068851,318878.006809249215068851,0.000000000000000000,0.00000000,1,1,1,True,no
13495482,2026-07-19T02:50:11+00:00,0xf5dc878ba6d98fcba7ec4c7010f70d8a23b7beacc94cfb73e2de232e01eaec87,FIRE_TO_ETH,348510.564916161849463428,0.000000000000000000,348510.564916161849463428,348510.564916161849463428,0.000000000000000000,0.00000000,1,1,1,True,no
13499624,2026-07-19T02:57:07+00:00,0x0e9e2551562f96c5878dcee65e47ae54dfed974908b91d164252c548bb530a89,FIRE_TO_ETH,2246383.687500000000000000,0.000000000000000000,2246383.687500000000000000,2246383.687500000000000000,0.000000000000000000,0.00000000,1,1,1,True,no
13504882,2026-07-19T03:05:55+00:00,0x124d05cf8b7f0da11f50793000065858fef2bb1acb79e5ad3eb9ad0ebe633a0c,ETH_TO_FIRE,77515.272219924674859489,77515.272219924674859489,0.000000000000000000,77515.272219924674859489,0.000000000000000000,0.00000000,1,1,1,True,no
13514500,2026-07-19T03:22:01+00:00,0x94c41905488e826715d6f220d9c2a69a71b3b0ab5de532a9961c65d71fe3b6d0,ETH_TO_FIRE,2380.197593790921418185,2380.197593790921418185,0.000000000000000000,2380.197593790921418185,0.000000000000000000,0.00000000,1,1,1,True,no
13526105,2026-07-19T03:41:27+00:00,0x170762e85c9d3d4299935c9a8e41567fcab6870e4124de0a21c2ca4cdaa9670d,ETH_TO_FIRE,1808950.146095116614692010,1808950.146095116614692010,0.000000000000000000,1808950.146095116614692010,0.000000000000000000,0.00000000,1,1,1,True,no
13535481,2026-07-19T03:57:07+00:00,0xccf13d1a0de234b8e07871c6ce3a3f487f484d77c2805a1a1d09e622b15793d4,ETH_TO_FIRE,159651.482086038938394159,159651.482086038938394159,0.000000000000000000,159651.482086038938394159,0.000000000000000000,0.00000000,1,1,1,True,no
13542024,2026-07-19T04:08:04+00:00,0x8ab217dfbc869793e73e7ed58906ffa0d0e6ed890d9dc0cf2f1bbe68f9071500,FIRE_TO_ETH,30171.797928703778016497,0.000000000000000000,30171.797928703778016497,30171.797928703778016497,0.000000000000000000,0.00000000,1,1,1,True,no
13556767,2026-07-19T04:32:46+00:00,0x4e4eb7f6897a1f9794d08fdbdf71e33060a46b1bada6de7c368c719c073d205c,FIRE_TO_ETH,27656.380975735780848525,0.000000000000000000,27656.380975735780848525,27656.380975735780848525,0.000000000000000000,0.00000000,1,1,1,True,no
13585541,2026-07-19T05:20:57+00:00,0xb9a8ed8354f3f311e86454179d11e0115e18079d52366156790a239871782f96,ETH_TO_FIRE,142335.354315712734397627,142335.354315712734397627,0.000000000000000000,142335.354315712734397627,0.000000000000000000,0.00000000,1,1,1,True,no
13596510,2026-07-19T05:39:19+00:00,0x0635291ed0474ec5f7ad5ca18366cc49bf5ceed7129d28df1e9b0d1057fe8b10,ETH_TO_FIRE,4290.194706141765861299,4290.194706141765861299,0.000000000000000000,4290.194706141765861299,0.000000000000000000,0.00000000,3,1,1,True,no
13639169,2026-07-19T06:50:46+00:00,0xc45e398c8855de09ecd6acc93e9bb43109b75c3f8f3693b11391c28bc166f583,FIRE_TO_ETH,130561.496264632202528402,130561.496264632202528402,130561.496264632202528402,130561.496264632202528402,0.000000000000000000,0.00000000,2,1,2,False,n/a_multi_pool
13687634,2026-07-19T08:12:00+00:00,0x8ef88f5edb1e5d90361e730f635b166fe6f37c05d1dd345ba8a3504b694adfb7,FIRE_TO_ETH,10110.097580978793481791,0.000000000000000000,10110.097580978793481791,10110.097580978793481791,0.000000000000000000,0.00000000,1,1,1,True,no
13716350,2026-07-19T09:00:06+00:00,0x1444169790f456197e4d94d7efe1c6a0c5ce6728fa70de82e9ab2d440a468a02,ETH_TO_FIRE,143067.711558957439261956,143067.711558957439261956,0.000000000000000000,143067.711558957439261956,0.000000000000000000,0.00000000,1,1,1,True,no
13769082,2026-07-19T10:28:35+00:00,0x60c9a481ac1838529f963fa8c2078386b5edcbf53843688ca8b3bc56ccc0da70,FIRE_TO_ETH,30781.069993614154826991,0.000000000000000000,30781.069993614154826991,30781.069993614154826991,0.000000000000000000,0.00000000,1,1,1,True,no
13838028,2026-07-19T12:24:07+00:00,0x3acb9d813a57a9327d9796886be0e06791ee7ed62da1886b6f15307757591b7e,FIRE_TO_ETH,1808950.146095116614692010,0.000000000000000000,1808950.146095116614692010,1808950.146095116614692010,0.000000000000000000,0.00000000,1,1,1,True,no
13906963,2026-07-19T14:19:28+00:00,0x85dcfedbf86cbfde063c3a622000ebfc91c302cfc733975aa54dcacfb46e1944,ETH_TO_FIRE,285740.307975529373515850,285740.307975529373515850,0.000000000000000000,285740.307975529373515850,0.000000000000000000,0.00000000,1,1,1,True,no
13949877,2026-07-19T15:31:14+00:00,0x0492820937d92d437ca2fe45147d2333fc79e23e4836fd6e4aac93e684956841,FIRE_TO_ETH,72175.838462049912096897,0.000000000000000000,72175.838462049912096897,72175.838462049912096897,0.000000000000000000,0.00000000,1,1,1,True,no
13977727,2026-07-19T16:17:47+00:00,0x3c639dd6cb30a9d98548eebf72bd34d661148c6d344f62d5173ee6ad9979cf46,ETH_TO_FIRE,270517.731386314061042708,270517.731386314061042708,0.000000000000000000,270517.731386314061042708,0.000000000000000000,0.00000000,1,1,1,True,no
14032189,2026-07-19T17:48:52+00:00,0x7f3209151d3b0dce32257792f592d2e4cfda5f37fd9759371681e95fdc9f348e,ETH_TO_FIRE,18675.473623277181650616,18675.473623277181650616,0.000000000000000000,18675.473623277181650616,0.000000000000000000,0.00000000,1,1,1,True,no
14078544,2026-07-19T19:06:22+00:00,0x6bc010cb9efcf2786823880fcdfd5b4e3f8c2f0216019866845d86877f8026fd,ETH_TO_FIRE,4632.266605471369320691,4632.266605471369320691,0.000000000000000000,4632.266605471369320691,0.000000000000000000,0.00000000,1,1,1,True,no
14079051,2026-07-19T19:07:13+00:00,0xc4a1b43fdb36c384d4c1ec4cd46d7ad97d39b3603b45e0ffb15dc49a15978eaf,ETH_TO_FIRE,197413.012763580742166369,197413.012763580742166369,0.000000000000000000,197413.012763580742166369,0.000000000000000000,0.00000000,1,1,1,True,no
14079948,2026-07-19T19:08:44+00:00,0x83d16b2dbf097aa1dfb8786892465db5cbe8927f0b4ae23f80be5f29e7d166c2,ETH_TO_FIRE,18079.243254524975420744,18079.243254524975420744,0.000000000000000000,18079.243254524975420744,0.000000000000000000,0.00000000,1,1,1,True,no
14083045,2026-07-19T19:13:55+00:00,0xd3c0d8c6016ba6f2bfc2b3335f87f798b32f85f9d09744edbd18dd96a40b7369,FIRE_TO_ETH,478851.268891450237629186,0.000000000000000000,478851.268891450237629186,478851.268891450237629186,0.000000000000000000,0.00000000,1,1,1,True,no
14086782,2026-07-19T19:20:10+00:00,0x58f8110d29400cbba5af0b5e8803d7f45c7d8bd2670fe3841c6ff202a4c5bf2b,ETH_TO_FIRE,36587.847692859313887985,36587.847692859313887985,0.000000000000000000,36587.847692859313887985,0.000000000000000000,0.00000000,1,1,1,True,no
14098746,2026-07-19T19:40:12+00:00,0x8d8b05fe5d75bf262f0111847046aee2dfde98b84cc7276ee469e4cf27516c47,FIRE_TO_ETH,428479.975873957590867814,0.000000000000000000,428479.975873957590867814,428479.975873957590867814,0.000000000000000000,0.00000000,1,1,1,True,no
14114336,2026-07-19T20:06:17+00:00,0x2d610811a510a980b999232371f27db107f147ef8526c7821878979622621bcf,FIRE_TO_ETH,15585.641637696125144817,0.000000000000000000,0.000000000000000000,0.000000000000000000,-15585.641637696125144817,-100.00000000,2,1,2,False,n/a_multi_pool
14134632,2026-07-19T20:40:16+00:00,0xa733afdd05e80784722b68c2d3add130da63f27da92b415f2d4acb947582bfa9,ETH_TO_FIRE,346148.966734822336139892,346148.966734822336139892,0.000000000000000000,346148.966734822336139892,0.000000000000000000,0.00000000,1,1,1,True,no
14163167,2026-07-19T21:28:03+00:00,0xa84bebe567c3b663ca2ed79795d4c6b35e02cda43ca95e2ffdb2a605ce819dee,FIRE_TO_ETH,52268.419267585752569623,0.000000000000000000,52268.419267585752569623,52268.419267585752569623,0.000000000000000000,0.00000000,1,1,1,True,no
14166042,2026-07-19T21:32:52+00:00,0x0deab9f8d5ec7f746254947eb2b0e0ca38348dc6497ce0619c09b511e63efd04,ETH_TO_FIRE,48900.322543139431828162,48900.322543139431828162,0.000000000000000000,48900.322543139431828162,0.000000000000000000,0.00000000,2,1,1,True,no
14169911,2026-07-19T21:39:20+00:00,0x9eb188a31b1afd0cc91bd0045ad421d50d1668e97de37ac13e7af80efc0b760a,FIRE_TO_ETH,18670.589729438896379604,0.000000000000000000,18670.589729438896379604,18670.589729438896379604,0.000000000000000000,0.00000000,1,1,1,True,no
14173386,2026-07-19T21:45:09+00:00,0x0ba3f7bccc7b7cc77019e7c946a4c92120373a1e6bad5a54f70cebc92bb82d50,FIRE_TO_ETH,310469.168977815380566031,0.000000000000000000,310469.168977815380566031,310469.168977815380566031,0.000000000000000000,0.00000000,1,1,1,True,no
14183858,2026-07-19T22:02:41+00:00,0xb235b412b99641f236ae06d65708e0e88e45dedfcef95d1d7eeb6e720496159b,FIRE_TO_ETH,31699.975382763842457038,0.000000000000000000,31699.975382763842457038,31699.975382763842457038,0.000000000000000000,0.00000000,1,1,1,True,no
14189210,2026-07-19T22:11:39+00:00,0x1ca5976226dbd5b0a908268486b55717dec9240c039d7a95d08bada6c0e4d316,FIRE_TO_ETH,222585.408632413967877155,0.000000000000000000,222585.408632413967877155,222585.408632413967877155,0.000000000000000000,0.00000000,1,1,1,True,no
14202808,2026-07-19T22:34:26+00:00,0xb7384e2ea6dab363644561a4b6cf2ca2f24f7cbb8e8720f43e025100e2d3947e,ETH_TO_FIRE,27732.438849690307498425,27732.438849690307498425,0.000000000000000000,27732.438849690307498425,0.000000000000000000,0.00000000,1,1,1,True,no
14220417,2026-07-19T23:03:56+00:00,0x6df8f6e63b13f08c83636e1091fc1efb1e763bd28a43a21fa0f02b85728b4821,FIRE_TO_ETH,146564.906108250000000000,0.000000000000000000,146564.906108250000000000,146564.906108250000000000,0.000000000000000000,0.00000000,1,1,1,True,no
14232956,2026-07-19T23:24:55+00:00,0xeec8b4fa5dbbeb1e2b6331a50dfb0f39c0e50ec9899756199ef4087c7d6a53db,FIRE_TO_ETH,629682.470882875743668193,0.000000000000000000,629682.470882875743668193,629682.470882875743668193,0.000000000000000000,0.00000000,1,1,1,True,no
14241831,2026-07-19T23:39:47+00:00,0xbc2f6fd8a32ebd9ec856826b1d78a9d40a66cd617c9b2e1b9d2c8a5ac4eff134,ETH_TO_FIRE,186791.149481960902942019,186791.149481960902942019,0.000000000000000000,186791.149481960902942019,0.000000000000000000,0.00000000,1,1,1,True,no
14261497,2026-07-20T00:12:43+00:00,0xe0b7a93c3f94936c88bdda0b02052650017a7dc61c8f3e78c1723140c7c79d78,ETH_TO_FIRE,25745.263090377701084058,25745.263090377701084058,0.000000000000000000,25745.263090377701084058,0.000000000000000000,0.00000000,1,1,1,True,no
14288860,2026-07-20T00:58:32+00:00,0x369f152c8a650ab50b0dd39a2b6e39e9e0485194c53bda8457a39abcff86edc7,FIRE_TO_ETH,454893.491048201066678038,0.000000000000000000,454893.491048201066678038,454893.491048201066678038,0.000000000000000000,0.00000000,1,1,1,True,no
14318450,2026-07-20T01:48:04+00:00,0xb3302513c75080ff6f22d1772fa9a9e0c208d2c210edccd03618532976a81afa,FIRE_TO_ETH,141158.000000000000000000,0.000000000000000000,141158.000000000000000000,141158.000000000000000000,0.000000000000000000,0.00000000,1,1,1,True,no
14345077,2026-07-20T02:32:39+00:00,0xecb074c86cd9cb0d6001964a94a35785ffa8500aaee810044156dfb92dafcf3b,ETH_TO_FIRE,228892.031437379640055109,228892.031437379640055109,0.000000000000000000,228892.031437379640055109,0.000000000000000000,0.00000000,1,1,1,True,no
14359352,2026-07-20T02:56:33+00:00,0x9725c9e31e2a96f2db4ca7de95451c792cd3a895d48f6eb80df3b5dee40368f9,ETH_TO_FIRE,138248.323097825416302659,138248.323097825416302659,0.000000000000000000,138248.323097825416302659,0.000000000000000000,0.00000000,1,1,1,True,no
14359837,2026-07-20T02:57:21+00:00,0x62f15a423374575de7aae853776217891efd56ed2b4b3a6bb8fa413e6c6145ee,ETH_TO_FIRE,1883601.751829690847085912,1883601.751829690847085912,0.000000000000000000,1883601.751829690847085912,0.000000000000000000,0.00000000,1,1,1,True,no
14366891,2026-07-20T03:09:10+00:00,0x56381b56fc64fe381c1d0c0e805b915c6fd6012d9b199fdae4c5f88bab684040,ETH_TO_FIRE,241599.054546340780192507,241599.054546340780192507,0.000000000000000000,241599.054546340780192507,0.000000000000000000,0.00000000,1,1,1,True,no
14402946,2026-07-20T04:09:32+00:00,0x01e4f51995b45847b8b3f10825d0675af22965039a77f4d7832f98b1e2c504de,FIRE_TO_ETH,43347.019253161907340220,0.000000000000000000,43347.019253161907340220,43347.019253161907340220,0.000000000000000000,0.00000000,2,1,1,True,no
14473988,2026-07-20T06:08:28+00:00,0x7b383e8006294e4851ca8a818d4c4789907927a9dd93a8be421a30c3a1ea1a65,ETH_TO_FIRE,12165.029175315420086892,12165.029175315420086892,0.000000000000000000,12165.029175315420086892,0.000000000000000000,0.00000000,1,1,1,True,no
14556073,2026-07-20T08:25:47+00:00,0xc6cbee00351732e970d71deabed8d01cc7c3758af855d231441cb282a1d9084f,ETH_TO_FIRE,122773.424294576857833093,122773.424294576857833093,0.000000000000000000,122773.424294576857833093,0.000000000000000000,0.00000000,2,1,1,True,no
14618305,2026-07-20T10:09:53+00:00,0xd2e715d7c7913c6b277f4b62fea23b78ea39c756487fdc15f951f17de9077864,FIRE_TO_ETH,500000.000000000000000000,0.000000000000000000,500000.000000000000000000,500000.000000000000000000,0.000000000000000000,0.00000000,1,1,1,True,no
14651550,2026-07-20T11:05:31+00:00,0xcdc7808a733fa1a784060a30f1888abc6502897a2fecb36bec5d17559f1f53db,FIRE_TO_ETH,11913.873896299700000000,0.000000000000000000,11913.873896299700000000,11913.873896299700000000,0.000000000000000000,0.00000000,3,1,1,True,no
14731712,2026-07-20T13:19:36+00:00,0x67ee76f4ad6355ec8aac09bee0bcfafaeedbe8a14f076be7557871b14517a4a8,FIRE_TO_ETH,33031.085283926444566669,0.000000000000000000,33031.085283926444566669,33031.085283926444566669,0.000000000000000000,0.00000000,1,1,1,True,no
14770956,2026-07-20T14:25:09+00:00,0x964b3de5cc03c77749ab32dc7bc9f426ebd2fc55ea3a04b379aafb8006e31a4c,ETH_TO_FIRE,10903.924036834438561144,10903.924036834438561144,0.000000000000000000,10903.924036834438561144,0.000000000000000000,0.00000000,1,1,1,True,no
14819559,2026-07-20T15:46:18+00:00,0xd40f4f06e3f462aa5a40f5f60a69182e472a059695de0aed7f6ce1cdf558e6e1,ETH_TO_FIRE,87668.388049131539569329,87668.388049131539569329,0.000000000000000000,87668.388049131539569329,0.000000000000000000,0.00000000,1,1,1,True,no
14845296,2026-07-20T16:29:16+00:00,0xa2554434250392a71ebc3798066699f2c45456270f7b2b27f59286c2394c8096,ETH_TO_FIRE,73932.919828452836579523,73932.919828452836579523,0.000000000000000000,73932.919828452836579523,0.000000000000000000,0.00000000,1,1,1,True,no
14862158,2026-07-20T16:57:23+00:00,0x619c88545a783bdd124bfa5d37f86656ac922d096e4f940c1edf3d2ff20f4577,FIRE_TO_ETH,25735.277772491344241507,0.000000000000000000,25735.277772491344241507,25735.277772491344241507,0.000000000000000000,0.00000000,1,1,1,True,no
14883489,2026-07-20T17:33:00+00:00,0xd6425c8b9766caa98b1390e67b8673e5e5074d238f90f06ca3c2c6ab4c6ed80d,FIRE_TO_ETH,47021.770437401164597589,0.000000000000000000,47021.770437401164597589,47021.770437401164597589,0.000000000000000000,0.00000000,1,1,1,True,no
14903596,2026-07-20T18:06:35+00:00,0xa00b730c5e7187d5b29e483c35138aaff1d73a10504c74aa9974794defd8045b,ETH_TO_FIRE,45681.889644701381976243,45681.889644701381976243,0.000000000000000000,45681.889644701381976243,0.000000000000000000,0.00000000,1,1,1,True,no
14924237,2026-07-20T18:41:04+00:00,0xc196dca676387c6e68c73c290deb141d4fe1f3c2aa58652343982d93d48b9768,FIRE_TO_ETH,11218.775383075065305460,0.000000000000000000,11218.775383075065305460,11218.775383075065305460,0.000000000000000000,0.00000000,1,1,1,True,no
14960622,2026-07-20T19:41:48+00:00,0x148c467514dbb88fe2e583f6622b049780364f3767153a51944f5d795846552e,FIRE_TO_ETH,772178.933941398664212856,0.000000000000000000,772178.933941398664212856,772178.933941398664212856,0.000000000000000000,0.00000000,2,1,1,True,no
14992688,2026-07-20T20:35:21+00:00,0x19adef379aed8d56088743d5c87df4f397ff748927a5556a7baf14c06d05ebcb,ETH_TO_FIRE,275026.794702834665819385,275026.794702834665819385,0.000000000000000000,275026.794702834665819385,0.000000000000000000,0.00000000,1,1,1,True,no
15014184,2026-07-20T21:11:14+00:00,0x7a5984d4c39534d236fdf9d3295f8f194e0b75708cd250853e210c442490d169,ETH_TO_FIRE,9044.988855287794253243,9044.988855287794253243,0.000000000000000000,9044.988855287794253243,0.000000000000000000,0.00000000,1,1,1,True,no
15025685,2026-07-20T21:30:24+00:00,0xb9beacc4d73b57716bb21645ffb1768907faa20d3d6c5a721fbab7a01b2c80e7,FIRE_TO_ETH,24325.652626396491284317,0.000000000000000000,24325.652626396491284317,24325.652626396491284317,0.000000000000000000,0.00000000,1,1,1,True,no
15055050,2026-07-20T22:19:25+00:00,0x4e7db96600daba92593335abeaa96d50893840bb81bdf59068c6c783cb57c8c6,ETH_TO_FIRE,172143.669165515551181428,172143.669165515551181428,0.000000000000000000,172143.669165515551181428,0.000000000000000000,0.00000000,2,1,1,True,no
15079116,2026-07-20T22:59:36+00:00,0x6a7343acc597c60529e02b6b07aaec7e2b44a89700a3f07e515795197ffe2829,FIRE_TO_ETH,43284.290413473133185103,0.000000000000000000,43284.290413473133185103,43284.290413473133185103,0.000000000000000000,0.00000000,1,1,1,True,no
15147757,2026-07-21T00:54:18+00:00,0xa95aab8dec9919c86f1ab6c25f6a2c2a12f7b69ff7b9a3961a35928b5f1cd325,ETH_TO_FIRE,32237.987812911056162032,32237.987812911056162032,0.000000000000000000,32237.987812911056162032,0.000000000000000000,0.00000000,1,1,1,True,no
15179048,2026-07-21T01:46:32+00:00,0x5a6567e023936bec61de4cf568867f53cffecca569f494d075c44947c205dceb,FIRE_TO_ETH,70470.617298749162140656,0.000000000000000000,70470.617298749162140656,70470.617298749162140656,0.000000000000000000,0.00000000,2,1,1,True,no
15312016,2026-07-21T05:28:48+00:00,0x2cec0645c60229a45bad95f06c92efca749dbc4920425052aeffe8ec3202e983,FIRE_TO_ETH,378232.093283023300000000,0.000000000000000000,378232.093283023300000000,378232.093283023300000000,0.000000000000000000,0.00000000,1,1,1,True,no
15418282,2026-07-21T08:26:27+00:00,0x832bc11f728a4a31c10e48eca37cf5f363ac0e383dbcab295b0c3ab7a36942d5,FIRE_TO_ETH,233843.458803825597787325,0.000000000000000000,233843.458803825597787325,233843.458803825597787325,0.000000000000000000,0.00000000,1,1,1,True,no
15551593,2026-07-21T12:09:22+00:00,0xe54ec418dd9f01242762e3a8e43043b603cb87dba7d3796e738a8d53e8d53325,FIRE_TO_ETH,845390.478699153404001952,0.000000000000000000,845390.478699153404001952,845390.478699153404001952,0.000000000000000000,0.00000000,3,1,1,True,no
15638078,2026-07-21T14:33:45+00:00,0x55bc676aeeea26c77a3a56d0f29686bf0f488edcf010d15cfca319e2878f4b33,ETH_TO_FIRE,7238.931301344364196707,7238.931301344364196707,0.000000000000000000,7238.931301344364196707,0.000000000000000000,0.00000000,2,1,1,True,no
15686068,2026-07-21T15:53:44+00:00,0xf9628a670e971d83200565a1f546d776994b74e4a325b853eff803e3cf37c653,ETH_TO_FIRE,7546.140847506730447924,7546.140847506730447924,0.000000000000000000,7546.140847506730447924,0.000000000000000000,0.00000000,1,1,1,True,no
15733537,2026-07-21T17:13:00+00:00,0xc45c2f506c6bf04a302f43b66d5e4a0a78083e7c5778c3e352e5a3833cfc06f1,FIRE_TO_ETH,941647.708625864761858863,0.000000000000000000,941647.708625864761858863,941647.708625864761858863,0.000000000000000000,0.00000000,1,1,1,True,no
15746568,2026-07-21T17:34:46+00:00,0x8d4dccf0feeda4e2deb37f5b475f0c910506ba2be3eebddfc56229e6ae08d5ff,FIRE_TO_ETH,176976.298407802193386222,0.000000000000000000,176976.298407802193386222,176976.298407802193386222,0.000000000000000000,0.00000000,3,1,1,True,no
15767443,2026-07-21T18:09:37+00:00,0x490340b1ee48d3b7dbc61703580d17f8d4ce3b08727267835f456250747fd17a,ETH_TO_FIRE,23710.420174619799608847,23710.420174619799608847,0.000000000000000000,23710.420174619799608847,0.000000000000000000,0.00000000,1,1,1,True,no
15770983,2026-07-21T18:15:31+00:00,0xf691f4ae7b01938ba94098dfa48f0347a91622a96b2ed2e34f0e391601cde74d,FIRE_TO_ETH,963084.388367998063118529,0.000000000000000000,963084.388367998063118529,963084.388367998063118529,0.000000000000000000,0.00000000,1,1,1,True,no
15796966,2026-07-21T18:58:54+00:00,0xd5e4ff05ef261dc8ba098442cab0ef4ad3580448ac78d70f74fbd72e7ebae4fb,FIRE_TO_ETH,538704.424600542662613900,0.000000000000000000,538704.424600542662613900,538704.424600542662613900,0.000000000000000000,0.00000000,1,1,1,True,no
15825797,2026-07-21T19:47:02+00:00,0x884763188370721e9263e43cb0f3e113cd23c6de1570f340f372e6bbd9d6a652,FIRE_TO_ETH,8803.638927394523795967,0.000000000000000000,0.000000000000000000,0.000000000000000000,-8803.638927394523795967,-100.00000000,2,1,2,False,n/a_multi_pool
15878666,2026-07-21T21:15:16+00:00,0x8026f626b2967ac0834e09bdb28bfea77f939affa283d64eba616343c2834770,FIRE_TO_ETH,26594.684550685645054978,0.000000000000000000,26594.684550685645054978,26594.684550685645054978,0.000000000000000000,0.00000000,1,1,1,True,no
15913966,2026-07-21T22:14:08+00:00,0x2601c228dbe8dba9848bbda96498df0140505324d8c9750003133da2433e6492,ETH_TO_FIRE,199629.044587376827430607,199629.044587376827430607,0.000000000000000000,199629.044587376827430607,0.000000000000000000,0.00000000,1,1,1,True,no
15914888,2026-07-21T22:15:39+00:00,0xa0dff4d75b1a1f0726919c18f742a440225d9a6633b926f337d6bfb422943256,ETH_TO_FIRE,81610.918419356937774120,81610.918419356937774120,0.000000000000000000,81610.918419356937774120,0.000000000000000000,0.00000000,1,1,1,True,no
15921713,2026-07-21T22:27:04+00:00,0xf68d36644b09a462b893e14552e443ab3220816db0e969a7364e1a8d4d19b7b6,ETH_TO_FIRE,16876.369281746262304442,16876.369281746262304442,0.000000000000000000,16876.369281746262304442,0.000000000000000000,0.00000000,1,1,1,True,no
15974087,2026-07-21T23:54:27+00:00,0xfb22136999f1301b570c44d277c55f602a7da571cb76379dfae6cc8a04bef8f6,FIRE_TO_ETH,47249.551840953304342373,0.000000000000000000,47249.551840953304342373,47249.551840953304342373,0.000000000000000000,0.00000000,1,1,1,True,no
16066906,2026-07-22T02:29:23+00:00,0x8d1537d1866ad84696469ac3b0581086148f77aafb1571261fd881ad7fdbd3e7,ETH_TO_FIRE,970169.225432829294920122,970169.225432829294920122,0.000000000000000000,970169.225432829294920122,0.000000000000000000,0.00000000,1,1,1,True,no
16263970,2026-07-22T07:58:54+00:00,0x92e306769f871d8cf707224728ef36535d540111e7d334a090ccaa3b1b39988a,FIRE_TO_ETH,7159.106470606059187090,0.000000000000000000,7159.106470606059187090,7159.106470606059187090,0.000000000000000000,0.00000000,1,1,1,True,no
16501728,2026-07-22T14:35:59+00:00,0x7c3a833f9616fabfd1b93fc6ccb2bc8cc3c4cb898d3f3d080b1106d6e14341cd,ETH_TO_FIRE,344174.164685902533471629,344174.164685902533471629,0.000000000000000000,344174.164685902533471629,0.000000000000000000,0.00000000,1,1,1,True,no
16568645,2026-07-22T16:27:38+00:00,0x4455dabd230fb664912366a287ea64b97c46f660e0e6c28d003ce383983eee3e,ETH_TO_FIRE,977563.669773929826897138,977563.669773929826897138,0.000000000000000000,977563.669773929826897138,0.000000000000000000,0.00000000,1,1,1,True,no
16624454,2026-07-22T18:00:38+00:00,0xdd6574aa825cc2adbbd07d51054929250c748b2ffff1ac0afc93a8f0bee21895,ETH_TO_FIRE,38331.040988000577668443,38331.040988000577668443,0.000000000000000000,38331.040988000577668443,0.000000000000000000,0.00000000,1,1,1,True,no
16644264,2026-07-22T18:33:41+00:00,0x3b66075ac8fe448ccf0d85ae6e384f97acafdedeecd639968d0a3da2a68fa32e,ETH_TO_FIRE,5500.752046040103981307,5500.752046040103981307,0.000000000000000000,5500.752046040103981307,0.000000000000000000,0.00000000,2,1,1,True,no
16698204,2026-07-22T20:03:48+00:00,0xf8cd98192f6496f29a2fcee687354575f83768cc564c473da9129af628ad9a69,ETH_TO_FIRE,175670.266257640487331661,175670.266257640487331661,0.000000000000000000,175670.266257640487331661,0.000000000000000000,0.00000000,1,1,1,True,no
16765008,2026-07-22T21:55:23+00:00,0x53393a9f335a8f9039b948f4098430c0b2e92cad999f28406b06455ae55132ff,ETH_TO_FIRE,174729.343103940181564004,174729.343103940181564004,0.000000000000000000,174729.343103940181564004,0.000000000000000000,0.00000000,1,1,1,True,no
16822310,2026-07-22T23:31:08+00:00,0x462b4060a77d5ff2865a7c45613a04ced49353f624b1a05f13e0af208487f90d,FIRE_TO_ETH,32541.861314005800000000,0.000000000000000000,32541.861314005800000000,32541.861314005800000000,0.000000000000000000,0.00000000,1,1,1,True,no
16854296,2026-07-23T00:24:36+00:00,0x99a682d6016cbdbcf06f5883f34cfd27b1f10dafc505953db7c8a6f70623e84a,FIRE_TO_ETH,956828.478857441700000000,0.000000000000000000,956828.478857441700000000,956828.478857441700000000,0.000000000000000000,0.00000000,1,1,1,True,no
16874049,2026-07-23T00:57:38+00:00,0x4e018d3f5ae8229ff45c500e6b684be79038420d641083b1b95079d46a65f629,FIRE_TO_ETH,24891.670136405837709413,0.000000000000000000,24891.670136405837709413,24891.670136405837709413,0.000000000000000000,0.00000000,1,1,1,True,no
16904951,2026-07-23T01:49:13+00:00,0x443fc86d15cea6228166d77cf51e2cf38438edc53d4d2bf332b4a44e2ef363d2,FIRE_TO_ETH,1007137.549242418300000000,0.000000000000000000,1007137.549242418300000000,1007137.549242418300000000,0.000000000000000000,0.00000000,1,1,1,True,no
16907916,2026-07-23T01:54:10+00:00,0x8c5f36abf2a8193601a1265f12877b606c17d36e56123c07f034f9ca94fe7564,FIRE_TO_ETH,127981.677216750000000000,0.000000000000000000,127981.677216750000000000,127981.677216750000000000,0.000000000000000000,0.00000000,1,1,1,True,no
16921628,2026-07-23T02:17:04+00:00,0xb89aba3986923853848a4584aa7f753586210f60c444185e0fb47b9b0a4e48a2,FIRE_TO_ETH,15800.170903168200000000,0.000000000000000000,15800.170903168200000000,15800.170903168200000000,0.000000000000000000,0.00000000,1,1,1,True,no
16952838,2026-07-23T03:09:11+00:00,0x5545b921694b30839cb00d4f6e3bfcdd018fa46e2e528c41bbd4cfdbf50661e5,ETH_TO_FIRE,2379.368273816884474822,2379.368273816884474822,0.000000000000000000,2379.368273816884474822,0.000000000000000000,0.00000000,1,1,1,True,no
16996598,2026-07-23T04:22:23+00:00,0x94a0d0b96e76393e33128ea70dc0008e076b39648f833cd4d6cbaa73ce005475,ETH_TO_FIRE,237024.957426744889450155,237024.957426744889450155,0.000000000000000000,237024.957426744889450155,0.000000000000000000,0.00000000,1,1,1,True,no
17019994,2026-07-23T05:01:33+00:00,0x4159e5851a3206fce241ccd24c76165d91e9f303582a4504f5e978c2fbf6cc1e,ETH_TO_FIRE,263242.659310412280392993,263242.659310412280392993,0.000000000000000000,263242.659310412280392993,0.000000000000000000,0.00000000,1,1,1,True,no
17065715,2026-07-23T06:17:55+00:00,0xf3cff918ed0454a00cc67c18f8ac56582f39a5b0195cb64d4c26a7a713ce31d4,ETH_TO_FIRE,407062.190629664626649065,407062.190629664626649065,0.000000000000000000,407062.190629664626649065,0.000000000000000000,0.00000000,1,1,1,True,no
17095345,2026-07-23T07:07:22+00:00,0xd4b316c20cd424528ec445a633e6dc2d91a04c5be3ca7e7080161ae585942b0e,FIRE_TO_ETH,89473.719459913713943845,0.000000000000000000,89473.719459913713943845,89473.719459913713943845,0.000000000000000000,0.00000000,1,1,1,True,no
17136652,2026-07-23T08:16:21+00:00,0x94a274cb0e3aae2f0476d85fada597383f3a0ea66805233a2a52c3828dbad2c4,ETH_TO_FIRE,19171.243415703423976915,19171.243415703423976915,0.000000000000000000,19171.243415703423976915,0.000000000000000000,0.00000000,1,1,1,True,no
17200132,2026-07-23T10:02:28+00:00,0x214f47fb414a874d860c2ee21149638d320b1220decc42ef7d5f2104e0c618f4,FIRE_TO_ETH,171495.161028048815209774,0.000000000000000000,171495.161028048815209774,171495.161028048815209774,0.000000000000000000,0.00000000,1,1,1,True,no
17269783,2026-07-23T11:58:56+00:00,0xc7d533d28986306aa2083108e27172425bca130c69fdd355b558458c1f71071e,ETH_TO_FIRE,59059.994220774319978554,59059.994220774319978554,0.000000000000000000,59059.994220774319978554,0.000000000000000000,0.00000000,1,1,1,True,no
17299094,2026-07-23T12:47:56+00:00,0xe5d0659e7a9e5adf0be92d64dad82686aaf78adf5234c03ed153ba0c9390a2be,FIRE_TO_ETH,40000.000000000000000000,0.000000000000000000,40000.000000000000000000,40000.000000000000000000,0.000000000000000000,0.00000000,1,1,1,True,no
17328036,2026-07-23T13:36:17+00:00,0x9aa79c42c0b6c601fe6cb81dfd0966df50f691a61ec4f0b5109eeb4d0a9794da,ETH_TO_FIRE,3831338.605319456640406074,3831338.605319456640406074,0.000000000000000000,3831338.605319456640406074,0.000000000000000000,0.00000000,1,1,1,True,no
17360979,2026-07-23T14:31:18+00:00,0x6b71337c30fe8887e457b59fd3935d86a25261cd467a762da71c88f4b8ba00bb,ETH_TO_FIRE,308792.514908830144802334,308792.514908830144802334,0.000000000000000000,308792.514908830144802334,0.000000000000000000,0.00000000,2,1,1,True,no
17363541,2026-07-23T14:35:34+00:00,0xb64817ecbd68c75513b2e59c2e168d3ca036cdb96b864ad4b876ee6c07d65835,FIRE_TO_ETH,8350.826091607687099346,0.000000000000000000,8350.826091607687099346,8350.826091607687099346,0.000000000000000000,0.00000000,1,1,1,True,no
17398594,2026-07-23T15:34:07+00:00,0xa6b2b121d88e0f09278a5929c24299c7b90b0d0f0275b3bc6fde9dd2c0f59274,FIRE_TO_ETH,24530.608638958257401742,0.000000000000000000,24530.608638958257401742,24530.608638958257401742,0.000000000000000000,0.00000000,1,1,1,True,no
17427612,2026-07-23T16:22:36+00:00,0xb3bf2b746c443c8e3324c23c0e592509ea9927596f28f0b0a8a0a1f512ac9708,FIRE_TO_ETH,6361.907510591821040432,0.000000000000000000,6361.907510591821040432,6361.907510591821040432,0.000000000000000000,0.00000000,3,1,1,True,no
17454469,2026-07-23T17:07:27+00:00,0xee1c9b0c0155bfe50819cfc757cc41cf4be13c36e565d36a9341d12d42301e67,FIRE_TO_ETH,23691.017012128429965287,0.000000000000000000,23691.017012128429965287,23691.017012128429965287,0.000000000000000000,0.00000000,1,1,1,True,no
17501828,2026-07-23T18:26:26+00:00,0x6e9a063a6cbac583cea029b5e26d58ffa14b2af3cfbc11aa6218e4449619dc68,FIRE_TO_ETH,1472.310592246516985120,0.000000000000000000,1472.310592246516985120,1472.310592246516985120,0.000000000000000000,0.00000000,1,1,1,True,no
17570588,2026-07-23T20:21:15+00:00,0x44e46d394c74f298dca970fc8ef4a472a41e5457233836e17195f3fed3788844,FIRE_TO_ETH,298731.400747218615984216,0.000000000000000000,298731.400747218615984216,298731.400747218615984216,0.000000000000000000,0.00000000,1,1,1,True,no
17671967,2026-07-23T23:10:43+00:00,0xe1b2154a1a356889c0d2d0b29b9ed9fccbdb1d9ab0571734d3e4d84e384c205d,FIRE_TO_ETH,5768.282665900018563639,0.000000000000000000,5768.282665900018563639,5768.282665900018563639,0.000000000000000000,0.00000000,2,1,1,True,no
17813095,2026-07-24T03:06:43+00:00,0xbbc2e48d1cac3a90304720dca52e1c31f513c191094dd50d0cf1c6dcde642b32,FIRE_TO_ETH,405237.129097500000000000,0.000000000000000000,405237.129097500000000000,405237.129097500000000000,0.000000000000000000,0.00000000,1,1,1,True,no
17928830,2026-07-24T06:20:23+00:00,0x1249dc6fe8d867f432d9bb6c23cafe75b837eef283e4a346b1f74188d1e3fd66,ETH_TO_FIRE,55169.236070220553059148,55169.236070220553059148,0.000000000000000000,55169.236070220553059148,0.000000000000000000,0.00000000,1,1,1,True,no
18038024,2026-07-24T09:23:02+00:00,0xf6800623feea47fbd0be0816ee3d10560db6deb554e50b65863da94809216a65,ETH_TO_FIRE,36499.203490908654043521,36499.203490908654043521,0.000000000000000000,36499.203490908654043521,0.000000000000000000,0.00000000,1,1,1,True,no
18119540,2026-07-24T11:39:39+00:00,0xcde13687bca62de280357dd553d59ebe0e33047820a76a2cf38e0fd1a54c08a9,ETH_TO_FIRE,31746.675972359969117735,31746.675972359969117735,0.000000000000000000,31746.675972359969117735,0.000000000000000000,0.00000000,1,1,1,True,no
18235201,2026-07-24T14:52:55+00:00,0xf9dbd786dcd87b391b214fe9f5fb481f7b2a8af901d0db29112c48119aa28a7f,FIRE_TO_ETH,10753.466240380771532332,0.000000000000000000,10753.466240380771532332,10753.466240380771532332,0.000000000000000000,0.00000000,1,1,1,True,no
18301479,2026-07-24T16:43:25+00:00,0x6906f45cc1691dbf684d1bef68046c30fdf75d284bd4540e69c1fe135106dc73,ETH_TO_FIRE,271217.400759132415579650,271217.400759132415579650,0.000000000000000000,271217.400759132415579650,0.000000000000000000,0.00000000,1,1,1,True,no
18388722,2026-07-24T19:09:02+00:00,0x8c2746f2f59494d2cb1440ed6c5e2cbd301f808de3db5a655cc4ed85621c5d51,ETH_TO_FIRE,188226.510445464054404003,188226.510445464054404003,0.000000000000000000,188226.510445464054404003,0.000000000000000000,0.00000000,1,1,1,True,no
18424389,2026-07-24T20:08:36+00:00,0x994ddc75ea43d3648a7d8084a33274610e80a7e6ebde7a20ad0e024cb558c1db,ETH_TO_FIRE,372518.785775100644623223,372518.785775100644623223,0.000000000000000000,372518.785775100644623223,0.000000000000000000,0.00000000,1,1,1,True,no
18430111,2026-07-24T20:18:10+00:00,0x710c7798a50b35196876c1a5adfaf890a7f8e9ec59fc41e638e03b3988b4130b,ETH_TO_FIRE,112927.691105860555053495,112927.691105860555053495,0.000000000000000000,112927.691105860555053495,0.000000000000000000,0.00000000,1,1,1,True,no
18466302,2026-07-24T21:18:36+00:00,0xd146a0956c69c1ea3174335f8dbf28c55ca1902b8d22fb76f52ac4a9d758dbcd,FIRE_TO_ETH,213690.861877458051190016,0.000000000000000000,213690.861877458051190016,213690.861877458051190016,0.000000000000000000,0.00000000,2,1,1,True,no
18553092,2026-07-24T23:43:38+00:00,0xb728d63dc8274117924498db31e0d0e84e2ac7387b82e592c77ac3e5504b1373,FIRE_TO_ETH,498750.000000000000000000,0.000000000000000000,498750.000000000000000000,498750.000000000000000000,0.000000000000000000,0.00000000,1,1,1,True,no
18684708,2026-07-25T03:23:46+00:00,0xe0722abc1de8e563c7828e19f40e088ab86d10f6237c2c44a62c1af4b1546217,ETH_TO_FIRE,3793.744910987595163198,3793.744910987595163198,0.000000000000000000,3793.744910987595163198,0.000000000000000000,0.00000000,1,1,1,True,no
18862544,2026-07-25T08:21:51+00:00,0x9507f410996f677140eed42ea7cd640174a40be8225ce07432c970632d335ebb,FIRE_TO_ETH,357878.181720140018781551,0.000000000000000000,357878.181720140018781551,357878.181720140018781551,0.000000000000000000,0.00000000,1,1,1,True,no
19112652,2026-07-25T15:20:28+00:00,0x1a14c5ebcaa5c69b2ec46647a12a46d79295286d8a2a4c0cdbe6de9825a16008,ETH_TO_FIRE,30919.938964728838169523,30919.938964728838169523,0.000000000000000000,30919.938964728838169523,0.000000000000000000,0.00000000,1,1,1,True,no
19254378,2026-07-25T19:17:26+00:00,0xf6581bababbb4ffbed01b770cfd0f4b7b9c1973983717808b6f62496e9e57841,FIRE_TO_ETH,48197.815332524601027658,0.000000000000000000,48197.815332524601027658,48197.815332524601027658,0.000000000000000000,0.00000000,1,1,1,True,no
19360435,2026-07-25T22:14:43+00:00,0xd5baa90927de084868ec4fca221651d4f3bed54a78520e45f2469f0e7c08ed43,ETH_TO_FIRE,25929.694019482129529275,25929.694019482129529275,0.000000000000000000,25929.694019482129529275,0.000000000000000000,0.00000000,1,1,1,True,no
19595169,2026-07-26T04:47:33+00:00,0x170d8e4f3ca0019be6b8aad6ac498d0393e2182c51a518d670032aa5d8b61a39,ETH_TO_FIRE,83650.671780711642531265,83650.671780711642531265,0.000000000000000000,83650.671780711642531265,0.000000000000000000,0.00000000,1,1,1,True,no
19939839,2026-07-26T14:24:05+00:00,0x78daf53814353a4133746abd0ddbe867a15d6bcb49980d216027b62ef15ab65f,FIRE_TO_ETH,213632.490925369884997103,0.000000000000000000,213632.490925369884997103,213632.490925369884997103,0.000000000000000000,0.00000000,1,1,1,True,no
19991942,2026-07-26T15:51:08+00:00,0x000aec032ff42f05f339672eca67d39dc72bb69ef28f351ed2cfc70222333de6,FIRE_TO_ETH,76385.296112051552194631,0.000000000000000000,76385.296112051552194631,76385.296112051552194631,0.000000000000000000,0.00000000,4,1,1,True,no
20071783,2026-07-26T18:04:17+00:00,0xdd202d2d49f525d4ae19abdd428d129730409781d24b71dc31b89245c92d63fb,FIRE_TO_ETH,61864.910620665655807302,0.000000000000000000,61864.910620665655807302,61864.910620665655807302,0.000000000000000000,0.00000000,1,1,1,True,no
20148080,2026-07-26T20:11:40+00:00,0xcce268916cf20fb9227cbe0ad775de0c32d311f689082882b609fb73530e0d7a,ETH_TO_FIRE,15916.598349513119225020,15916.598349513119225020,15916.598349513119225020,15916.598349513119225020,0.000000000000000000,0.00000000,3,1,2,False,n/a_multi_pool
20262811,2026-07-26T23:23:23+00:00,0x2813ecb76173621cf8b42a47abbd08ecd31f655bb552022e8aa44a678cd234b0,FIRE_TO_ETH,4944.893394292011031614,0.000000000000000000,4944.893394292011031614,4944.893394292011031614,0.000000000000000000,0.00000000,1,1,1,True,no
20340781,2026-07-27T01:33:44+00:00,0xf8ff4841b1be685e655d0f7076c1c3e552edb148753632e7b257c11d6c033cdf,FIRE_TO_ETH,529309.647754589932689699,0.000000000000000000,529309.647754589932689699,529309.647754589932689699,0.000000000000000000,0.00000000,1,1,1,True,no
20578276,2026-07-27T08:11:05+00:00,0xc95e7820f1fa2e44b16fe8349fb94183ea07a97ab4152ef1460322f3a99c3ff8,FIRE_TO_ETH,29763.797578640027963786,0.000000000000000000,29763.797578640027963786,29763.797578640027963786,0.000000000000000000,0.00000000,1,1,1,True,no
20854638,2026-07-27T15:53:06+00:00,0xa43be583b007d374ce2ced12f319193bf91eb44ca3550326bd5ddd22f1646a26,FIRE_TO_ETH,126610.607948450567626656,0.000000000000000000,126610.607948450567626656,126610.607948450567626656,0.000000000000000000,0.00000000,1,1,1,True,no
21029249,2026-07-27T20:47:03+00:00,0xc7cad2ccd2c1093b3ed02adf6f3473581d17343d298b181c36212583beb5c299,FIRE_TO_ETH,9174.519821634911455813,0.000000000000000000,9174.519821634911455813,9174.519821634911455813,0.000000000000000000,0.00000000,1,1,1,True,no
21121613,2026-07-27T23:21:24+00:00,0x0b9c861a1e18da54135da84777359f0ccb8153ca86468edda0cf22d2b550aa07,ETH_TO_FIRE,88143.346300559929587150,88143.346300559929587150,0.000000000000000000,88143.346300559929587150,0.000000000000000000,0.00000000,1,1,1,True,no
21532075,2026-07-28T10:48:17+00:00,0xc0ce9143f4aa92cca6fd970b7b0beef693b193cc867874b00ef8fd258759c273,ETH_TO_FIRE,80950.959438642178020741,80950.959438642178020741,0.000000000000000000,80950.959438642178020741,0.000000000000000000,0.00000000,1,1,1,True,no
21826645,2026-07-28T19:00:36+00:00,0xf7196d2e8cb4f76baac8777d28920af8664124669517f44d79a7daf62fd8038f,ETH_TO_FIRE,46093.836633172110152861,46093.836633172110152861,0.000000000000000000,46093.836633172110152861,0.000000000000000000,0.00000000,2,1,1,True,no
21949064,2026-07-28T22:25:06+00:00,0x9a971695a40d5801121122d86de19c26c38873f99505f5412386367032293431,FIRE_TO_ETH,570735.079657779214964170,0.000000000000000000,570735.079657779214964170,570735.079657779214964170,0.000000000000000000,0.00000000,1,1,1,True,no
22245097,2026-07-29T06:39:34+00:00,0xedcea8884cbf5c1086b7bff1334dd675d3eb5f4b77350920042013dbf549d4ce,ETH_TO_FIRE,298390.237403166570503940,298390.237403166570503940,0.000000000000000000,298390.237403166570503940,0.000000000000000000,0.00000000,1,1,1,True,no
22598281,2026-07-29T16:30:09+00:00,0x8017fb2b7fa8f1f2d0cde76ea99548aadbdf59c09ae3bea486510995479183bc,FIRE_TO_ETH,989537.340578663067148948,0.000000000000000000,989537.340578663067148948,989537.340578663067148948,0.000000000000000000,0.00000000,1,1,1,True,no
22858204,2026-07-29T23:43:58+00:00,0xd2f3124e2affa1c89a1c52ce4b74fc49b4b30d6da386884d04060dbbe834b27c,FIRE_TO_ETH,1069.587085145681329369,0.000000000000000000,1069.587085145681329369,1069.587085145681329369,0.000000000000000000,0.00000000,1,1,1,True,no
22972268,2026-07-30T02:54:34+00:00,0x48ae0bffc3e6fdbd2855f69374d6690fb96691955aa0b289af989fa79406b201,ETH_TO_FIRE,23161.512815979552708315,23161.512815979552708315,0.000000000000000000,23161.512815979552708315,0.000000000000000000,0.00000000,1,1,1,True,no
23151766,2026-07-30T07:54:55+00:00,0xd840568927d908096758653ce091f1571c1725a32bb545ad0f06f6f4c27659d1,FIRE_TO_ETH,74685.105072069806036149,0.000000000000000000,74685.105072069806036149,74685.105072069806036149,0.000000000000000000,0.00000000,1,1,1,True,no
23210876,2026-07-30T09:33:47+00:00,0x366d1e5ceff7bb8f949a1be4dd9541fbbf4689ead343ece506c43c3cbbbf28f1,FIRE_TO_ETH,14829.868469992359171772,0.000000000000000000,14829.868469992359171772,14829.868469992359171772,0.000000000000000000,0.00000000,1,1,1,True,no
23451135,2026-07-30T16:15:18+00:00,0x809703018f670d7866e3319cf104227b77636ad98aef4003a7b10fe6fd50e147,ETH_TO_FIRE,69495.166401575197765552,69495.166401575197765552,0.000000000000000000,69495.166401575197765552,0.000000000000000000,0.00000000,1,1,1,True,no
23503191,2026-07-30T17:42:18+00:00,0xade25b1794aac01ac551eba13e3e92a528ec51fb66def2ae04554c1e47f7a0f2,ETH_TO_FIRE,74439.661224102789156558,74439.661224102789156558,0.000000000000000000,74439.661224102789156558,0.000000000000000000,0.00000000,1,1,1,True,no
23623367,2026-07-30T21:03:02+00:00,0xc2db6219749e33fe9c4a9efa0c8a5e31503985982bc34994510951768e609a19,FIRE_TO_ETH,2345731.040665765181537273,0.000000000000000000,2345731.040665765181537273,2345731.040665765181537273,0.000000000000000000,0.00000000,1,1,1,True,no
23836135,2026-07-31T02:58:16+00:00,0xdab9998fd71a7110ac99a0fe1bcef5f5c25dd3823ba970e8afd3d0ce58f31208,FIRE_TO_ETH,29241.285450985580229496,0.000000000000000000,29241.285450985580229496,29241.285450985580229496,0.000000000000000000,0.00000000,1,1,1,True,no
23897354,2026-07-31T04:40:36+00:00,0xb1ab1a6ff85178a77b3a208ec19cc83cc69bab0077e574c8fb3a6933aa3a83b9,ETH_TO_FIRE,4140.517451253154223471,4140.517451253154223471,0.000000000000000000,4140.517451253154223471,0.000000000000000000,0.00000000,1,1,1,True,no
24265385,2026-07-31T14:55:36+00:00,0xf86d495d3257b1c7ad721abcbbf8f99e7e8bb299646be6a20e933b32ef95796b,FIRE_TO_ETH,8624.638795044342585117,0.000000000000000000,8624.638795044342585117,8624.638795044342585117,0.000000000000000000,0.00000000,1,1,1,True,no
24585797,2026-07-31T23:50:22+00:00,0xa475404feb2755d7f91da41a168847e7ec21ceb7b96b37eb210f1045461ff7ac,ETH_TO_FIRE,25243.412230523031434519,25243.412230523031434519,0.000000000000000000,25243.412230523031434519,0.000000000000000000,0.00000000,1,1,1,True,no
24681647,2026-08-01T02:30:31+00:00,0xc42bb4fe2354b77315e71c8a25c66d377e1b7d39c885744bc2fe1217f3c6c49e,ETH_TO_FIRE,674598.447114763510789325,674598.447114763510789325,0.000000000000000000,674598.447114763510789325,0.000000000000000000,0.00000000,1,1,1,True,no
24928933,2026-08-01T09:24:05+00:00,0x85e383a88b7296f343d537e62de8ecd82c13986fd71a89f283b04d9369d9e599,ETH_TO_FIRE,886755.941213011509193671,886755.941213011509193671,0.000000000000000000,886755.941213011509193671,0.000000000000000000,0.00000000,1,1,1,True,no
25278218,2026-08-01T19:08:06+00:00,0x2de0833c4405c87eb21991a070b51238e6795fa15a4caff62ac5de105fee5696,ETH_TO_FIRE,387358.429214348485709464,387358.429214348485709464,0.000000000000000000,387358.429214348485709464,0.000000000000000000,0.00000000,1,1,1,True,no
25793832,2026-08-02T09:30:06+00:00,0xe08c957daa932d4656b148bc0cb3863add5e6183867eda234549dcd529ee46cd,FIRE_TO_ETH,932332.436711977230775027,0.000000000000000000,932332.436711977230775027,932332.436711977230775027,0.000000000000000000,0.00000000,1,1,1,True,no
26179650,2026-08-02T20:14:57+00:00,0x24b81078dc89b98ba79c9af5cff3ac9e144cafef41149a8cd5421fcac98a2980,ETH_TO_FIRE,263337.522796480478014089,263337.522796480478014089,0.000000000000000000,263337.522796480478014089,0.000000000000000000,0.00000000,1,1,1,True,no
26740084,2026-08-03T11:51:22+00:00,0x21ce783e1418243e34222d518b1d9a927b788221f2ba07f784734d5943826b30,ETH_TO_FIRE,370923.719183679490263576,370923.719183679490263576,0.000000000000000000,370923.719183679490263576,0.000000000000000000,0.00000000,1,1,1,True,no
27214359,2026-08-04T01:03:18+00:00,0x9e9e93ea6a771c3691a732422ebf7af67e54e30ccc9c42eb19a3290fd1a88bb1,FIRE_TO_ETH,537307.042815033381927267,0.000000000000000000,537307.042815033381927267,537307.042815033381927267,0.000000000000000000,0.00000000,1,1,1,True,no
27625324,2026-08-04T12:30:09+00:00,0x5eab042216245257ab385c27f061564e78ba8655592299dd701242aa0f460530,ETH_TO_FIRE,110322.743987494053559784,110322.743987494053559784,0.000000000000000000,110322.743987494053559784,0.000000000000000000,0.00000000,1,1,1,True,no
27856226,2026-08-04T18:56:00+00:00,0xdaef5575e68f360e8093667fc560081be3ba872a3b3cef346fb1ee2a0caf30a6,FIRE_TO_ETH,77680.792851782354193038,0.000000000000000000,77680.792851782354193038,77680.792851782354193038,0.000000000000000000,0.00000000,1,1,1,True,no
28147662,2026-08-05T03:03:13+00:00,0x8c93e04a3292a6e3ef172af38e390c166b8fa14106001bd81e1d8be3c8668a79,FIRE_TO_ETH,997500.000000000000000000,0.000000000000000000,997500.000000000000000000,997500.000000000000000000,0.000000000000000000,0.00000000,1,1,1,True,no
28353444,2026-08-05T08:47:17+00:00,0x051c817c4f79996517b8ae584ae7356206f11dd1c419f2d351ca7480ae138dd9,FIRE_TO_ETH,16892.828025648007058190,0.000000000000000000,16892.828025648007058190,16892.828025648007058190,0.000000000000000000,0.00000000,2,1,1,True,no
28725062,2026-08-05T19:07:29+00:00,0xedb8e4d6737be2e6450067a8eee21dd07aba0d2cbc61cb6b6ff8dc8f490050c9,FIRE_TO_ETH,14201.995045684450226888,0.000000000000000000,14201.995045684450226888,14201.995045684450226888,0.000000000000000000,0.00000000,1,1,1,True,no
29056677,2026-08-06T04:20:35+00:00,0x73d681d2425693f5bcdac1c064ab944007a0e9e7eb7b8fcc02789c882c85f5a2,ETH_TO_FIRE,560415.605444020463468682,560415.605444020463468682,0.000000000000000000,560415.605444020463468682,0.000000000000000000,0.00000000,2,1,1,True,no
29469921,2026-08-06T15:51:06+00:00,0x4396f3ea67edfef8d13e864f3840522c7605ec2643bf0267b9710906c9229b49,FIRE_TO_ETH,112369.214563389641004987,0.000000000000000000,112369.214563389641004987,112369.214563389641004987,0.000000000000000000,0.00000000,2,1,1,True,no
29556959,2026-08-06T18:16:16+00:00,0x747eb38dd9275cd2ae588d56cf2b0351a1838ac556111264985d18bfb025f852,ETH_TO_FIRE,220958.312266597316998582,220958.312266597316998582,0.000000000000000000,220958.312266597316998582,0.000000000000000000,0.00000000,2,1,1,True,no
29586858,2026-08-06T19:06:11+00:00,0xaeb7580859a6d31f87cd087b3023840937f7e5ba68de39903860e844bcc10a06,FIRE_TO_ETH,1587347.936543341690430076,0.000000000000000000,1587347.936543341690430076,1587347.936543341690430076,0.000000000000000000,0.00000000,1,1,1,True,no
29660179,2026-08-06T21:08:31+00:00,0xefd631948ba0502945208d5e03968489190483ee092d8161831d1bee22c4b4c2,FIRE_TO_ETH,19019.166113879900000000,0.000000000000000000,19019.166113879900000000,19019.166113879900000000,0.000000000000000000,0.00000000,2,1,1,True,no
29778479,2026-08-07T00:25:33+00:00,0x3c24d03e80c4ac9855d3f77dac97c96426d9179e2c1b34ece6f59ae21c2002dd,ETH_TO_FIRE,43945.843888959532955451,43945.843888959532955451,0.000000000000000000,43945.843888959532955451,0.000000000000000000,0.00000000,1,1,1,True,no
29980251,2026-08-07T06:02:29+00:00,0x518efb425c5dc47b239e16a2a21ce716c53c334f58d968195b2c6d260ca5e6a1,ETH_TO_FIRE,7002.382556140669902183,7002.382556140669902183,0.000000000000000000,7002.382556140669902183,0.000000000000000000,0.00000000,2,1,1,True,no
30165830,2026-08-07T11:12:50+00:00,0x0675e45b48c54a114818d469a1771b1b24c3c3d61112bee3c5cdc6ff2578d56c,FIRE_TO_ETH,91404.778237468900000000,0.000000000000000000,91404.778237468900000000,91404.778237468900000000,0.000000000000000000,0.00000000,2,1,1,True,no
30311908,2026-08-07T15:16:50+00:00,0x5b1ef73a429247c53b6cda01d8fd951c3abf00d2ce7361e2c8e855be287786ea,ETH_TO_FIRE,600859.882210854270945180,600859.882210854270945180,0.000000000000000000,600859.882210854270945180,0.000000000000000000,0.00000000,1,1,1,True,no
30450301,2026-08-07T19:07:54+00:00,0xfc8aeff3be8b2d49e0302e810bcef7f0e876e6448f36c25a1db0b30468a8cd54,ETH_TO_FIRE,294667.103828317235246533,294667.103828317235246533,0.000000000000000000,294667.103828317235246533,0.000000000000000000,0.00000000,2,1,1,True,no
30757433,2026-08-08T03:40:19+00:00,0x02832665646d93d492f8fdcea07f7d595b540ee0e04903dc2fccf48976209b50,ETH_TO_FIRE,147311.644222418198090547,147311.644222418198090547,0.000000000000000000,147311.644222418198090547,0.000000000000000000,0.00000000,2,1,1,True,no
31119610,2026-08-08T13:45:34+00:00,0x3a03eaf1f73fa3cf9837bb3fa9bad2fe79d21f2940c5970cd6c73114a653b293,ETH_TO_FIRE,102437.601319530984135588,102437.601319530984135588,0.000000000000000000,102437.601319530984135588,0.000000000000000000,0.00000000,2,1,1,True,no
31141301,2026-08-08T14:21:47+00:00,0xd9ecc1fc49020295091ab81d92ed4842d7fe670d71b4d9cc027da31b0ce7efda,FIRE_TO_ETH,4891.475673973226479886,0.000000000000000000,4891.475673973226479886,4891.475673973226479886,0.000000000000000000,0.00000000,1,1,1,True,no
31141872,2026-08-08T14:22:44+00:00,0x3224ec2811d0189607e22074a55ca851d66f86d71ebf6938adca741e25d2b7f3,FIRE_TO_ETH,7121.144278938355956069,0.000000000000000000,7121.144278938355956069,7121.144278938355956069,0.000000000000000000,0.00000000,1,1,1,True,no
31142493,2026-08-08T14:23:47+00:00,0xcf030900312eae98fea7a7ab0fb835e16ec48edd20fdc8b0ae36d38bf14d3ab3,ETH_TO_FIRE,32693.299866187070716057,32693.299866187070716057,0.000000000000000000,32693.299866187070716057,0.000000000000000000,0.00000000,2,1,1,True,no
31143664,2026-08-08T14:25:45+00:00,0xa8c2157c073f95e8c77f6acf7f2d458c2be32adf15fc0793e2c2edb504352a7b,ETH_TO_FIRE,10589.841003057924308486,10589.841003057924308486,0.000000000000000000,10589.841003057924308486,0.000000000000000000,0.00000000,1,1,1,True,no
31145944,2026-08-08T14:29:32+00:00,0xc3c059da05c1a495870927d8029492fcfc91b38c68d4f37ba2b0e420b79923dc,FIRE_TO_ETH,48187.414429478800000000,0.000000000000000000,48187.414429478800000000,48187.414429478800000000,0.000000000000000000,0.00000000,2,1,1,True,no
31150885,2026-08-08T14:37:48+00:00,0x783c515891bfca19c66aea72b656d90358cb68d15ae82cbf1c1bc4004a7c0ac2,FIRE_TO_ETH,194044.862089322546480588,0.000000000000000000,194044.862089322546480588,194044.862089322546480588,0.000000000000000000,0.00000000,2,1,1,True,no
31156309,2026-08-08T14:46:52+00:00,0x9c4b7e21f6067de1d53d66c3a5de24402748c2cab1bc59dfeae54bca9ac7511f,ETH_TO_FIRE,60311.386774706277517064,60311.386774706277517064,0.000000000000000000,60311.386774706277517064,0.000000000000000000,0.00000000,2,1,1,True,no
31168437,2026-08-08T15:07:00+00:00,0x6cd4a025d45c88497e42d41e0d490365271f9ab24a76c0e575e48f4a41a1c3f2,FIRE_TO_ETH,10680.973314779276941649,0.000000000000000000,10680.973314779276941649,10680.973314779276941649,0.000000000000000000,0.00000000,1,1,1,True,no
31194451,2026-08-08T15:50:25+00:00,0x3f798de18d2f7d747cd966f326d491014e04ab6ad4412a02194bc5e3d7a0c291,ETH_TO_FIRE,7309.590430629454496591,7309.590430629454496591,0.000000000000000000,7309.590430629454496591,0.000000000000000000,0.00000000,1,1,1,True,no
31244044,2026-08-08T17:13:11+00:00,0xd40e5db9f0f86adcda237652dff24b29feec74e6a7ff067342c54e6cd5323925,FIRE_TO_ETH,2690.317209078314561829,0.000000000000000000,2690.317209078314561829,2690.317209078314561829,0.000000000000000000,0.00000000,1,1,1,True,no
31308819,2026-08-08T19:01:11+00:00,0x6aeb4628b53cadcc5e58ae67a03adab35bc984e1fbcb90f23dcd79ede4a8a606,ETH_TO_FIRE,83338.886992519979122020,83338.886992519979122020,0.000000000000000000,83338.886992519979122020,0.000000000000000000,0.00000000,2,1,1,True,no
31331161,2026-08-08T19:38:30+00:00,0xa9a4069d582260f10c0fcd45d42a21de1964479d9c8f44ec2c2f74ff177124c4,FIRE_TO_ETH,156521.217955665000000000,0.000000000000000000,156521.217955665000000000,156521.217955665000000000,0.000000000000000000,0.00000000,2,1,1,True,no
31338630,2026-08-08T19:50:58+00:00,0xccbf8c668fe7418205bfe325d73c7d791e9e8b0eb3b21f3956afb3bf3dfdb0fc,FIRE_TO_ETH,1150273.625077724374309816,0.000000000000000000,1150273.625077724374309816,1150273.625077724374309816,0.000000000000000000,0.00000000,2,1,1,True,no
31351608,2026-08-08T20:12:39+00:00,0x4ce372a394b2382683caaaf4b832e14a94c384e17d0b14594bba5cc1cff7a3b3,FIRE_TO_ETH,116129.228061218300000000,0.000000000000000000,116129.228061218300000000,116129.228061218300000000,0.000000000000000000,0.00000000,2,1,1,True,no
31389446,2026-08-08T21:15:43+00:00,0x92d27b082ad5a7b42219bdebaebcb7f10e87a9ee199744f80d75d48306739eca,ETH_TO_FIRE,158414.179980166476817177,158414.179980166476817177,0.000000000000000000,158414.179980166476817177,0.000000000000000000,0.00000000,2,1,1,True,no
31448422,2026-08-08T22:54:06+00:00,0xebd67f96fd83ab32206d5d28bd4aa6a544dec08737f4f46e142de6e910649c46,ETH_TO_FIRE,11337.754444213095638414,11337.754444213095638414,0.000000000000000000,11337.754444213095638414,0.000000000000000000,0.00000000,1,1,1,True,no
31497426,2026-08-09T00:15:56+00:00,0x107f6ea265188e0c21fdb0e5692f8b4adb4d764b2e0ec903388b0364071e26bc,FIRE_TO_ETH,12069.258422030800000000,0.000000000000000000,12069.258422030800000000,12069.258422030800000000,0.000000000000000000,0.00000000,1,1,1,True,no
31553992,2026-08-09T01:50:24+00:00,0xe625321ba511d5b418a0c1b0f34a2d1215dfb4b1303238f388a99727449539a0,FIRE_TO_ETH,6630.889309654200000000,0.000000000000000000,6630.889309654200000000,6630.889309654200000000,0.000000000000000000,0.00000000,1,1,1,True,no
