token,n_competing_pools,n_with_any_swap,n_with_known_infra_flow,n_with_router_like_flow_t5,min_fee,max_fee,fee_spread,lowest_fee_pool_success,lowest_fee_pool_volume_share,winner_fee,winner_fee_rank,winner_deployment_rank,winner_fee_minus_min_fee,n_distinct_senders,n_known_infra_senders,n_router_like_senders_t5,fire_cohort_pools
0x40858070814a57fdf33a613ae84fe0a8b4a874f7,10,3,1,3,790000,990000,200000,True,0.2,900000,4,2,110000,3,1,3,0
0x5f10a1c971b69e47e059e1dc91901b59b3fb49c3,9,7,6,7,800000,997804,197804,True,0.006756756756756757,900000,4,1,100000,19,3,17,0
0xbf72347bacefe747eaf48b8a66e38babad3020a0,16,11,6,11,100000,998000,898000,True,0.7177177177177178,100000,1,10,0,50,5,45,0
0xf4c450c1570c2dbda91de1ed2e39995a15028c97,7,4,3,4,350000,998000,648000,True,0.7777777777777778,350000,1,1,0,16,3,13,0
0x822cc93ffd030293e9842c30bbd678f530701867,13,9,8,9,100000,998066,898066,True,0.7198177676537585,100000,1,9,0,30,3,27,0
0x156e175dd063a8ce274c50654ef40e0032b3fbcf,13,7,6,7,400000,996140,596140,True,0.033816425120772944,900000,6,2,500000,17,3,17,0
0xeb30663bdff0622ef4e4e5cbb4e975f19f33f51d,5,3,2,3,800000,996859,196859,True,0.5,800000,1,4,0,2,1,2,0
0x558378e000d634a36593e338ebacdd6207640efe,10,4,3,4,500000,999610,499610,False,0.0,950000,7,1,450000,3,1,3,0
0x7dc013eb55e436f30d7ed1afe4e36d6e45e3c3f7,10,2,1,2,800000,995818,195818,True,0.6,800000,1,7,0,2,1,2,0
0xddf2266b79abf0b48898959b0ed6e6adf512be74,7,5,4,5,880000,999157,119157,True,0.3333333333333333,880000,1,5,0,4,2,4,0
0x8005d266423c7ea827372c9c864491e5786600ea,14,7,7,7,400000,996649,596649,True,0.0380952380952381,900000,5,2,500000,13,3,12,0
0xf9b46d3d1b22199d4d1025a9cedb540a33f1a2d5,13,5,4,5,500000,998786,498786,False,0.0,900000,4,2,400000,14,4,13,0
0x01637b14b7378b99de75a64d50656d98488d9a4d,22,10,6,10,100000,999999,899999,True,0.966804979253112,100000,1,1,0,97,6,74,0
0x84ad72f6fd6bccab5b5aa4f3c9ab86863bd2bcda,11,10,9,10,320000,990001,670001,True,0.4647887323943662,320000,1,5,0,19,4,18,0
0x6e47d95928cb39b5e51be425aab2a5190418e943,24,10,7,10,100000,998000,898000,True,0.9169960474308301,100000,1,2,0,55,4,38,0
0x91b853180e9ffa6976a2d50d181a7c3d5c8979aa,5,1,0,1,800000,990102,190102,True,1.0,800000,1,1,0,1,0,1,0
0x9538676ef48f2da173c20b9259bdc86695fd5eb3,11,4,2,4,600000,990002,390002,True,0.09090909090909091,845670,3,5,245670,5,2,5,0
0xf2915d1e3c1b0c769d0c756ec43f1c1f6c99cd03,17,7,4,7,360000,999000,639000,True,0.11538461538461539,800000,3,9,440000,12,3,12,0
0xd51c58f132fbf4879bbe1e7f3019e2ddcb595af2,3,0,0,0,870000,990101,120101,False,,,,,,0,0,0,0
0xce474ef13beb5dcb478a916eb284a0d5cf36cf79,2,1,0,1,920000,990102,70102,False,0.0,990102,2,1,70102,2,0,1,0
0x79fe86b963255ce884bdcac6388c50a599ba277f,28,17,10,17,300000,999780,699780,True,0.44776119402985076,300000,1,23,0,32,4,31,0
0x31be8f7485e36928c9de86566c62da82d4b6bf81,11,6,6,6,100000,998000,898000,True,0.8078740157480315,100000,1,4,0,27,5,24,1
0x1dae71a215ee5c696cb644f030597ae4f32831c0,15,10,7,10,250000,990005,740005,True,0.25153374233128833,300000,3,6,50000,30,4,28,0
0x64abfc878dc340bbf33bae4aaf39ed33fb1828c0,6,3,2,3,200000,920000,720000,True,0.20689655172413793,850000,4,2,650000,13,1,13,0
0xcf8b02128d2803b3df114e277094cc1096294b5c,9,2,2,2,500000,999780,499780,True,0.75,500000,1,4,0,4,2,4,0
0x4bb7a55d4f172e81614445b7eb6c27376bcad7ad,2,0,0,0,920000,990003,70003,False,,,,,,0,0,0,0
0x274c69125bc03784f61378dce7fb6c6d87331389,15,12,9,12,120000,991200,871200,True,0.09971509971509972,150000,3,12,30000,29,3,26,0
0xfeb411a5dd370c64092513bfb12c0b5501603e5a,1,0,0,0,990003,990003,0,False,,,,,,0,0,0,0
0x493398f141781670506ba543f3c7db9755a67afc,10,5,3,5,100000,998000,898000,True,0.9155844155844156,100000,1,5,0,22,4,21,0
0x8f3eb99ffb09b3e65eaf883be0a5b401cd220e13,1,0,0,0,999999,999999,0,False,,,,,,0,0,0,0
0x5d2d82f09ea775434733662232c69417e08ac1d2,1,0,0,0,920000,920000,0,False,,,,,,0,0,0,0
0x45f24480338100c4803ca456e3a9984a7b97f71a,4,1,1,1,870000,990001,120001,True,1.0,870000,1,4,0,1,1,1,0
0x1ff7831c17a7633480e2f846f51992aafa93bb7c,5,0,0,0,850000,990001,140001,False,,,,,,0,0,0,0
0x0126b87569ec3918e0cfe008554a5e07d5a1751d,1,0,0,0,990001,990001,0,False,,,,,,0,0,0,0
0x37d37e46a4fa0fef385d56ee235e7c4bc134ddf6,2,0,0,0,896540,920000,23460,False,,,,,,0,0,0,0
0x0cab8e661c4b36570697f0cf64ff652bbf0ce6ba,1,0,0,0,876540,876540,0,False,,,,,,0,0,0,0
0x81b9287acdd6b89759b7c87103753568fe936808,2,0,0,0,876000,920000,44000,False,,,,,,0,0,0,0
0xdae109b18129751a4283e5a72e183abfc728c024,5,3,3,3,350000,920000,570000,True,0.3783783783783784,350000,1,3,0,8,2,7,0
0xfc5abd01e4def799549eee154449ff6a7ae0cac7,8,2,0,2,700000,999881,299881,True,0.5,876540,3,2,176540,2,0,2,0
0xec7ed68fe2e6d340d35dac971f36b70db45f7dca,2,0,0,0,876540,920000,43460,False,,,,,,0,0,0,0
0x89084e93de71a9817bc2d28a5a5922bb199ad793,2,0,0,0,870000,920000,50000,False,,,,,,0,0,0,0
0x1864185ae83c6ab7aae30eb5272acb6a2cb47fb8,2,0,0,0,876540,920000,43460,False,,,,,,0,0,0,0
0x6198a58226c40afebfbea55b885198bd7aae4e5c,5,1,0,0,850000,999999,149999,False,,,,,,1,0,0,0
0x35fbeaac8e639db1cc606c164f3a8f6af25102f6,3,1,1,1,990001,999999,9998,True,1.0,990001,1,3,0,1,1,1,0
0x42e2937ad5758b3a73a1a3e1628f59d8ffc79ebc,12,7,4,7,850000,990001,140001,True,0.03225806451612903,870000,2,3,20000,11,5,11,0
0x68defcef7dcdbf5f89f3722c539b168d03a0105c,1,0,0,0,920000,920000,0,False,,,,,,0,0,0,0
0x473c2d32e28c66d7ef55a9c9f392325007366ddf,28,16,7,16,108880,998000,889120,True,0.425531914893617,108880,1,10,0,26,4,22,0
0x81bd17361c8c0d2fc01698807d63c740561df827,6,0,0,0,870000,998000,128000,False,,,,,,0,0,0,0
0x4aaca49ef3311ed1172682d2614de5790d03bd14,2,0,0,0,876540,920000,43460,False,,,,,,0,0,0,0
0xe1a068d1288cbc9feb80c2d44194428d3a3fa24b,1,0,0,0,876540,876540,0,False,,,,,,0,0,0,0
0xeafa804083a4886a9460b5b19557334a652beba8,17,11,7,11,100000,998000,898000,True,0.5284280936454849,100000,1,7,0,34,5,31,0
0x84f210f9fa42613e5f5bc89ee4978afbd1e90f11,12,6,6,6,330000,970790,640790,True,0.6875,330000,1,3,0,9,4,9,0
0xebd3e69bc51e7878afdd1da4747f1f7642728b69,2,0,0,0,876540,880000,3460,False,,,,,,0,0,0,0
0xf132bd1d1770d42cf4ec8659b9077d0d1c197cc1,7,4,3,4,100000,998000,898000,False,0.0,880000,4,1,780000,16,5,16,0
0xea886049f8f5414e8984209afc1bac082a1e3c83,1,0,0,0,876540,876540,0,False,,,,,,0,0,0,0
0xad0e9c9a78577c4bdb09d51f8401192d8e109393,2,0,0,0,870000,920000,50000,False,,,,,,0,0,0,0
0x48e8e9a17275b9cb72240170a950108bf893651c,2,0,0,0,880000,920000,40000,False,,,,,,0,0,0,0
0x7849fd51afc560614b126a38f271cba97c2e1e1b,1,0,0,0,880000,880000,0,False,,,,,,0,0,0,0
0x757f1f0c58ef4a7e4b019e5779b2c26750e9ffcb,3,1,0,1,876540,920000,43460,True,1.0,876540,1,2,0,1,0,1,0
0xedca60c38b1081416936d2d57861fb1d642b37e6,2,0,0,0,880000,893690,13690,False,,,,,,0,0,0,0
0x2b2963ed82d0fe8473edc2f891bee0ac0a83fbbb,6,1,0,1,350000,990001,640001,False,0.0,893690,4,3,543690,2,0,2,0
0x18dbac2d4f01dc96dc1269767d82722a305e8f73,5,1,0,1,870000,990001,120001,False,0.0,876540,2,2,6540,1,0,1,0
0x1ed67b120c3761e89bd5a4ede7f0c27a93538d5d,2,1,0,1,883690,900000,16310,False,0.0,900000,2,1,16310,1,0,1,0
0xce6520e5df90f584cef0d255ec45b881ba765e47,10,5,1,5,870000,998834,128834,False,0.0,870640,3,8,640,4,1,4,1
0xe20839371d6d7dc577b6826a8b08a9b83669a6b2,1,0,0,0,876540,876540,0,False,,,,,,0,0,0,0
0x62cd5a41dfda1df6f7460716113d08351d2f9d1b,3,0,0,0,876540,990001,113461,False,,,,,,0,0,0,0
0xf08a4da92a4302f9bbcab7b78b2a4a70a8acdeab,6,5,2,5,100000,990001,890001,True,0.6129032258064516,100000,1,6,0,11,2,10,0
0xc5ac3b7664ba1ac915145cc58f50b89ec3a2970d,13,12,12,12,180000,990002,810002,True,0.29473684210526313,490000,3,6,310000,31,5,30,0
0x0b5cf460e8302c179afb19817e99698ba159f164,2,0,0,0,883690,920000,36310,False,,,,,,0,0,0,0
0xd2becfc59726464ff788eeb952a1659149d700b0,2,0,0,0,870000,883690,13690,False,,,,,,0,0,0,0
0x152d0d852034159c691db960f2f22ce2129747ec,2,0,0,0,870000,883690,13690,False,,,,,,0,0,0,0
0x7087a313e933eaa8e26e9b12f99ac6c5de5dbbcd,8,5,4,5,320000,980220,660220,True,0.08968177434908389,350000,3,1,30000,74,5,68,0
0xa8a2bcd2ccb35d70e1a2f24ac3908db84c2b0f50,3,0,0,0,870000,920000,50000,False,,,,,,0,0,0,0
0x74dfaef05d03b5c6daf186e89de52a32d84a0221,2,1,0,1,883690,900000,16310,False,0.0,900000,2,1,16310,1,0,1,0
0xc503ae044c45a618176e367d198d100d2e75b819,3,0,0,0,870000,920000,50000,False,,,,,,0,0,0,0
0x47162135cc8fb253f939bd70e3d2b83075eaeba3,3,3,3,3,500000,920000,420000,True,0.05555555555555555,883690,2,1,383690,9,3,9,2
0xc346936a976ac351054a6b7bac99efbf8f817f0e,2,0,0,0,883690,900000,16310,False,,,,,,0,0,0,0
0x0bc96b90bd9124d6a68e0e3cf09b3ce43baff83c,2,0,0,0,870000,883690,13690,False,,,,,,0,0,0,0
0x14418ca6b695d6b54d7e6accd8ad7c2bfa624e3f,2,0,0,0,883690,900000,16310,False,,,,,,0,0,0,0
0xfda8e07cd682ee62a90fc9356e0f79fe30792842,3,0,0,0,870000,920000,50000,False,,,,,,0,0,0,0
0xa153ad2c19574fd89d2aac34f9d87687000abba3,2,0,0,0,883690,920000,36310,False,,,,,,0,0,0,0
0x044931c2b6dd9938ad482d7e8a89a8f61b9ce524,6,3,1,3,330000,990001,660001,True,0.6,330000,1,6,0,6,1,6,0
0xd4d566b592b6f805a1a0ff702a55552661eb0aec,5,3,0,3,150000,990001,840001,True,0.625,150000,1,4,0,3,0,3,0
0x70913a930bdbd4feb133b901cfa6f89b13666b07,2,1,1,1,870000,883690,13690,True,1.0,870000,1,1,0,1,1,1,0
0x822611abc5c9d2c24e562a3aacc872e590453bc5,1,0,0,0,870000,870000,0,False,,,,,,0,0,0,0
0x1f8574f3e7dd6fab386b20693e28f38413e18c76,2,1,0,1,870000,883690,13690,False,0.0,883690,2,2,13690,1,0,1,0
0xaca296ec79b5c66f6f3109496cc7f6610556af66,1,0,0,0,870000,870000,0,False,,,,,,0,0,0,0
0x67b8a2c1836ccf4e785f6c924a80dedde7d84314,5,0,0,0,870000,990002,120002,False,,,,,,0,0,0,0
0x3133f0e8a3cf06974055c872a8911d5e537cee7d,11,6,5,6,800000,999980,199980,False,0.0,883690,3,2,83690,5,1,5,0
0x9254cca43bc5b23f2f7df04bf44a002b6b575767,2,0,0,0,870000,920000,50000,False,,,,,,0,0,0,0
0x316fb7a2a0729698d61956015705ddafbcfa0a81,20,14,12,14,480000,999900,519900,True,0.15714285714285714,920000,10,1,440000,24,4,24,0
0x4904774e0858a84db8dc2d48186dd98b0564798a,3,1,0,1,883690,990001,106311,False,0.0,990001,3,1,106311,1,0,1,0
0xc50d8ded152449391034644699ecaaa1a9142d52,1,1,0,1,890000,890000,0,True,1.0,890000,1,1,0,1,0,1,0
0x8d67522dad0d3ff260fa31e674540a596acee376,1,0,0,0,100000,100000,0,False,,,,,,0,0,0,0
0xd7d5b0f673862406c7c697e30697a2d3b8eca5aa,2,1,0,1,870000,886540,16540,True,1.0,870000,1,1,0,1,0,1,0
0x1fcbc77a759e502e36836b7787c9a8b4f5da666c,6,6,6,6,450000,990011,540011,True,0.04504504504504504,500000,2,2,50000,19,4,16,0
0xac327bb31113fcf7ed6010bec50c4eca128bcdd0,4,0,0,0,870000,990001,120001,False,,,,,,0,0,0,0
0xacca30f5ecaa9f8a56ed0bf1dc856a2988f30b07,2,0,0,0,883330,990011,106681,False,,,,,,0,0,0,0
0x643a07110335c39ac6b847c875bd6ecf79778b07,1,0,0,0,870000,870000,0,False,,,,,,0,0,0,0
0xecb9d64775915d16c264dad125c55f422a1aeb07,2,0,0,0,870000,886540,16540,False,,,,,,0,0,0,0
0x14222979ff1c611ef63e6ff2193bcf948224c1db,1,0,0,0,870000,870000,0,False,,,,,,0,0,0,0
0xe891ec603a91076abdb2f3be8df8aa0605d4417a,15,5,0,5,140000,992000,852000,True,0.7297297297297297,140000,1,8,0,4,0,4,1
0x7541872e32bb529d7ff11d6c59832269ce33a6ff,22,14,6,14,150000,995000,845000,True,0.0392156862745098,250000,2,18,100000,29,5,26,0
0x43c755eca103dd07e7de074d824f73b561d89b03,2,0,0,0,870000,873690,3690,False,,,,,,0,0,0,0
0xa6386dfa901d9a5a08f1bed4476ec9863f2e1a7f,23,18,15,18,350000,970020,620020,True,0.005494505494505495,500000,6,2,150000,38,5,33,6
0x698400238c6a1448d050cdebd4a830a8772d1f89,5,3,2,3,350000,990001,640001,True,0.9016393442622951,350000,1,3,0,12,3,11,0
0x69b4961ccb0cd1f62d6c4b68204c563a16097fcd,1,0,0,0,999993,999993,0,False,,,,,,0,0,0,0
0x719e412a6c7ee34b2bb5e7f274cbc9ce418c85b7,6,4,0,4,850000,999993,149993,True,0.07142857142857142,886540,3,2,36540,4,0,3,0
0x69725d5f3c4cefe1e02f14b8007ded358dc764cc,6,2,1,2,660600,990001,329401,False,0.0,850000,3,4,189400,3,2,3,1
0x324ed0f9f83dd4b774dc98ac9bf67d9fc000059e,5,0,0,0,870000,999900,129900,False,,,,,,0,0,0,0
0x659d333e7afca625518ce81b471f6bb1667e7ba3,11,7,6,7,350000,990002,640002,False,0.0,500000,3,7,150000,8,3,8,2
0x777f4248dfd889ef018a220214af3bf61010d00b,1,0,0,0,880800,880800,0,False,,,,,,0,0,0,0
0x06426d19c1849ad5969dad205925b06f469a6449,5,0,0,0,850000,990002,140002,False,,,,,,0,0,0,1
0x2319eed5ab02226fe691391101996a65f97c1d41,4,0,0,0,850000,999993,149993,False,,,,,,0,0,0,0
0xb6f15563a0df68ca81abdcfbb177fb7240a3cccc,11,10,5,10,100000,971100,871100,True,0.19310344827586207,550000,4,2,450000,33,3,32,2
0x3f0de0a5e9c19239e7c4b2d212183db642ac2760,3,0,0,0,870000,920000,50000,False,,,,,,0,0,0,0
0x07ed3d777ec886127b319d688f3f85c93aa554c4,4,1,0,1,870000,990001,120001,False,0.0,886540,2,3,16540,2,0,2,0
0x45ddd543140d255c52091fe68ec4d7869833bf9e,4,0,0,0,800000,920000,120000,False,,,,,,0,0,0,0
0x2f4f6f47a6ea85661347509f7ab1d1db61fc1452,8,7,7,7,330000,999000,669000,True,0.22695035460992907,900900,6,2,570900,14,3,14,6
0x074e51e842d76ccba7872b8b58613ae450a24663,11,8,8,8,490000,999999,509999,True,0.029411764705882353,850000,8,2,360000,14,3,13,7
0xcd1c13fba1c44c9e3044bcc1c52f5aa748166b07,2,1,0,1,870000,886540,16540,True,1.0,870000,1,1,0,1,0,1,0
0x8cd58a532c7ce345367f2f9ac14dd53d686ad695,7,7,3,7,100000,920000,820000,True,0.6541353383458647,100000,1,7,0,15,3,15,0
0x09319c5891fc3eb218f367d909363fb5562e28b1,14,7,3,6,200000,998112,798112,False,0.0,330000,2,7,130000,21,3,19,0
0x4e64a2f2f981b46eb99be9c1b5d4a39a324abc98,1,0,0,0,100000,100000,0,False,,,,,,0,0,0,0
0xa3fdcadd1a10ef1a1731e08b87493420d7a61007,32,20,16,20,100000,999000,899000,True,0.4252252252252252,100000,1,4,0,50,5,45,5
0x804e70b50c228b3c8e7b8af2c7f108d7c97d65d7,3,0,0,0,870000,920000,50000,False,,,,,,0,0,0,0
0xc0432405773b7eb7faee1a83d46be28b7929bba3,2,1,0,1,886540,920000,33460,False,0.0,920000,2,2,33460,1,0,1,0
0xfe7e19cbce2f896c6c528bc355baf5a768291e18,20,10,6,10,100000,999134,899134,False,0.0,200000,2,7,100000,38,5,37,2
0x28bb8e3e0923db4bdac29de8b019f7455e109cc2,2,1,0,1,843690,886540,42850,False,0.0,886540,2,1,42850,1,0,1,0
0x4a5b3ade2a0aac212707d97eff315c307ca7833d,9,7,3,7,500000,989998,489998,True,0.5555555555555556,500000,1,5,0,3,1,3,0
0x6752d759b0b635a9ed1d3c7ff46d2ff882aabcdb,3,0,0,0,800000,890000,90000,False,,,,,,0,0,0,0
0x43e7cb9984ad95aa808ac21998cc8d5f909e47af,11,9,9,9,100000,990001,890001,True,0.14217252396166133,150000,2,8,50000,50,5,43,3
0x0adbe911880cad4cdeb7d1f9e8beb5de0ecb6c8f,4,0,0,0,870000,999993,129993,False,,,,,,0,0,0,0
0xc386715dccc61d4afea463c4831caaf9b84989d6,3,1,1,1,870000,999993,129993,True,1.0,870000,1,1,0,4,1,4,1
0x421a006242b1c053cd2504e4b7e36ef9e4d92495,1,0,0,0,886540,886540,0,False,,,,,,0,0,0,0
0xa647dfc0158c5949d49dafe636640b7183e9bba3,6,0,0,0,800000,990001,190001,False,,,,,,0,0,0,2
0x6992e186bcf85a9c3e8f3609378b5fd89cf116d2,3,1,1,1,875300,990001,114701,False,0.0,920000,2,1,44700,2,1,2,2
0x1b27ff6e68a2fd6490543b17c996c109e64eb432,14,8,7,8,450500,999899,549399,True,0.03076923076923077,900000,8,1,449500,17,3,17,3
0x5d86691d883f8962d38fd62136fb761ad3a629ea,5,1,1,1,150000,999992,849992,False,0.0,999992,5,2,849992,1,1,1,0
0x6951cea334625ea333fd2418d4a9a68703edc661,1,0,0,0,886540,886540,0,False,,,,,,0,0,0,0
0x479cc4f626fb4ff3740f8c1cae981fe46a0d3614,2,0,0,0,870000,886540,16540,False,,,,,,0,0,0,0
0x795e727a5fae42b3dd49c9e90492521c1eec19cc,11,7,5,7,499000,990001,491001,True,0.2875,660000,4,4,161000,10,3,10,3
0xbad5cf4dda8dc4b9013e23456c836f0e64a09840,10,9,5,9,100000,986540,886540,True,0.3090909090909091,896540,7,1,796540,23,3,19,0
0x3e0fb9ef5b4660381c11c1339385ae957906bb07,1,1,1,1,870000,870000,0,True,1.0,870000,1,1,0,1,1,1,0
0x7faaf01159bf08c4599b85396f8529e36fbd8888,4,0,0,0,390000,929990,539990,False,,,,,,0,0,0,0
0x37383c2011112730b86f54c32b020e41aaf68f6b,5,1,0,1,843690,990010,146320,True,1.0,843690,1,2,0,2,0,2,0
0x6f9d37d63b3d4cd1b11fcff160de8c55e622a0c3,6,1,0,1,843690,919400,75710,True,1.0,843690,1,2,0,1,0,1,0
0x4bfac5d21aeb8dec52cd023ea10058ff7996dc77,8,1,1,1,250000,989998,739998,True,1.0,250000,1,6,0,4,1,4,0
0x34aebe67b24742b2f63ccb8175f7b275bb48574d,2,0,0,0,870000,989998,119998,False,,,,,,0,0,0,0
0xfa9cee6881e6be5f3bd9a3520fa3bb5fe49d763d,6,0,0,0,840000,999436,159436,False,,,,,,0,0,0,0
0xdfdffcbee38ab535e8a236704071b9c05fe8475e,2,0,0,0,843690,870000,26310,False,,,,,,0,0,0,0
0x31fe4a622f0860f67c3ef74d20cb306f0e9c612c,4,0,0,0,845670,920000,74330,False,,,,,,0,0,0,0
0x3f4528bc418ea3fdfda6b98a2fb910ef3faf616d,1,0,0,0,845670,845670,0,False,,,,,,0,0,0,0
0x2e4edca1702b44c9e8f60377218228e6bf8f3c56,5,1,0,1,660000,920000,260000,False,0.0,919110,4,2,259110,1,0,1,0
0xfedca548a4c57689ba2783f4c279726403406c70,4,0,0,0,845670,999780,154110,False,,,,,,0,0,0,0
0x14b039597b03eeccbbedccc22367c91329b2222b,1,1,1,1,887000,887000,0,True,1.0,887000,1,1,0,1,1,1,0
0x9c58f3816223ff09e2d130062b0d0b7dd331183d,2,0,0,0,845670,870000,24330,False,,,,,,0,0,0,0
0xe42564cc3845b039ad0c9640c08fc62af78fb015,5,0,0,0,845670,999780,154110,False,,,,,,0,0,0,0
0xfdd8724ac396b5d81ad60bf85b52de570ba8bff5,2,0,0,0,845670,870000,24330,False,,,,,,0,0,0,0
0x97c184c83c331ad81e8797a084ca355270a60187,4,0,0,0,845670,999780,154110,False,,,,,,0,0,0,0
0x4a6fd736cde098d2ed412fa456f5514392b6bbbb,6,0,0,0,845670,999780,154110,False,,,,,,0,0,0,0
0xff455f9728c9e00ecb8a40b62198ba47be3969cf,1,0,0,0,100000,100000,0,False,,,,,,0,0,0,0
0xa08c0c768661c66d282e149ce0f77f4f5bcf119a,7,4,2,3,845670,999780,154110,False,0.0,870000,3,4,24330,4,1,3,0
0x43b199526d97e23cfd2f22a316d564a78db29ba9,3,1,0,1,870000,999780,129780,True,1.0,870000,1,1,0,3,0,3,0
0x8ef14dea110003b03a680eca78b399c601b28c7b,1,0,0,0,900001,900001,0,False,,,,,,0,0,0,0
0x096d3b22902f08cd8a8bcdbe0d4e96fd7cfbda2f,1,0,0,0,999780,999780,0,False,,,,,,0,0,0,0
0x8bada99332848483995ef9c61f4bffced1bafeed,6,5,4,5,660600,999911,339311,True,0.23404255319148937,845670,2,4,185070,8,3,8,0
0xf0dff5032c23f8bf6eecc97e1862d3cb09432192,8,5,4,5,500000,999781,499781,True,0.11764705882352941,845670,3,3,345670,6,2,5,0
0xe7860e3ce0386e8277b3eaee73b8e4ce4eeb239b,1,0,0,0,100000,100000,0,False,,,,,,0,0,0,0
0xec1657cc4e03851cde09b24bf3006bbc06271673,5,0,0,0,845670,999781,154111,False,,,,,,0,0,0,0
0xd42842d0f0025af5a93e16ee558c74533d5bc890,5,0,0,0,845670,999781,154111,False,,,,,,0,0,0,0
0x9e00366e55e10e71e4576abafefe3c847cfb6754,7,5,1,5,700000,999781,299781,True,0.18181818181818182,800000,2,5,100000,7,1,7,0
0x026dbbee3559a80f957ef7773e962f1e8b9882ab,5,1,0,1,845670,999781,154111,True,1.0,845670,1,3,0,1,0,1,0
0x0b6fb06b754d07dfd6dbbf495841a86b08f0b59d,6,1,0,1,805100,999781,194681,True,1.0,805100,1,6,0,1,0,1,0
0x89da8188977e10b65818bf3bc04e0b830e697ba3,4,0,0,0,845670,990001,144331,False,,,,,,0,0,0,0
0x18f5739841bb6fd5451a68b93851bc8a1c8e0ba3,2,0,0,0,870000,890000,20000,False,,,,,,0,0,0,0
0x2d93b92681b7f6f40f149d5f78276fb18554074a,6,1,1,1,845670,999781,154111,False,0.0,870000,2,1,24330,1,1,1,0
0x7453223543bbcb27cc024ad4728068a7ce7852f7,13,10,10,10,100000,999781,899781,True,0.18208092485549132,250000,2,9,150000,36,6,33,0
0x2a3794f2de88bd77397adf2bd9479eba937418af,5,0,0,0,845670,999781,154111,False,,,,,,0,0,0,0
0x675a424d3f3780d08f229b1be64bdcb972e0074a,2,2,0,2,845670,890000,44330,True,0.5,890000,2,1,44330,2,0,2,0
0x1f69659debca132c39e15c2b1198cccc9f49099c,1,0,0,0,890000,890000,0,False,,,,,,0,0,0,0
0x44573e36521f37c31a6ee51559c467e045221b07,5,1,0,1,845670,999781,154111,False,0.0,890000,3,5,44330,1,0,1,0
0x2589108e483ec392052a157e62c8b2d3a8e065d5,3,0,0,0,870000,999781,129781,False,,,,,,0,0,0,0
0x719b20be0059d6d72ac6c44b65c76c1ead0bf199,12,7,7,7,500000,999810,499810,True,0.8698630136986302,500000,1,4,0,16,3,15,4
0xc5cd4e3407ceefd481005ee8f410823d948a8e8b,3,3,2,3,500000,900000,400000,True,0.45454545454545453,500000,1,3,0,6,1,6,0
0xe52e5fcbe89688d9e21f6b9b8a85348a3d3a4b0f,3,0,0,0,845670,890000,44330,False,,,,,,0,0,0,0
0xfbfa11594ac16e046a925d46db73a915a92e5fa8,2,1,0,1,845670,890000,44330,False,0.0,890000,2,1,44330,1,0,1,0
0xe2189227da24ab939ad7c22badc42e2af9308bcc,6,4,4,4,850000,990001,140001,True,0.4107142857142857,850000,1,4,0,13,3,13,5
0x26f26c6db29029cb5c09a0e5ea6c3c4b5646d2e3,5,5,2,5,320000,950000,630000,True,0.125,890000,4,1,570000,5,2,4,0
0x38bea5c0f7e4ac83280a602801ce17044d717777,2,0,0,0,845670,890000,44330,False,,,,,,0,0,0,0
0xde872bfd7a80f72d33b6cad0b6b87a4c0eddbb07,3,2,0,2,845670,890000,44330,True,0.5,845670,1,2,0,2,0,2,0
0xf0568863195770965a6d8abb0aa87f4314b80320,26,11,10,11,100000,999999,899999,True,0.5771812080536913,100000,1,7,0,47,6,45,8
0xc9f1c9839b43921aede46607b8685c07351b152c,1,0,0,0,870000,870000,0,False,,,,,,0,0,0,0
0x2fa7d58c1a5af6bf285c130b46a853bee6be33f3,15,12,7,12,100000,990001,890001,True,0.5426356589147286,100000,1,7,0,31,3,26,0
0x36e57597bd62d9bd7b0b61339fe71ec124438bcb,5,0,0,0,500000,999780,499780,False,,,,,,0,0,0,0
0x2b370621e7b00c68cf0e0417adeeaa1fc7287ba3,7,4,4,4,350000,990002,640002,True,0.07407407407407407,420000,3,4,70000,8,3,8,2
0xec528d4ce0b6814645657d2df7dcf4efe528b51d,2,1,1,1,860050,890000,29950,False,0.0,890000,2,1,29950,2,1,2,0
0x3eca429594d1da499d3a03e38aba2b6be48f0989,2,0,0,0,870000,890000,20000,False,,,,,,0,0,0,0
0x1d37035524ef4d56f2c1c67a0fa49c1c6c4045b9,2,1,1,1,860050,890000,29950,False,0.0,890000,2,1,29950,2,1,2,0
0x2953cb829560ef7d986d62b6265c42d02d011dc7,10,7,4,7,300000,999780,699780,True,0.10416666666666667,999780,10,3,699780,7,2,7,2
0x9c4cf0b172c56680c6851084a671b3e7332cdb61,2,0,0,0,870000,999780,129780,False,,,,,,0,0,0,0
0xcfb060e2f6a52516fb62f7122965e22229489eed,1,0,0,0,890000,890000,0,False,,,,,,0,0,0,0
0x837cf2c9ddd9bee8c39cb5e002de9833662dba59,3,0,0,0,870000,999780,129780,False,,,,,,0,0,0,0
0x9a763df05b6decb16f7aaa3d565d8f376254d69e,10,9,6,9,100000,990001,890001,True,0.484375,100000,1,10,0,24,4,21,1
0xa282ae4a5980dd102c39895462399155268be7df,1,0,0,0,890000,890000,0,False,,,,,,0,0,0,0
0x0de218539d5cda5ec320676b664ce589ef241021,3,0,0,0,870000,990001,120001,False,,,,,,0,0,0,0
0x7ff8d6ee42626182a9769fc4cc085006442b1093,1,0,0,0,890000,890000,0,False,,,,,,0,0,0,0
0xea275a26f2169121a3c75a65f52320b7c0b38197,1,0,0,0,890000,890000,0,False,,,,,,0,0,0,0
0x204439f99c994d74452c1c9154c05ef753f12ae4,2,0,0,0,870000,890000,20000,False,,,,,,0,0,0,0
0xa5b3c0b62c2bec72b7089145d2355c5df6da7777,2,1,0,1,843690,890000,46310,False,0.0,890000,2,1,46310,2,0,2,0
0xd7240df2c5c60fa62277328f44b00125f485da02,12,9,1,9,250000,990002,740002,False,0.0,660000,5,10,410000,8,1,7,0
0x139c6bf37de019716d388997895990a7c232c70f,2,0,0,0,843690,870000,26310,False,,,,,,0,0,0,0
0xe88af4f3dab9668922c3e5b8ee57ba5257e99e0f,30,26,20,26,500000,999001,499001,True,0.109375,750000,10,3,250000,16,4,16,0
0xc498dd0c2fa3f179de944fc6a8413d3432c914c9,2,0,0,0,870000,890000,20000,False,,,,,,0,0,0,0
0xbba7dde5d502d482f5d4b443b347d9c114d84571,1,0,0,0,870000,870000,0,False,,,,,,0,0,0,0
0xf6936a85fa17fb4d3cd521dc47aae2f268b68d1e,3,0,0,0,870000,999780,129780,False,,,,,,0,0,0,0
0x8fd3ba5d638107fd4f0ce59ef036a158569dd474,11,5,3,5,199900,999780,799880,True,0.2875,200000,2,8,100,9,2,9,0
0xf1cf81264103ee83b31cdf2d352f2f1bdcd05952,6,2,2,2,850000,999780,149780,False,0.0,890000,4,1,40000,2,1,2,0
0x113cfce15eb91465dde44e7805af1f9c93941487,4,1,1,1,870000,990000,120000,True,1.0,870000,1,3,0,1,1,1,0
0x9c1ddfa20aba4d4bf59e454596efdde629d77777,1,0,0,0,999780,999780,0,False,,,,,,0,0,0,0
0x1f2e3dd9b224505d4e65485100a27c8c08238b07,2,0,0,0,870000,999780,129780,False,,,,,,0,0,0,0
0x21c7aef5d94dbdb129b8c25de1b208c7191420ef,1,0,0,0,999780,999780,0,False,,,,,,0,0,0,0
0x7168563b0e70124f0c7c0cf2f13a8d1861baf4a5,35,27,27,27,100000,990000,890000,True,0.04671115347950429,440000,5,7,340000,47,6,45,8
0x2711aa54ab08f448826a0d93ed4c043189827777,2,2,1,2,100000,811000,711000,True,0.5,100000,1,1,0,8,2,7,0
0xa599191cb70e6129b9e6a12e2eeac4b845f125fb,1,0,0,0,999780,999780,0,False,,,,,,0,0,0,0
0x03f35144a06fbd1c3bd25f9cce7cea4a46dbcf53,5,0,0,0,870000,999999,129999,False,,,,,,0,0,0,0
0x41af7e794dee45eefab49b6c387eac9368d69c4d,12,10,8,10,100000,980120,880120,True,0.024096385542168676,800000,6,3,700000,14,3,14,4
0xdc5c7b878d7c35beebaab44eb766fa5c91b690be,8,5,5,5,200000,990001,790001,True,0.65,200000,1,4,0,5,2,5,0
0xfd019f313df1bdc90943165fded044d678e6ee57,5,0,0,0,850000,999881,149881,False,,,,,,0,0,0,1
0xc1dc86222229e2465366bf5dcbb5fa04f634b915,5,0,0,0,850000,999881,149881,False,,,,,,0,0,0,0
0xaa4b6a79df257e50e0079cd812a92262ee3951b0,22,14,14,14,100000,998000,898000,True,0.11764705882352941,290000,2,1,190000,30,4,27,3
0xfb20d9b10c9515cae5573f4e431011e8faec41f9,1,0,0,0,890000,890000,0,False,,,,,,0,0,0,0
0xad9cbffbe2801856f21d68efbb4cbf8d16870ddc,3,1,0,1,890000,999881,109881,True,1.0,890000,1,1,0,1,0,1,0
0xa8afd29a87bc2dc473df098bd9f2e34a7145dfe5,6,5,3,5,700000,980000,280000,True,0.34210526315789475,700000,1,4,0,9,2,8,4
0xad1c032e6d412e91cd316df72200d481271580f1,2,1,0,1,890000,890090,90,True,1.0,890000,1,1,0,1,0,1,0
0xf298fe6d1be3c802909a72fdf660c76b405eaced,2,2,0,2,890000,890090,90,True,0.5,890000,1,1,0,2,0,2,0
0xfe55d8d5b674e2f384355c5ee6651a36ee7550c9,1,0,0,0,870000,870000,0,False,,,,,,0,0,0,0
0x8c3cc047c14355affb399af752691066979f6e92,2,0,0,0,870000,999881,129881,False,,,,,,0,0,0,0
0xa184d8dbaf6f16d37d749436940053fe7e1c04fb,2,0,0,0,880000,900000,20000,False,,,,,,0,0,0,0
0xdee38ca503c521c708d5ff2da5ded9f9194815a6,2,0,0,0,870000,999881,129881,False,,,,,,0,0,0,0
0x090c9502855ca460eb1b1ab125b09b074fa36036,3,1,0,1,870000,893210,23210,False,0.0,890000,2,3,20000,1,0,1,0
0x6f57ade9da0131811d2bf283f8412f119e895a7c,2,0,0,0,870000,890000,20000,False,,,,,,0,0,0,0
0xa910e213733968f645e532e1fee437651db3f043,5,4,4,4,100000,999881,899881,True,0.9061224489795918,100000,1,3,0,11,3,11,1
0xdb18d3670c06198b1869f25e3df777af82c80d8e,6,3,3,3,300000,990002,690002,True,0.7,300000,1,3,0,7,2,7,3
0xfa2d2b87cf01f3a43536eca80cc79178ba791f57,6,5,4,5,850000,999881,149881,True,0.17647058823529413,920000,3,2,70000,5,2,5,1
0x7e8a3c27331e200367c0ab7b07fac9e9c6298dc8,1,0,0,0,893210,893210,0,False,,,,,,0,0,0,0
0xaa614d5e74b8aa72d9c2a77124ceb780348c2dcc,13,10,8,10,500000,999999,499999,True,0.5942028985507246,500000,1,6,0,14,4,14,0
0x2286397228be256529be1ae9ed8d7d16549e9c6a,10,5,3,5,110000,998000,888000,True,0.26153846153846155,150000,2,5,40000,12,2,12,0
0x7ef1c549c3f171560d7ae94c8d3bb43983692ba3,4,2,0,2,850000,990002,140002,False,0.0,890000,2,1,40000,2,0,2,2
0xcb8e393b8a982ad10a4fef14999ad3fbf87e0b70,7,5,4,5,170000,999881,829881,True,0.15517241379310345,770000,5,1,600000,15,3,15,0
0xdbb3074be9b5309083a5b801abadb08fae0a6268,14,10,9,10,200000,999700,799700,True,0.08733624454148471,320000,2,4,120000,26,5,25,1
0x552642c78b41279e0a2a792382b3f3d8138c5343,1,0,0,0,890000,890000,0,False,,,,,,0,0,0,0
0x654eabd3cdfcfeaa5e8b60d67fdc2446416b727a,2,0,0,0,800000,890000,90000,False,,,,,,0,0,0,0
0x3835a9324f6066f6fb89ba6cbe64c35d16dbdef0,2,0,0,0,870000,890000,20000,False,,,,,,0,0,0,0
0xb404ae7074e3fd022dfffc95fc0d27bdf7040e29,8,3,1,2,800000,999000,199000,True,0.8333333333333334,800000,1,3,0,5,3,4,2
0x43eea882b845a8493152ebc55cf30ae9281b02d5,17,9,9,9,200000,999999,799999,True,0.13725490196078433,500000,4,4,300000,34,6,34,12
0xf21b96c69be166b4556192dffedeb2438fbecafb,9,7,3,7,500000,999001,499001,True,0.17391304347826086,880000,2,1,380000,7,2,7,3
0x6168e9f8feacbbf6ce639dab8c5e1dc1ed2d29ba,2,0,0,0,893210,999881,106671,False,,,,,,0,0,0,0
0x626ed9ac519c4141cb21c86ab535c551402e4958,29,26,20,26,490000,999700,509700,True,0.010273972602739725,500000,2,14,10000,23,4,22,0
0xecfc490c18e2db33f4f09fc6e2008cb1fbbe5b07,2,0,0,0,893210,999881,106671,False,,,,,,0,0,0,0
0x3d02dba59d1fcb14fa75973e1e3b5256f3b17dcf,16,11,8,11,350000,999999,649999,True,0.013888888888888888,500000,3,13,150000,12,2,12,4
0x4075d497970754b5561762255ce2b7588390dd53,17,12,12,12,500000,999500,499500,True,0.23170731707317074,500000,1,13,0,10,2,10,0
0x8821fd7618a33f94bb67b8517cb8c234282def50,10,5,1,5,200000,991000,791000,True,0.8461538461538461,200000,1,8,0,25,3,23,0
0x79e09d374aff09886ff2b7ffe95589d61606b947,3,0,0,0,849870,999881,150011,False,,,,,,0,0,0,0
0xa5085537fa4870677dfc16b92f886853eb7d2b6f,3,2,0,2,850000,990001,140001,True,0.3333333333333333,870000,2,2,20000,1,0,1,2
0x505d5c9e0b5a246e875dd4b028ad229f6ad0ccb7,3,0,0,0,849870,999881,150011,False,,,,,,0,0,0,0
0x5343f26db4497158ca92537ee84dde32e07acb07,2,1,0,1,849870,999881,150011,False,0.0,999881,2,1,150011,1,0,1,0
0x7fe995a80075df3dc8ae11a9b82c7fe4202cd87f,13,10,5,10,500000,999881,499881,True,0.012195121951219513,849870,6,3,349870,17,4,17,0
0xf4155c520926a7620a3be3c9fd5e23d32a2a3178,1,0,0,0,890000,890000,0,False,,,,,,0,0,0,0
0x175cb3b269642852c15e1457412a50d56440c806,9,2,1,2,200000,999881,799881,True,0.2,990010,7,3,790010,4,1,4,0
0x8d180d38580b5381576c27abd049f733d37f7401,4,0,0,0,989900,999999,10099,False,,,,,,0,0,0,0
0xc1ca8c65e61a72be9de8c0814303c16053e6c8b2,1,0,0,0,890000,890000,0,False,,,,,,0,0,0,0
0x902865d2099939323fdf47dabf10a0c39d04b6df,2,0,0,0,870000,999881,129881,False,,,,,,0,0,0,0
0xd15dfefeabab7fae9c2d187f3caf69e282382b07,3,1,0,1,849870,999881,150011,False,0.0,999881,3,2,150011,1,0,1,0
0x9a25d48942c335a6e6067a3c75ab9550eaae42cf,4,0,0,0,849870,999881,150011,False,,,,,,0,0,0,0
0x20252e8e73c5346f7e7325deadc0de963f04a3bd,4,4,3,4,820000,999881,179881,True,0.375,820000,1,4,0,5,2,5,0
0xeffb7652f53b5f121c810cc801af889dd4491e18,11,3,3,3,200000,998834,798834,True,0.6027397260273972,200000,1,6,0,14,4,14,0
0x01676bff4020aa6cdfe3465f4ad6fcef23594ba3,5,1,1,1,700000,999881,299881,True,1.0,700000,1,4,0,1,1,1,3
0x6189fb627f7dfb4c275483cf59ef030d0534b7d5,1,0,0,0,890000,890000,0,False,,,,,,0,0,0,0
0x375bf87d780563d34d2252bc1f106e7da52d1ba3,10,6,6,6,330000,990001,660001,True,0.5,330000,1,5,0,9,4,9,4
0xa206800625e3e5512818a750a3be3de6273bf282,2,0,0,0,850001,890000,39999,False,,,,,,0,0,0,0
0x6637e0868b52ca3c8aa8ab954bfadd6a19aaa4ea,12,9,7,9,500000,999999,499999,True,0.11764705882352941,800000,2,3,300000,9,3,9,0
0x6e56736a1adff9919ff821037e4e34808a18fb07,2,1,0,1,849870,999881,150011,False,0.0,999881,2,1,150011,1,0,1,0
0xe0b67dbe87654983022d69d3488770a2dc82ab07,3,1,0,1,843690,999881,156191,False,0.0,860000,2,1,16310,1,0,1,0
0x237c79c93c3eb8c61a2a2a7465a851b0381b8ba3,49,32,27,32,100000,999798,899798,True,0.8256819693945442,100000,1,23,0,64,6,56,3
0xcb47e78bbdc681d9ec65386d77e5d4e6b1f4f63f,12,9,6,9,500000,999999,499999,True,0.1,800000,2,3,300000,11,3,11,0
0x391c1dc7c6dc93b4fa9cd84016446b4fc159e76a,18,11,9,11,500000,999890,499890,True,0.5,500000,1,1,0,9,4,9,0
0x69952ecda37d4699c5c06d44e2da51f879c55093,13,10,9,10,707110,999881,292771,False,0.0,800000,3,6,92890,6,2,6,0
0x4924cac7fc203f87b5d7dc97ebd782010c4a68dc,2,2,0,2,888000,998485,110485,True,0.5,998485,2,1,110485,3,0,3,0
0x206eb8a5afbd0adefb4efae0d1db585c559ab684,17,13,10,13,500000,999881,499881,True,0.05714285714285714,870000,5,1,370000,12,3,12,0
0xc098a4065d16d27ccad33cc527309a487f2bd28b,5,4,1,4,807110,999134,192024,True,0.23076923076923078,890000,3,1,82890,4,1,4,1
0x078aa48d2ccf0eadad8bb3e5e7a8978fb74e3188,2,2,0,2,853690,999881,146191,True,0.5,999881,2,1,146191,3,0,3,0
0x9d783133a3ff9ba27fa1605547368cf9a316341e,12,5,4,5,200000,999991,799991,True,0.8543689320388349,200000,1,4,0,19,3,19,2
0x6f572e8020247324d7b9dc15c297a32e4187df1c,17,10,7,10,100000,990002,890002,True,0.21505376344086022,440000,8,5,340000,23,4,22,0
0x9d650eb4bc9df77c11a9cda04ca134290cdbffd2,1,0,0,0,843690,843690,0,False,,,,,,0,0,0,0
0xd8b9ac9c421bfe8523a7d0bf624fbfd6f74ba1b2,1,0,0,0,997980,997980,0,False,,,,,,0,0,0,0
0x0a38baa1f7a361a4120ac67debc911c26b7023a3,1,0,0,0,998805,998805,0,False,,,,,,0,0,0,0
0x53db64dfff64918ffd7c706c9b78a2d627cc0576,17,7,6,7,250000,999881,749881,True,0.1956521739130435,750000,2,5,500000,14,4,13,0
0x6ab49d5fc12ac3d411eb62c9525025f6c9da168a,2,0,0,0,843690,999881,156191,False,,,,,,0,0,0,0
0x3648afb49438bfe5bcffdabd64dc4e8b40a9fcfb,3,1,1,1,843690,999881,156191,True,1.0,843690,1,2,0,1,1,1,0
0xc2925edae82222e42f8ecce31cfdd74540f97777,1,0,0,0,800000,800000,0,False,,,,,,0,0,0,0
0x15faa03034e3119231e1b0669cbddc27c24b788e,2,0,0,0,998906,999881,975,False,,,,,,0,0,0,0
0xf436dcd2d146a28e6ad36cba6620ba1cbf40730a,2,0,0,0,800000,998485,198485,False,,,,,,0,0,0,0
0x07edf3ccee0275f8453001a199f96b78fd727a93,1,0,0,0,999134,999134,0,False,,,,,,0,0,0,0
0x69984ad3322300039f2855f81c44dbc532efe744,11,6,5,6,300000,999999,699999,True,0.4796747967479675,300000,1,9,0,25,4,23,1
0xa81178c050c7fdbd87cab4bc101ae0eeac73bb07,1,0,0,0,999881,999881,0,False,,,,,,0,0,0,0
0x48a949bb2a1a1868d489fdf968676d8e4ea7db14,3,0,0,0,843690,999881,156191,False,,,,,,0,0,0,0
0x484527e7eee63b135f06afe0dc5062c0f85ef6eb,2,1,1,1,843690,999881,156191,True,1.0,843690,1,2,0,1,1,1,0
0xdc1df4a7ecdca0cb40d123660b69e00ac446947d,11,3,2,3,110000,999881,889881,False,0.0,998648,10,1,888648,5,1,4,1
0x883cf3f4f2c062b377c9f807582e0fa40eab759d,3,1,1,1,843690,999881,156191,False,0.0,999123,2,1,155433,1,1,1,0
0x40f299c6eb520c9a2edc5224656edf27736de940,3,0,0,0,870000,999881,129881,False,,,,,,0,0,0,0
0x0e7be18016c6dc17a55f0e7ba20c0a20b39c4b07,3,0,0,0,870000,999999,129999,False,,,,,,0,0,0,0
0x76b2e364e8c2845b50ba33c306c0a8167a44e87e,2,0,0,0,870000,999881,129881,False,,,,,,0,0,0,0
0xc927bac0178b137067860f4305d81e16e2be4769,3,0,0,0,870000,999334,129334,False,,,,,,0,0,0,0
0x868f5f475dae2ff709d3719fbe515148aabd9252,14,11,8,11,650000,998999,348999,False,0.0,700000,2,3,50000,6,2,6,3
0x9d60eab8166aa8dddd889a6f97104ce9dcbb2e77,13,10,8,10,800000,999993,199993,True,0.5283018867924528,800000,1,6,0,10,3,7,0
0x0674ff0df2c659b5f0aec072c40b555189fb4721,6,6,5,6,100000,900000,800000,True,0.8478964401294499,100000,1,3,0,22,4,22,0
0x2983ab1bbd1ac357f66018e573cb77bd9ca77ece,4,0,0,0,843690,999910,156220,False,,,,,,0,0,0,0
0x13e19a5c7a9974a6a8674ef9d106b71d9c14b33d,11,3,3,3,430000,998446,568446,True,0.21428571428571427,998446,11,1,568446,5,2,5,0
0x3c8b664a95cc7969e8da842e343bb091a8ebc13e,5,2,1,2,843690,999910,156220,True,0.5,843690,1,3,0,2,1,2,0
0x2cb42b4a62f9680fc0d3c16c46cf4cf40d738c42,1,0,0,0,870000,870000,0,False,,,,,,0,0,0,0
0xb994b715402bfc702c31a412f263b6b76041231d,2,0,0,0,987650,999068,11418,False,,,,,,0,0,0,0
0xda6685f9cd1eb491fe882041442535ebb241fd73,10,8,3,8,200000,999881,799881,True,0.7954545454545454,200000,1,7,0,5,2,5,0
0xaba6604cf7cedb2c2fffd194119f976f26d6e51a,12,10,7,10,500000,990002,490002,True,0.05714285714285714,777770,4,3,277770,14,4,14,0
0xc6801322091aba3f5affc2f6a39e113046ca426d,1,0,0,0,800000,800000,0,False,,,,,,0,0,0,0
0x30c9c51e06faa8cc71e4c101a69a9ed8d01ee91a,14,10,5,10,500000,970090,470090,True,0.022222222222222223,900000,6,1,400000,21,4,21,0
0xa3b9120593c93169e36a0cdea1324584b745e03f,11,8,6,8,500000,999910,499910,True,0.475,500000,1,5,0,10,3,10,0
0x807f574ba1a79c357bece49a6e9b5dca24f3eeac,12,9,5,9,200000,999999,799999,True,0.14953271028037382,500000,2,8,300000,18,5,18,3
0x53f98fb02ce68ab3c1302d43124ef9d45af86382,1,0,0,0,950000,950000,0,False,,,,,,0,0,0,0
0xc08618db5102e6147e1252b73f8a16ebd896853f,13,9,8,9,699000,999990,300990,True,0.06,900000,7,1,201000,5,2,5,0
0x59d1f3686c79ffa20c96dfa5743f0f28deadca84,11,10,9,10,480000,999090,519090,True,0.15,500000,2,9,20000,12,3,12,0
0x647dd517c8820fc9874e1a3f58e6e0b9a43395c0,14,11,11,11,100000,999910,899910,True,0.26339285714285715,100000,1,8,0,22,3,21,0
0xbc3097d585d383c8c864f675b337f8f4d6b8c77d,5,0,0,0,870000,999910,129910,False,,,,,,0,0,0,0
0xe2a7eaa63fe852211f70292ec33c950215fa90f9,1,0,0,0,999910,999910,0,False,,,,,,0,0,0,0
0x75bb7300577a72c0ef8b88fdcb1c1bff848f9ab6,2,0,0,0,990010,999910,9900,False,,,,,,0,0,0,0
0x016064e34b2f1c6db6992b151f0d4a9e0ffb2444,5,0,0,0,860000,999910,139910,False,,,,,,0,0,0,0
0xedc62851ef24928d934024f69bb073a305090663,11,10,10,10,100000,999910,899910,True,0.6832298136645962,100000,1,10,0,36,5,34,0
0xc3290a030028fd054f4934245584160b12990fa5,4,0,0,0,987650,999910,12260,False,,,,,,0,0,0,0
0x9a762321404a88964effd9ac7d519f7e10357daf,3,0,0,0,990010,999910,9900,False,,,,,,0,0,0,0
0xab5dd28dc49d23f270d7085ea54ab250c917036b,5,1,0,1,909990,999910,89920,True,1.0,909990,1,4,0,1,0,1,0
0x8cb1029d7ccab2093a2279c59d7763f3fbaa19a4,4,0,0,0,880000,998834,118834,False,,,,,,0,0,0,0
0xa5a157aa45364d46c78de8f920db0a3a1f7d7ef1,7,3,0,3,110000,999910,889910,False,0.0,998831,6,4,888831,1,0,1,0
0xa2581717637f771a0367ac30054be181a6f887e3,2,0,0,0,990010,999910,9900,False,,,,,,0,0,0,0
0x839b148bc2d95710b8a642378abe01f8807b4da1,3,0,0,0,987650,999910,12260,False,,,,,,0,0,0,0
0x57d04041f6e34e9705c832211b024914451d7951,5,1,1,1,987650,999999,12349,False,0.0,999910,4,2,12260,1,1,1,0
0x551072326b53de317065d7be446a222c0b94e9c4,4,0,0,0,987650,999910,12260,False,,,,,,0,0,0,0
0x617da8fd86b5c21763f1defbafd56695b72efba7,3,1,0,0,880000,999334,119334,False,,,,,,1,0,0,0
0xcd9abfead72f72b26f9de9e7084e1a7cde28af5c,2,0,0,0,987650,999417,11767,False,,,,,,0,0,0,0
0x6be14c103e7e9989f7fd464d1f74ff290106db11,4,1,1,1,800000,999910,199910,False,0.0,999910,4,1,199910,1,1,1,0
0x5115b6c7dc1da0697064c8ae0e70d15773d09bbc,1,0,0,0,999910,999910,0,False,,,,,,0,0,0,0
0xcc49d325cfe2cda7760e33de0627c96532c99f8e,5,1,0,1,858500,999910,141410,True,1.0,858500,1,5,0,1,0,1,0
0x41a3ae7655f0568a61fec519475ebf060597e544,12,7,7,7,300000,999910,699910,False,0.0,998834,11,2,698834,5,2,5,0
0x1d11112ce84076ce94566a0a7dbb0611afeb7777,1,1,0,1,998000,998000,0,True,1.0,998000,1,1,0,1,0,1,0
0x0f0fa13abcd57c93a471c4437ac6750e322a172a,4,0,0,0,976540,999910,23370,False,,,,,,0,0,0,0
0xebf4b965df18a64a2b3126fc94ba4ba00d463af9,5,1,0,0,840000,999910,159910,False,,,,,,1,0,0,0
0x3ae51a2cdace2479e5fd03f002acb63ec2e07777,2,0,0,0,990020,998000,7980,False,,,,,,0,0,0,0
0xd49f58fa48d747b4d6644c8960402aa852633718,5,2,2,2,976540,999910,23370,True,0.5,998834,4,3,22294,1,1,1,0
0x68a83adef798c634cf6ebad3559c5aa982ca9888,2,0,0,0,998000,999910,1910,False,,,,,,0,0,0,0
0xa5028ffe480e70a620da84686f0c7aa0e879f2c2,6,2,1,2,510000,999910,489910,True,0.6,510000,1,6,0,3,1,3,0
0x452edfdfccbd81e0ce6536034841ef516dc7427e,5,1,0,1,840000,999910,159910,False,0.0,999068,4,3,159068,1,0,1,0
0xd2a577e92438fd0c1f2485f4fb91b9f866eb1e6c,3,0,0,0,970030,999223,29193,False,,,,,,0,0,0,0
0xc8ebf8b8c03dfd20ba700994a30e673fdcaa52ac,3,1,0,1,998000,999910,1910,False,0.0,998834,2,3,834,1,0,1,0
0x47b0a9706bcfdc6abbadbb9112bc08c578a86200,3,0,0,0,998000,999910,1910,False,,,,,,0,0,0,0
0x97f1bff87890a7ef1531d2b19c4137782aefcf53,5,0,0,0,976540,999910,23370,False,,,,,,0,0,0,0
0x1c4455171246018f84692a0190005318dd71238b,4,1,0,1,976540,999910,23370,False,0.0,998000,2,1,21460,1,0,1,0
0x97117533cb61538a1a93b20428655889fb000cb6,4,0,0,0,976540,999910,23370,False,,,,,,0,0,0,0
0x5019498686630f50ef2bf50f6613d8bedcd8e2fb,3,0,0,0,976540,999474,22934,False,,,,,,0,0,0,0
0x2c7e0abb103fbfa79ceeb612e2718d5f15701e18,8,4,3,4,749000,999172,250172,False,0.0,770000,3,5,21000,7,2,7,0
0x950e9f3f38da45ae5265ed759c61fa8f2b321730,1,0,0,0,998000,998000,0,False,,,,,,0,0,0,0
0xd6ea3e349277458b71c96215ed8d3a2d30f8b1d3,7,3,3,3,900000,999910,99910,False,0.0,998446,5,2,98446,3,2,3,0
0x6a59fd6429c323c649ca5220649a43c8e9d248a8,2,0,0,0,998000,999910,1910,False,,,,,,0,0,0,0
0x5ecb8d3cc8219258b932315219c216949af75b03,1,0,0,0,998000,998000,0,False,,,,,,0,0,0,0
0xd981ed1e59244105b037334a937a83d695ab1e18,17,12,12,12,100000,999808,899808,True,0.2001312335958005,200000,3,7,100000,32,5,32,0
0x30f962ca937655138708e4188f116bbd5cbb1e18,6,0,0,0,799000,999223,200223,False,,,,,,0,0,0,0
0x684791626a76d475ad14ed2cd9d0c228cf264663,13,8,7,8,420000,999910,579910,True,0.25,420000,1,10,0,14,2,12,0
0xf79a23adf31bc6e20d16167d15e73d8f0c381e18,5,0,0,0,500000,999334,499334,False,,,,,,0,0,0,0
0xef4c7a95d8b6570381a7607d9334f88f7eca4663,10,4,1,4,500000,999910,499910,True,0.16666666666666666,998504,9,2,498504,4,1,4,0
0x3af104fd522ca599ea94d9a1817316b60a7b26bd,1,0,0,0,976540,976540,0,False,,,,,,0,0,0,0
0xf6a4b3a27467be2c9f4b237e5f9b7d90eeb1592b,13,9,6,9,100000,998000,898000,True,0.16842105263157894,200000,2,7,100000,20,4,20,1
0x994193959d20a4cad37f599793c021e6a7ae5d0c,3,0,0,0,990060,999910,9850,False,,,,,,0,0,0,0
0x51867d2f8fcd9e5de4d0f9c8c7e5beeb030c5870,2,0,0,0,998000,999910,1910,False,,,,,,0,0,0,0
0xc4ba0ad2490a2b43b18ba7dd7eabde9a1ae44663,7,1,1,1,880000,999910,119910,True,1.0,880000,1,2,0,3,2,3,0
0xf90e1d129d4466d408fe73d8f2a0a72fbe851335,5,0,0,0,976540,999910,23370,False,,,,,,0,0,0,0
0x6ff6cc746cfdb6b2d7f78c08ea445441827ec830,2,0,0,0,870000,900000,30000,False,,,,,,0,0,0,0
0x197a812a7ab5ad6a2ce0d097dc0790e828668102,4,0,0,0,976540,999910,23370,False,,,,,,0,0,0,0
0x02209ba5fa36cd4a41da1afd4deff626429281bb,1,0,0,0,976540,976540,0,False,,,,,,0,0,0,0
0xb161bcf74f4c20775bb8ad6ac721005c631fae94,1,0,0,0,998000,998000,0,False,,,,,,0,0,0,0
0xe50744ed10203d3431442fbc06a0429231b413a4,2,1,0,0,998409,999910,1501,False,,,,,,1,0,0,0
0x6f67268a3a8c6a59ab89863728ba37d633602ba3,1,0,0,0,976540,976540,0,False,,,,,,0,0,0,0
0x5acb54868d292443cafc3ce88496589f6b4f1e18,16,13,13,13,100000,998773,898773,True,0.602112676056338,100000,1,16,0,48,6,44,3
0x4c55a936e9bb8578e6d0bbf6640f3f5a61368d02,6,0,0,0,870000,999910,129910,False,,,,,,0,0,0,0
0xd1a9ea2d3b941dca0ce6b71a39abbbb69c9238ed,5,1,0,1,790000,999990,209990,True,1.0,790000,1,4,0,1,0,1,0
0x7dbcdcab456127349ea8c7c41123b17de23a8041,3,0,0,0,976540,999910,23370,False,,,,,,0,0,0,0
0x0fa95297d9454c8dd71927fba89b26445f557c4c,3,1,1,1,977770,998000,20230,False,0.0,998000,2,2,20230,1,1,1,0
0x04198dda2a209feda0886f899e528e66be385ba3,7,1,1,1,850000,999027,149027,False,0.0,900000,2,6,50000,3,1,3,0
0x259897a3eb47bd4177c280f366c0cbe12952eb10,1,0,0,0,900000,900000,0,False,,,,,,0,0,0,0
0xfce9a15ab0decd9a3bfc4958b5a2064e59e0eb4f,3,0,0,0,976540,999910,23370,False,,,,,,0,0,0,0
0xec01358ba4820a5c9809b4c28f9e24d430bc2ba3,5,2,1,2,976540,999423,22883,True,0.6666666666666666,976540,1,1,0,2,1,2,0
0x5402238105ba87f0ace410bb508075e66db56f94,1,1,1,1,998000,998000,0,True,1.0,998000,1,1,0,3,1,3,0
0x03caf32007203c4459e2e17423af9a2503f992a2,1,0,0,0,999910,999910,0,False,,,,,,0,0,0,0
0x4b5d33127eaf4248fa4ecb8d758e6c07828d2ba3,11,5,2,5,500000,999334,499334,True,0.21428571428571427,850000,5,5,350000,8,2,8,0
0xf8e5dfdc01100529edb7e8f296ba6225c993a353,7,5,1,5,660600,999331,338731,False,0.0,900000,4,5,239400,11,1,10,0
0x8cae1f1d7517331907c5d4d6bd74835c7b68c1a2,14,8,8,8,100000,999115,899115,True,0.3818984547461369,250000,2,11,150000,41,4,35,0
0x3a1b7ed7f81be3bb9762980dc3444e04f3696525,3,0,0,0,976540,999910,23370,False,,,,,,0,0,0,0
0x44f6d70d3287c0a9db8dea76a568202c6b86fb5a,5,0,0,0,976540,999910,23370,False,,,,,,0,0,0,0
0x6ea75e2cb1abd91da3f596acb2058fe294521ba3,10,1,1,1,400000,999408,599408,False,0.0,500000,3,6,100000,4,1,3,0
0x48638a6814a124780e9f429c72c05464b53840e4,1,0,0,0,999910,999910,0,False,,,,,,0,0,0,0
0x5cf8c6aa444d2423aad00aa49321bf2f735f7ba3,14,6,3,6,500000,998834,498834,False,0.0,600000,2,3,100000,9,3,9,0
0x3e917266891fac7eb0b51da181ace4a07a68fba3,7,0,0,0,701100,998406,297306,False,,,,,,0,0,0,0
0xe2b390a0adb9c43160082cd23931a2105ae0cba3,5,2,2,2,970000,999333,29333,False,0.0,999333,5,1,29333,1,1,1,0
0x62581e82ce5ed15d2297607c4ce577a7180e7ba3,1,0,0,0,800000,800000,0,False,,,,,,0,0,0,0
0x0c1ed62d7811e5b437e537ac9d0592469c119c74,35,26,23,26,100000,999910,899910,True,0.13825757575757575,480000,12,24,380000,42,6,38,0
0x495869064fea4c72c3c049c2b541c79c2df73f0a,11,7,4,7,500000,998834,498834,True,0.46511627906976744,500000,1,10,0,10,3,10,0
0xdd7fb0321e843ea1344715a8ab36f49124076d1b,5,5,3,5,500000,999910,499910,True,0.14285714285714285,999068,4,2,499068,4,1,4,0
0x5de056136551b8a41b7dd663881a5120b6e7a059,4,1,0,0,840000,999910,159910,False,,,,,,1,0,0,0
0xe2713168e69974726c1f9e6af1516e6a0b398ba3,5,0,0,0,800000,999223,199223,False,,,,,,0,0,0,1
0x1b60fb1dc4fbdd84c1126c0b7de6e99c10f4d84e,3,0,0,0,850000,999526,149526,False,,,,,,0,0,0,0
0x7b240e78d1bd6a6f0b3e19ca034086be7a381e18,10,3,2,3,200000,998834,798834,True,0.88,200000,1,3,0,10,4,10,1
0xdf5b26c143c58148e4fe6b0c0c6ec0e6bdd2ac74,2,0,0,0,999228,999910,682,False,,,,,,0,0,0,0
0xecf19e01bee17ccf0893bf91a272bbde360a6ba3,6,0,0,0,870000,998446,128446,False,,,,,,0,0,0,0
0xd0ab504012370fcc3800f2f8e8dcdcce35c70c0f,4,0,0,0,976540,999910,23370,False,,,,,,0,0,0,0
0x14aa30a4a2e6d6f0e33066a618ef900a7c1e810f,4,0,0,0,976540,999068,22528,False,,,,,,0,0,0,0
0x68af2e55e4e940c18bf5a93bf18436b3ec2d7053,5,0,0,0,974500,999334,24834,False,,,,,,0,0,0,0
0x4e0a50ebfc8a4c62480bef6a41e04955e9cb1e18,5,0,0,0,974500,999417,24917,False,,,,,,0,0,0,1
0x5e6fd9922b21f47886aec5a3ae8eb178a85f0dfb,5,3,0,3,510000,998870,488870,True,0.6,510000,1,5,0,3,0,3,1
0x4106dfdf634a7e3bcfa121bbe3beec9f9ddf5ba3,13,8,6,8,400000,998363,598363,True,0.175,996000,12,3,596000,11,3,10,3
0xac4922f548800cef9985181a5e8fddbb6389bba3,1,0,0,0,990001,990001,0,False,,,,,,0,0,0,0
0x3ca0a9412d697dfd5b923146667ed8fc1e566dd7,3,0,0,0,974500,999218,24718,False,,,,,,0,0,0,0
0xa0faa182e6afb2848cb6209f0c4565422a487d81,4,0,0,0,900000,997111,97111,False,,,,,,0,0,0,0
0xe2eaf0f956dd1f567827dea5f5386edffdf5ca3d,6,0,0,0,800000,999398,199398,False,,,,,,0,0,0,0
0x1a948629bd6b1e6b4b0cb4f932f100845ee8aba3,9,2,2,2,850000,998834,148834,True,0.5,998834,8,2,148834,2,2,2,1
0x8b7eb0637ff10f6b88a2eb796b4ca79994d77ba3,10,2,1,2,300000,999990,699990,True,0.1111111111111111,870000,3,4,570000,5,1,5,0
0x4d61f21ca2fa4002e038d86ad186d9cb1f74eba3,5,1,1,1,900000,999223,99223,False,0.0,976540,2,3,76540,1,1,1,0
0x2e6ab6302e1903af8601fe03b7a7982545883a02,7,6,2,6,800000,999339,199339,False,0.0,998760,6,1,198760,6,1,6,0
0x161a7f6a289eb17bb2cbf63f27fb55faab0bfba3,5,0,0,0,840000,999371,159371,False,,,,,,0,0,0,0
0x7b4c9e3e4d09da5f724e6f024260066f1a96a594,1,0,0,0,976540,976540,0,False,,,,,,0,0,0,0
0x2a992bae06c07e52efad5081c56d71857709cb41,3,0,0,0,974500,996212,21712,False,,,,,,0,0,0,0
0x79d0e373a855ac8b55a516e752697df403bf4a74,7,6,5,6,500000,999010,499010,True,0.07142857142857142,998345,6,4,498345,2,1,2,0
0x8e4b4f21b1627b9951d1ef35766b0f26e3d13f0f,5,3,1,3,974500,998476,23976,False,0.0,996212,3,1,21712,4,2,4,0
0xfb220722974c02cb6e66bd1c305af3ff91cf7777,2,2,1,2,976540,995539,18999,True,0.5,995539,2,1,18999,2,1,2,0
0x2e0b42924300739589df4535f3f8c14a9bf0e536,2,0,0,0,976540,995423,18883,False,,,,,,0,0,0,0
0xf557fb0ed7a95be5bf58c47e62908d602b9e0403,7,0,0,0,900000,999224,99224,False,,,,,,0,0,0,0
0xa1e612d2b5e5774c8d4c4fdb9d6bd75042e594b3,1,0,0,0,900000,900000,0,False,,,,,,0,0,0,0
0x5e6def90561fe53fd6ba0cf6d2640da6e038a28b,4,0,0,0,974500,999380,24880,False,,,,,,0,0,0,0
0x5ecbb1d795c94504e37cff0081450da5481cb821,6,0,0,0,974500,999418,24918,False,,,,,,0,0,0,0
0xe74234c4ca866256f38c602c52ea249c43650d12,5,0,0,0,974500,999320,24820,False,,,,,,0,0,0,0
0xcea825aabbd843c08269412bc33da3b6edf5f455,2,0,0,0,974500,996212,21712,False,,,,,,0,0,0,0
0xeac4cf985afaa8d7a6b9b4c4c759940849e38193,5,0,0,0,974500,999417,24917,False,,,,,,0,0,0,0
0x9e4f0f3dcb32eae134cdc654e695c9f183381e18,2,1,1,1,976540,998383,21843,False,0.0,998383,2,1,21843,1,1,1,0
0xc465351b71fc40a62777f85a783c6d62b40b1e18,10,3,0,3,600000,999700,399700,False,0.0,976540,7,2,376540,3,0,3,0
0xb397e40bef246a715561b1912a106ea7a5919a38,7,0,0,0,690700,998397,307697,False,,,,,,0,0,0,0
0x5098e94c756c34a3ff65ecf67e5fe79039542a2c,2,0,0,0,976540,999068,22528,False,,,,,,0,0,0,0
0xb7efe8b958c5049a9369386c2df781effd442e84,5,1,1,1,800000,999068,199068,True,1.0,800000,1,2,0,2,1,1,0
0x684618c70480a70637692a51a3a9398dfd7ab0f5,36,16,13,16,100000,999999,899999,True,0.19117647058823528,150000,6,6,50000,31,5,31,1
0x08cae10e08be56c7a4ee697c2eee5add6a38a124,5,0,0,0,974500,999090,24590,False,,,,,,0,0,0,0
0x2b7718942ed4b838b28846f1f8a06fda4694cb07,1,0,0,0,998112,998112,0,False,,,,,,0,0,0,0
0xe1b3ac8c6374b41519ad01c7f3c7f9bba2df3a82,1,0,0,0,800000,800000,0,False,,,,,,0,0,0,0
0x36e550fdf3119e663461a08f31f5ec5c5606b782,3,0,0,0,973690,998112,24422,False,,,,,,0,0,0,0
0x58b63737f1e673809392f0a0e32278a38c2973d0,3,0,0,0,974500,999407,24907,False,,,,,,0,0,0,0
0xe2b7cd9dbc5a93626700575a1d96a74e1dcc238d,6,1,0,1,350000,998112,648112,True,1.0,350000,1,5,0,1,0,1,0
0x0969f3845e28362a4f34f399470e6cb868f8de0e,6,0,0,0,800000,999190,199190,False,,,,,,0,0,0,0
0x92a9dc284bcc07f58fc6c8621623023e423a43c8,3,0,0,0,973690,999068,25378,False,,,,,,0,0,0,0
0x648d3da81b078069282c7f85639784a68d14139a,6,1,1,1,800000,999050,199050,True,1.0,800000,1,1,0,1,1,1,0
0xe62beaff79e79eef9f08f7fd47feb6b96a04600d,6,4,3,4,500000,990000,490000,True,0.10526315789473684,840000,2,1,340000,6,3,6,1
0x9f2c23964dd5a7010e6fbddeddf42d8914748df1,2,0,0,0,973690,999198,25508,False,,,,,,0,0,0,0
0x64d2eb7340a1eed86ee77402137f9475b205d04b,12,9,9,9,200000,999100,799100,True,0.0547945205479452,780000,4,7,580000,10,3,10,1
0xe0394ecb073085cfeee3a82c8c4fa91319caa1ae,2,0,0,0,973690,999223,25533,False,,,,,,0,0,0,0
0x93f205da3f35882f6dfe2358082b3aef9a6616d1,5,0,0,0,973690,999220,25530,False,,,,,,0,0,0,0
0x95f0ef44e85cfc6d886f257f4ff0327c73e050e4,5,3,0,3,973690,999390,25700,True,0.5,973690,1,3,0,1,0,1,0
0xdb9ba2a5bc216e22a0a2caa4d1b54dc85c5b3b13,11,5,5,5,200000,998786,798786,True,0.1895734597156398,300000,2,5,100000,28,5,28,2
0xdfbd6d30423274c3acfc2c5c3f216a09bba2834b,1,0,0,0,974500,974500,0,False,,,,,,0,0,0,0
0xb7aa997b043531290d9f67e6aeca124be09ebf72,4,0,0,0,973690,999322,25632,False,,,,,,0,0,0,0
0xd56b8d954943cf4e0384b60fdbb68ee101ff39d9,5,0,0,0,973690,998801,25111,False,,,,,,0,0,0,0
0xd9d722115d8550cc0f1a758d6a823d335ed71e18,1,0,0,0,900000,900000,0,False,,,,,,0,0,0,0
0xf15ba4059b8e934de38fc8604c708a9b49a2e56b,4,0,0,0,973690,998446,24756,False,,,,,,0,0,0,0
0x97089f96134991cdff7b99e5c81993011a046ba3,1,0,0,0,973690,973690,0,False,,,,,,0,0,0,0
0x5596ddb13e1a292fe41a595748c68194dddaf602,1,1,1,1,975400,975400,0,True,1.0,975400,1,1,0,3,1,2,0
0x7cabcde105dac3365e7c390fd3eff42bdf3f1b07,1,0,0,0,998112,998112,0,False,,,,,,0,0,0,0
0x644ecf265b04a07ebf66097bcbef98f0015475fd,6,3,3,3,571100,999100,428000,True,0.8181818181818182,571100,1,6,0,6,2,6,0
0xc3df041ba4d15c3c9cecd0d6811bf09a5c9ce868,5,0,0,0,973690,998880,25190,False,,,,,,0,0,0,0
0x106a983825b73e03cbd710e3b28db54347940e13,5,0,0,0,973690,999320,25630,False,,,,,,0,0,0,0
0x95b11604714cbdb1acdc2c347862a8c502c77777,2,1,0,1,973690,974500,810,False,0.0,974500,2,1,810,1,0,1,0
0xa705ece77f2154ef02448bc7d31a9df0241d4e16,4,0,0,0,973690,999443,25753,False,,,,,,0,0,0,0
0x11fb1b7471a1b8c7cff49a2d2b2cb878a30f7777,2,1,0,1,973690,974500,810,False,0.0,974500,2,1,810,1,0,1,0
0x07a5eef3fdf90a89004edd745754ab000c31619e,5,0,0,0,973690,999223,25533,False,,,,,,0,0,0,0
0xa4ddda9aec333c099eda468cd8ce86dfbc05700a,9,6,3,6,500000,999228,499228,True,0.043478260869565216,800000,4,3,300000,6,3,6,4
0xd8a316167ce3b30ef3c0623423813aaa08cdbc21,2,0,0,0,974500,999400,24900,False,,,,,,0,0,0,0
0xe2628c4d3497fcb468e796cc20a9087bf6dc1e18,2,0,0,0,973690,998834,25144,False,,,,,,0,0,0,0
0x46e5cec6c4cc39c885ec5ab78bcc90f4e24b1541,1,0,0,0,974500,974500,0,False,,,,,,0,0,0,0
0xb0a74d2154ffaef59c965c947e4eacfe39bd1628,2,1,0,1,973690,974500,810,False,0.0,974500,2,1,810,1,0,1,0
0x30a4a580f842d36723c2d7e9cd67d7279e435ea3,2,0,0,0,973690,999417,25727,False,,,,,,0,0,0,0
0x525d4a399dcd9cbe828d166ce788ab82bd1de62e,8,4,1,4,899900,999417,99517,False,0.0,998510,7,1,98610,4,1,3,0
0xbafa57f54ebfc8888cd60ac63df58950e19e5e82,2,1,0,1,840000,870000,30000,True,1.0,840000,1,1,0,1,0,1,0
0x8edff854fddbf91852dbc922f32f3d720b4dafed,1,0,0,0,950050,950050,0,False,,,,,,0,0,0,0
0x420c3a3d851b312bbadbc81ed61ca93b1fde1f22,11,7,5,7,200000,998112,798112,True,0.2978723404255319,200000,1,7,0,13,3,13,2
0xf37ec74452c688fbfe0c038c5828bd4473511e18,5,0,0,0,950050,998835,48785,False,,,,,,0,0,0,0
0x5b1845cdbbe51fa2c4c0255f015be38ff2591e18,5,0,0,0,950050,998446,48396,False,,,,,,0,0,0,0
0x9b04cc8a6ec711895f3cd3e9df6e434396d81cd5,18,13,12,13,250000,999300,749300,True,0.248,870000,8,1,620000,16,4,16,1
0xc353802daca0aa12953a2af968e12f5a13a91e18,3,0,0,0,950050,990001,39951,False,,,,,,0,0,0,0
0x6ade32a660579fb453695272235b10480ebf9999,4,1,1,1,800000,998112,198112,False,0.0,950050,2,1,150050,5,2,5,0
0x2f728900b237edcc4370ff92da5ad671715ea5b0,2,0,0,0,998112,999418,1306,False,,,,,,0,0,0,0
0x63176e10c162a805fc75e6e1168af454d832ffd0,2,0,0,0,950050,998446,48396,False,,,,,,0,0,0,0
0x31b432cf3ccea05dafcfc53ff43a088584e066a7,4,1,1,1,777000,990001,213001,False,0.0,834000,2,1,57000,1,1,1,0
0x1ecf8c9356e7a2b724b9adb14e61d4d621ad72b9,16,9,7,9,250000,998834,748834,True,0.37003058103975534,250000,1,4,0,30,5,29,1
0x87f275300476aad33b5a7df3dfe31341ed2139f5,1,0,0,0,998112,998112,0,False,,,,,,0,0,0,0
0x1fd3d9c2d494b74f1146b24b241a27907d47675d,4,0,0,0,500000,998838,498838,False,,,,,,0,0,0,0
0x29c3d14f8ed3b25a9d2e318ec6c88bc0a85d76cd,1,1,0,1,999223,999223,0,True,1.0,999223,1,1,0,1,0,1,0
0x0991d245bd3c30983f224b3e5e0a3c4fb819efc3,2,0,0,0,970070,998112,28042,False,,,,,,0,0,0,0
0xbd9728dad9ddda22444fdf2d31e47c88a27a9395,21,16,16,16,440000,999005,559005,True,0.05263157894736842,888880,6,6,448880,9,5,9,0
0xdd7e467a9a31471efe9a497153e00b5af9b4cf82,1,0,0,0,501100,501100,0,False,,,,,,0,0,0,0
0x666c03974d0068600fb23ad4f69536c307572b07,1,0,0,0,998112,998112,0,False,,,,,,0,0,0,0
0xab384e782b308bfa24ebf9e9cdde131278133586,2,1,0,1,970030,999331,29301,True,1.0,970030,1,2,0,1,0,1,0
0xa4971b3bf79ffa893f99d0d08e8ad7dfc04a9064,3,0,0,0,970030,998407,28377,False,,,,,,0,0,0,0
0xc1a0d0ef8c0c353d03f006b8304a4efb32016d3c,19,9,7,9,100000,999999,899999,False,0.0,150000,3,7,50000,23,4,21,2
0x1ca4c736d4178541dd54cd59765119390b4e60c2,2,1,0,1,970010,999417,29407,True,1.0,970010,1,2,0,2,0,2,0
0x0cd615bdd04b4a256066a13ddd94bfbb41851b30,7,5,4,5,800000,990001,190001,True,0.1875,980000,5,3,180000,13,5,13,0
0x0d398aeb973ba8c76dc8dd1491ba421e2c2895c4,2,0,0,0,970010,998834,28824,False,,,,,,0,0,0,0
0x6e987e76f3753194f90a467629979287b2f31e18,6,0,0,0,900000,999068,99068,False,,,,,,0,0,0,0
0x08b480719cf4d72a36a6a6903e35a796ba241e18,1,0,0,0,900000,900000,0,False,,,,,,0,0,0,0
0x0855b2d7c2a4bceee0b5222d7becf660e47e95d9,2,0,0,0,970060,999057,28997,False,,,,,,0,0,0,0
0xfdae23ce76018da62507bb5ef20e6ef5450e8312,4,2,1,2,470000,999334,529334,True,0.3333333333333333,970060,3,2,500060,3,1,3,0
0xc1a0705a920fafc45bae3191e4c05e28347ea39a,3,0,0,0,800000,999417,199417,False,,,,,,0,0,0,2
0x99eba58a68e42a0da8c664630eb8083a3c14e7fe,3,1,1,1,500000,999066,499066,True,1.0,500000,1,3,0,3,1,3,0
0xc1a09c438b700ade34c730cd743a6e52f0c4c38e,4,0,0,0,900000,999334,99334,False,,,,,,0,0,0,0
0xd7b5e65fab36759432efac5e6a8f406371ad4c1d,2,0,0,0,970060,999334,29274,False,,,,,,0,0,0,0
0x8dfb7090971b0ba6c9c3ea004d98e7587f169201,17,8,7,8,200000,999068,799068,True,0.8115942028985508,200000,1,8,0,29,4,28,0
0xca326c5fe6300bcf2e4559458b03d9fc1bdf5b01,3,0,0,0,750000,990002,240002,False,,,,,,0,0,0,0
0x29fbaa3668e688c83fae9b5dd13cc3cfc097ccbf,11,8,6,8,100000,999223,899223,True,0.748780487804878,100000,1,7,0,51,5,40,0
0x0868ea0ad7bb4cdba7112ad91ecc71e26f21b978,1,0,0,0,999334,999334,0,False,,,,,,0,0,0,0
0x0f22b188659dfd63756e44bbab43965193012b8c,2,0,0,0,970090,998478,28388,False,,,,,,0,0,0,0
0xb9659bce627f42176561c3980e9c11fb2e4aca54,2,0,0,0,970080,998438,28358,False,,,,,,0,0,0,0
0xd7dd1d4cb81aaa89970934baf496407cc2445d88,1,0,0,0,999417,999417,0,False,,,,,,0,0,0,0
0xc1a030a3761f81562821ea9c20e908e8f49aa36a,2,0,0,0,970080,999334,29254,False,,,,,,0,0,0,0
0x661cd4639ece4dab9b022afaa51afcee83096262,1,0,0,0,969690,969690,0,False,,,,,,0,0,0,0
0xf78db1759d33ea6b84891fe29af9f73d7bac2198,1,0,0,0,999034,999034,0,False,,,,,,0,0,0,0
0x5cb6f181081301b44905f3ae15419112ecabd8a6,34,12,9,12,100000,999898,899898,True,0.2915129151291513,800000,9,1,700000,22,3,22,3
0x5d43cb7556a3c06e63e014232cb9ed298932cb9b,11,8,6,8,100000,998446,898446,True,0.7365010799136069,100000,1,5,0,26,4,26,2
0x7c07e07b94a40bc48413aa6be70dff17a4207ba3,5,1,1,1,440000,999000,559000,True,1.0,440000,1,3,0,3,2,3,0
0x9d98f99b0b6b2b7f99ab8bc187e1c59793eccb2c,13,9,9,9,100000,999807,899807,True,0.7873754152823921,100000,1,4,0,41,4,39,1
0x5f494aa372317e0e75388c55079c05f826f21dcc,13,9,6,9,200000,999417,799417,True,0.5255474452554745,200000,1,4,0,16,4,16,5
0x3ae3facc99f43d5a39254a0b9f5cc0291ecd39cc,61,29,27,29,150000,999999,849999,False,0.0,160000,2,7,10000,50,4,48,7
0xa80f5e49d874f58f015280cf08cc6e28b6bf75cc,14,7,5,7,440000,999068,559068,True,0.027777777777777776,850000,4,2,410000,7,3,7,5
0xb9c948f45681a2bd0fb13b6a0dd6e5ad05b1efcc,19,10,5,10,400000,998834,598834,True,0.16666666666666666,500000,2,9,100000,11,1,11,1
0x6342e7fb1c98df507a8c846e49962d3e5e197ecc,16,11,10,11,491000,999334,508334,False,0.0,500000,2,7,9000,14,4,13,0
0x6e30a5f8fc61cd4e8550d2dd3cddea2a0196dc69,5,1,0,1,800000,999388,199388,False,0.0,899999,2,3,99999,1,0,1,1
0x48399089e26c9111680fe77c5c669e8e639f5134,1,1,0,1,970690,970690,0,True,1.0,970690,1,1,0,4,0,4,0
0xfb97e1ca99378ea348eb794cbed099408ca74d1c,12,8,4,8,150000,998751,848751,False,0.0,998751,12,1,848751,13,2,13,0
0x017e6c44c65ea986c2b3225cac6c9a87e1b06f7a,16,9,8,9,340000,999224,659224,True,0.3305785123966942,350000,2,5,10000,33,4,31,3
0x38f2e8f5b84271bc8eb1eb3904a41aa2acf41294,18,11,10,11,499999,999890,499891,True,0.2222222222222222,499999,1,12,0,7,2,7,0
0x56bd4cbee01b5537b77222f5c989c30bb5c5bfce,2,0,0,0,970369,999090,28721,False,,,,,,0,0,0,0
0x35082b06d25c9fdb76284997ed6f11ac44465b07,12,9,9,9,500000,999067,499067,True,0.05555555555555555,509000,2,10,9000,13,3,13,2
0x08301023fce818789b436038bea5bba42b8c3df5,1,0,0,0,100000,100000,0,False,,,,,,0,0,0,0
0x14d84fef54e6430375f2ab82c33ae99c10cbd0df,11,9,8,9,200000,980000,780000,True,0.021739130434782608,500000,2,2,300000,12,4,10,0
0x3935456196b159625c5f8dbe2d10677df678bf6a,21,19,19,19,320000,999700,679700,True,0.2057877813504823,320000,1,20,0,17,4,17,9
0x65d385c3d626e0ce06d1526543d5a8e94c678c23,1,0,0,0,970123,970123,0,False,,,,,,0,0,0,0
0x356e3723f900b0622eed45564a704a61609126be,6,1,1,1,220000,999617,779617,True,1.0,220000,1,3,0,1,1,1,0
0x5b277e500a62691b94b28b75778b7fb95b47eb79,2,0,0,0,970123,990002,19879,False,,,,,,0,0,0,0
0xd59bce115a0296e0d393ccd56e8460e5c57e707b,19,13,9,13,300000,999091,699091,True,0.020512820512820513,350000,3,8,50000,26,3,24,3
0x82bc752729ca2200207f14d027c3e295c8b5c9b0,1,0,0,0,970123,970123,0,False,,,,,,0,0,0,0
0x5b8c6c697ff40309e6cba87b4563be2677c8da72,18,13,12,13,150000,999334,849334,True,0.3348729792147806,150000,1,10,0,29,4,27,2
0xf1d4d0cf23b23f9b8655f6f36990e09d6c18f6b9,2,0,0,0,970123,999326,29203,False,,,,,,0,0,0,0
0xce4f3e2ece8ad6fa76c85010b59437628a0cfd5f,10,7,4,7,690000,999890,309890,True,0.043478260869565216,970123,6,1,280123,5,2,5,3
0x8ad5a580c4215086dec828d8626b95a06d7d00cc,47,31,27,31,160000,999068,839068,True,0.34056761268781305,160000,1,1,0,38,4,36,10
0x8ca92246b82a9dad66342249390797e2553aa0f2,2,0,0,0,970123,999417,29294,False,,,,,,0,0,0,0
0xe8b46fda1d510cc2cb977e8ccbc0385c71d6da5e,2,0,0,0,970123,999329,29206,False,,,,,,0,0,0,0
0x5c95b7c00e13b692d451d93c810e4fb368b52db4,2,0,0,0,970123,999068,28945,False,,,,,,0,0,0,0
0xcc166eb1fe657187d4e8c0fbcc6a9a07abb01d97,2,0,0,0,970369,998835,28466,False,,,,,,0,0,0,0
0xd696da44e5e32797dea664059478b70f813e90e4,2,2,0,2,970369,998446,28077,True,0.6,970369,1,2,0,2,0,2,0
0xa5d7a9980964fd781a9f84d2ef0c188863e88d4e,2,0,0,0,970369,999310,28941,False,,,,,,0,0,0,0
0x385b36ff682ab4c76e7c37a66b96aabc466471d5,37,19,18,19,119900,999141,879241,False,0.0,200000,5,12,80100,39,4,37,3
0xc26e815246b767ba4ea238d625a9ba936efa7796,8,8,3,8,160000,950369,790369,True,0.327313769751693,250000,3,5,90000,30,3,30,1
0xab7b0d447fe3523e6114011893d6cb5648a60d12,2,1,1,1,870000,999890,129890,True,1.0,870000,1,1,0,2,1,2,0
0x158e848130c86b9658e013dff4ff0048058e719f,3,0,0,0,870000,999223,129223,False,,,,,,0,0,0,1
0xfae4a4cdac7fdece2ac9e8dc032be4c22c250b38,5,1,1,1,870000,990000,120000,True,1.0,870000,1,4,0,4,2,4,2
0xf049d87b7c7602bacbb1534767fd53b49bd212e8,8,5,0,5,720000,998834,278834,True,0.21739130434782608,950369,5,1,230369,4,0,4,0
0xacdbf5297ec6d6febddfdc68a7ecb7ab4f2ea922,11,7,6,7,440000,990001,550001,True,0.1016949152542373,601100,4,6,161100,12,4,12,2
0xaa3e7ec3dd55093dda121ad88d17f664b987dba6,13,12,9,12,170000,970020,800020,True,0.371900826446281,170000,1,5,0,21,3,19,1
0x31e9281d1ad6ba382383b8e801d1615f9718551b,12,7,2,7,440000,990000,550000,True,0.6071428571428571,440000,1,8,0,12,1,12,1
0xbc9efa5287d79bf786b8640426e3217b7a7c833c,2,0,0,0,950369,999068,48699,False,,,,,,0,0,0,0
0xe6c3dd8751577e7f334bfe61801adef35dbd9f3c,11,9,8,9,500000,990000,490000,False,0.0,770000,3,3,270000,8,4,8,2
0x8a93e09851f82f1f06e7ef08e3ceab41629d453f,19,15,13,15,489999,999003,509004,True,0.045454545454545456,500000,2,6,10001,11,4,11,10
0xdc4526ab61c2d946972244573e3cb7805621bcd6,2,0,0,0,950369,999068,48699,False,,,,,,0,0,0,0
0x77f9a3caf474cad4dd31c422c6f5e082fda1f081,3,0,0,0,950246,999417,49171,False,,,,,,0,0,0,0
0xb4610f2f615c4ad9ce3b92821609273062a3cb03,13,9,8,9,100000,999334,899334,True,0.7816901408450704,100000,1,8,0,14,2,14,0
0x8a5b9feb491e6c344dd2702dcc056f60c354230b,12,6,4,6,430000,999665,569665,True,0.4406779661016949,430000,1,5,0,8,4,8,0
0x6980ff18e8e8ed8a2c6a260a74c53b3b33d24c98,14,8,6,8,320000,999826,679826,True,0.037037037037037035,840000,2,2,520000,13,4,13,0
0x32ac8c1d7672667d5ebdea22935f7b06fc8d496f,6,0,0,0,800000,930270,130270,False,,,,,,0,0,0,0
0x807bbad8f2ca2b1b152a17d34c286736d957b59d,3,2,0,2,900000,998446,98446,False,0.0,998446,3,1,98446,2,0,2,0
0xa1a7f4e605944a784ba5de838f6f2516f64b6ba3,3,0,0,0,550000,998763,448763,False,,,,,,0,0,0,0
0x7dfe6f41307d8ffb9b6fac4232af860732e19c01,11,8,3,8,350000,998834,648834,True,0.13513513513513514,870000,5,3,520000,13,4,13,2
0x3eb4fad7a93e8ea3f3124c069e37f046c968ad48,2,0,0,0,950123,998437,48314,False,,,,,,0,0,0,0
0xae12c413892844122267a75d28716ae2fe24fb13,2,0,0,0,950123,999334,49211,False,,,,,,0,0,0,0
0x63127a411a5f786d2547d1a77bdb478ae9db6ff0,7,2,0,2,500000,999000,499000,True,0.5,550000,2,6,50000,1,0,1,0
0xdab7466a429684e05142d8e82358a63710bf0df8,1,0,0,0,100000,100000,0,False,,,,,,0,0,0,0
0xafd872ff4f2c7e3cac56b14fc88e3421489fed08,30,21,15,21,300000,999010,699010,True,0.08870967741935484,500000,4,13,200000,17,4,17,9
0x04d77a167c7cb6226a0e425b87c860e208a3dbca,2,0,0,0,950123,999417,49294,False,,,,,,0,0,0,0
0xc5ad553dc53456b9d0a93296b4640ea3ecd2b990,2,0,0,0,950123,999223,49100,False,,,,,,0,0,0,0
0x676618fb98929ac0e293c1eddfa0972e36036856,5,4,3,4,100000,999068,899068,True,0.18461538461538463,200000,2,4,100000,16,3,14,0
0x0a785f938e2d024d67eb16279bd04daa2d542279,5,4,2,4,789000,998446,209446,True,0.14285714285714285,950123,4,2,161123,3,1,3,0
0xc1a0a3967abe36817533ea676f61c256a1ad7db9,6,3,1,3,890000,999223,109223,False,0.0,999223,6,1,109223,3,1,3,0
0x94eb2e5865e45c150142d1d9a0f3b04a7369f8d8,10,6,4,6,480000,998866,518866,False,0.0,950120,8,2,470120,8,2,8,0
0xa923e025c3a7707887d3e88f8cb98601c8923a23,6,4,2,4,490000,999068,509068,True,0.2,700000,3,3,210000,8,2,8,0
0xea86bb6b9b9125bf37ebe22af3ef890f4b011bcb,2,0,0,0,950123,998431,48308,False,,,,,,0,0,0,0
0x620b5f844af18e7a4afac3cd43ea2fa6423fd2fc,2,1,0,1,950123,998831,48708,True,1.0,950123,1,2,0,1,0,1,0
0xe6ca4299ef6d8b21ef1e56193466c82928d6b826,2,0,0,0,950123,999068,48945,False,,,,,,0,0,0,0
0xd2de8f36d6431887ca65a80de3678fbb0d144219,3,0,0,0,930346,999066,68720,False,,,,,,0,0,0,0
0x55fcbefa4d0ccd75c536d063438b369b83e0e48e,3,0,0,0,930346,998834,68488,False,,,,,,0,0,0,0
0xde3178bc4ddb2fec002b2f24cb395debdedda6b7,3,0,0,0,930346,998443,68097,False,,,,,,0,0,0,0
0xe7c86ef6941d4adff34983707152328a1f966a36,3,0,0,0,930346,999417,69071,False,,,,,,0,0,0,0
0xe78c2f1cba3b5bab517c240b89fa0f86516ec110,7,1,1,1,500000,999218,499218,False,0.0,600000,2,4,100000,5,3,5,0
0x78cff0ffd48e9a3bab7acbcc02969ce43f6a22e0,22,18,18,18,100000,998998,898998,True,0.10795454545454546,150000,2,10,50000,27,4,27,1
0xd095a6239442c8e9dd33de1eed41b37e3ff436b4,12,5,2,5,350000,991210,641210,False,0.0,850000,5,5,500000,10,2,10,7
0x120c7793dfeaec2ecc7be24ac4b5d9cde3aec11f,5,0,0,0,830000,998834,168834,False,,,,,,0,0,0,0
0x22fd52c91b61610ec1f7740e2726b1dec08eba41,3,0,0,0,930346,999334,68988,False,,,,,,0,0,0,0
0x55fd7c625da82dcfda64a6519eb2cc15171652a4,5,0,0,0,500000,900000,400000,False,,,,,,0,0,0,1
0xb3c9792cd3fd334ea849be963b64992f28770114,3,1,0,1,930346,999322,68976,False,0.0,950321,2,1,19975,1,0,1,0
0x668578c97c6023cecd520c2a39a98919da532ee8,3,0,0,0,930346,999327,68981,False,,,,,,0,0,0,0
0x5dbaca8327b0baa57eb6c872a333bf8d6f642ba3,30,18,14,18,150000,999999,849999,True,0.05641025641025641,500000,6,12,350000,26,4,26,4
0x32a02c13a4e92831f3f00d149c3d59715352dbcd,2,0,0,0,930346,999334,68988,False,,,,,,0,0,0,0
0xa85bd69ea5492e42bb912a82b4feed6fe10d5e12,25,16,12,16,150000,998506,848506,True,0.176056338028169,320000,3,14,170000,31,4,31,1
0x8961497af9dc8be306ba4c3bbb9d9a85242c9bb2,2,0,0,0,930346,999334,68988,False,,,,,,0,0,0,0
0x77881920b33b1131d7ec6b578d70a948a75c1452,5,1,1,1,100000,999223,899223,False,0.0,930346,3,3,830346,1,1,1,0
0xa1d9d2152e353b5f72a77c3f7beeb8d77c456aef,5,4,0,4,777770,999223,221453,True,0.058823529411764705,951369,3,2,173599,2,0,2,0
0x4b1510c88cffb7ca9dbd70b187f6fc6b8bf392ef,3,1,1,1,930346,998827,68481,True,1.0,930346,1,2,0,1,1,1,0
0x1343d075e4e442702bb88ba309b95e5673e66295,5,1,0,1,750000,998827,248827,False,0.0,848812,2,1,98812,2,0,2,0
0xc1a068c9602d4335266c4d93f69b9d8544a9776a,4,0,0,0,930346,998834,68488,False,,,,,,0,0,0,0
0xc38393186c90f5eef88b765d54c1f9a69e5cbef1,26,16,9,16,333330,990020,656690,True,0.23809523809523808,333330,1,10,0,16,4,16,0
0x2d9977d30eff9847e33bd7f75a268b42fe86d006,11,8,6,8,500000,999337,499337,True,0.32727272727272727,500000,1,6,0,12,4,12,0
0xcbcc0ec3b32430a1f57ee2f5d0cc51721f423687,3,2,0,2,930346,999067,68721,True,0.75,930346,1,2,0,2,0,2,0
0x536225b1dfd299e43478096dcd2031db65e16753,2,2,2,2,900000,920000,20000,True,0.2222222222222222,920000,2,1,20000,5,3,5,0
0xf917eadb7594f2062decce7dfd27e60b8659597a,3,0,0,0,930346,999418,69072,False,,,,,,0,0,0,0
0x1d23e24b7a7448e3b7d927d4e5bbeb5348d9cf84,1,0,0,0,998112,998112,0,False,,,,,,0,0,0,0
0xf9ba053b2c5d94cee9b13fa86df32a3090e2cf66,10,4,4,4,100000,950590,850590,True,0.676737160120846,100000,1,2,0,25,4,24,0
0xad65d2f03c578201e73da3351f835ddf5201e291,7,5,1,5,160000,998112,838112,True,0.927710843373494,160000,1,4,0,15,1,15,0
0x7d59f61fc8db51e24ade84b712b181f3b7736ac3,1,0,0,0,848812,848812,0,False,,,,,,0,0,0,0
0xdf1d106683e6d068c4ffdae51821e26908af25a3,3,2,2,2,100000,250000,150000,False,0.0,210000,2,2,110000,6,2,6,0
0xc8af2cc77bae2274ff7f8949e01e6c58f7a9c00d,11,6,6,6,600000,990001,390001,False,0.0,700000,3,5,100000,8,3,8,0
0x2648d0e48a31b880c7f004e1778a68f9fb5bc92b,20,16,12,16,330000,991020,661020,True,0.10526315789473684,440000,2,15,110000,25,4,25,4
0x6df5ab3c572dda8bb9e3c75f40ab4eed8593d6cc,6,0,0,0,500000,990001,490001,False,,,,,,0,0,0,0
0xa1021d4969c8c4feafd1f8b70d4a70334cd50fbb,13,3,3,3,800000,999999,199999,True,0.8,800000,1,7,0,5,1,5,5
0xedf530ac305923314302a729464e942a0fedc342,17,6,3,5,150000,990001,840001,False,0.0,880000,6,3,730000,8,1,7,3
0xe702a01968800d6249522771fcc3f970f6a25403,14,8,3,8,150000,990000,840000,True,0.23880597014925373,440000,3,4,290000,10,2,10,2
0x3ea44492d0faa31f5a9bf92dbc8a0901b1f80704,2,0,0,0,900000,980000,80000,False,,,,,,0,0,0,0
0x504885a217774414b058f02632981e2230ca6801,5,0,0,0,880000,990001,110001,False,,,,,,0,0,0,0
0x6abaa116feb349a3cc19cee599b585e298c1c36c,13,8,7,8,500000,996900,496900,True,0.15,890000,5,9,390000,7,1,7,0
0xba6959bc76b9df14c7ded0ea5226f4099d657ba3,11,2,0,2,800000,990001,190001,False,0.0,920046,8,2,120046,1,0,1,2
0xaeabd4663ec2daa4c6d832ed1a80a254463645cc,5,4,1,4,800000,990000,190000,True,0.14814814814814814,920000,2,3,120000,6,2,6,0
0x66559f4f00338e7c09353a150a4d70fd11d99352,5,2,0,2,900230,970210,69980,False,0.0,920000,2,2,19770,1,0,1,0
0xdc29db7d4396ed738710a5373a30afc197e7268a,17,10,8,10,250000,999999,749999,True,0.05421686746987952,500000,4,4,250000,21,4,18,2
0x1dc6d553522b2cb5860de5cf590d6b64786f1e3a,3,0,0,0,918990,920046,1056,False,,,,,,0,0,0,0
0x4e305bca45e6e3bc8d508b1308c1bc2730e83bd6,2,0,0,0,919860,919870,10,False,,,,,,0,0,0,0
0xfd453d9bab9f807165cd3464ac6c9700ad9ee5cc,13,8,6,8,100000,991010,891010,True,0.4731182795698925,100000,1,11,0,13,4,12,6
0xbdcca8d7038df3eed88055e0eb6b959ba2d070d4,5,0,0,0,820000,945000,125000,False,,,,,,0,0,0,1
0x8f81d682193b2fa4f4bc14d1fd58675b6780ed44,11,10,2,10,301110,970210,669100,True,0.7259615384615384,301110,1,7,0,14,2,12,0
0xfcb2b328aacf922319e39033b0413679c663ea8e,3,3,0,3,919860,920046,186,True,0.375,919860,1,2,0,3,0,3,0
0x6b8143e237436d71069b8037223f90d7aa3f8cef,11,4,0,4,770000,990001,220001,True,0.2,920046,6,5,150046,4,0,4,4
0xfe28c3351a7f0a10b42247d4f584027e44a018bd,5,3,0,3,876000,990000,114000,False,0.0,920000,2,4,44000,3,0,3,0
0x09568be4edad50842d48e6a0c3e2ac366d87fc1f,2,0,0,0,920046,980220,60174,False,,,,,,0,0,0,0
0x77948655831f48aa17ac85233e6c921f7ef7bb2e,27,7,5,7,100000,996460,896460,True,0.5221674876847291,100000,1,11,0,24,4,24,1
0x485f166a5fcc3a523f683b681d194c8fe2b91b03,11,4,4,4,660600,990001,329401,False,0.0,920000,8,2,259400,10,2,9,0
0xa88d2a6768f790dbcdc4f401b66e0114e62bf42f,7,4,1,4,270000,980120,710120,True,0.7837837837837838,270000,1,5,0,9,2,9,0
0xb2e44120ebd939987e6b9913bb10142062eeb97f,1,0,0,0,880000,880000,0,False,,,,,,0,0,0,0
0x49bac47750f3dcdba49350b5d74fd399e90f97c6,24,11,11,11,200000,999999,799999,False,0.0,900000,14,2,700000,18,4,18,0
0xbebefade28cf429daa5dfffc166ef7683a482b07,1,0,0,0,900000,900000,0,False,,,,,,0,0,0,0
0x9e0426372c2851689dc36bf31de657f607c5a29b,7,5,2,5,500000,989900,489900,True,0.07407407407407407,880000,3,4,380000,8,2,8,0
0x790a68876db582eccbf7e7b2e7d504efb7c4076e,10,2,0,2,690000,999999,309999,False,0.0,870000,6,5,180000,3,0,3,0
0x66051feba3f9b82edf7ff8527582233fae6d9fad,1,0,0,0,750000,750000,0,False,,,,,,0,0,0,0
0x6fde40bb108a142aeee24c6501501a0b90954f9a,1,0,0,0,970790,970790,0,False,,,,,,0,0,0,0
0xc0d70ef8a6d1ae38b1ef252b3149e9a0d98f741d,2,0,0,0,970790,970890,100,False,,,,,,0,0,0,0
0x3c0cef747884e23f8d76aa46ff6bf7f21cdb9fcc,12,11,10,11,339990,990001,650011,True,0.1935483870967742,770000,4,4,430010,13,4,12,2
0xf3fbe8e262d375d0d13392bc244bd2e903583c74,6,3,0,3,700000,999000,299000,True,0.5,700000,1,6,0,1,0,1,1
0xbfa3c7f2e3044751963927283399224d6b464ecc,5,3,3,3,800000,970790,170790,True,0.75,800000,1,4,0,4,2,3,2
0xd8e0d92474ab2708628db8cece4fb278009b0235,5,0,0,0,900690,990000,89310,False,,,,,,0,0,0,0
0x19fabbfd2c84ecd9b8153be05e94a2510b78370d,4,2,2,2,900690,999500,98810,False,0.0,999500,4,1,98810,2,2,2,0
0xc9ce55848dc50fff3f9108e045a305334ef6e456,12,9,9,9,750000,980080,230080,True,0.14285714285714285,900010,8,5,150010,4,2,4,0
0x56fc4a3f575853cc001184f94b564bd3ca61d2b0,5,0,0,0,900230,990002,89772,False,,,,,,0,0,0,0
0xe08d0ffa3f1e4da75b59bbfbb741c487a3d92dca,11,3,1,3,520000,990000,470000,True,0.14285714285714285,920046,8,7,400046,3,1,3,0
0xef2a92256d3f54464bcf2545f2f0b78ffe4921a2,2,0,0,0,880000,900000,20000,False,,,,,,0,0,0,0
0x476a3c28c4b6dc380acfdc9ce05078abf009ca7c,23,16,9,16,100000,999999,899999,True,0.058823529411764705,500000,8,1,400000,16,2,15,3
0x757c3a4263dac550a7bff6e9e123752d8c947d16,20,8,7,8,500000,983690,483690,False,0.0,900010,13,2,400010,8,3,8,2
0x0ceaaab7e3989eada7d73103e1d62eaaf7e8c3aa,5,0,0,0,900000,990001,90001,False,,,,,,0,0,0,0
0x51d47ca886dcd6946286cc3d7cf087064e57aa9c,6,0,0,0,898900,970390,71490,False,,,,,,0,0,0,0
0xba8660b7005e511a968836c42cca99c0b6667038,15,3,3,3,350000,983690,633690,True,0.5833333333333334,350000,1,7,0,9,2,9,1
0x651c3236a29da2e636d82df5cd873a78d920c3fc,5,2,0,2,870000,970390,100390,True,0.25,900010,4,2,30010,3,0,3,0
0xd661295abd8e76d2ba0219148c2a321a1c4b03cc,5,1,0,1,850000,970690,120690,False,0.0,900010,4,4,50010,1,0,1,1
0x5ce51c44701ffa97413fad2da572394d6b4de922,11,4,2,4,220000,990990,770990,True,0.8235294117647058,220000,1,9,0,8,1,8,0
0x6bf44fd9c00dc9299230b327cfdcafd9761ea6a0,9,8,8,8,500000,970690,470690,True,0.08333333333333333,770000,3,6,270000,12,3,12,0
0xb0e5d09f7e63f946f110b7a28390a4c19cecb242,6,2,0,2,850000,983690,133690,False,0.0,900010,4,2,50010,3,0,3,0
0x1faa5a8bb357d9210cd1d55e5737ec325bd8101f,7,3,2,3,180000,983690,803690,True,0.8484848484848485,180000,1,6,0,9,3,8,0
0x64f0f77f40174d5643c80497cfee766618267a9f,7,3,1,3,850050,990090,140040,False,0.0,900010,4,2,49960,3,1,3,0
0x1646832ea52a0a90151affd57592d2c8cb4bc8fa,5,0,0,0,850050,990001,139951,False,,,,,,0,0,0,0
0xba454501b14dec0179d49ac11a8ef211327e0303,10,6,4,6,100000,983690,883690,True,0.8390804597701149,100000,1,7,0,22,3,20,2
0x4b97c421a5c09b850ee92517773e4c2e9f22f883,5,1,0,1,870450,980830,110380,False,0.0,870640,2,4,190,1,0,1,0
0x82e93135c0f1c0d2a8986b567508613614cecce9,4,0,0,0,880000,990090,110090,False,,,,,,0,0,0,0
0x1fe758e79ee135410b0e551823a02067e753b8d6,14,11,10,11,440000,999999,559999,True,0.39436619718309857,440000,1,5,0,12,4,12,7
0x3419a3617669ad7e6b95ec8ec909f75fd5540331,10,10,8,10,440000,990000,550000,True,0.1095890410958904,870000,5,1,430000,13,4,13,0
0x6a625088dfcbb46e0a7d186b52bd7cc54ef44200,19,14,9,14,330000,990010,660010,True,0.25842696629213485,330000,1,14,0,16,4,16,2
0xe8013e0f4639e927d51737f096da5c4159e498e0,5,2,0,2,891000,950650,59650,False,0.0,930450,4,1,39450,3,0,2,0
0xddec0170ceb4426ea05f2fbd485dffa4fafa6615,29,20,20,20,100000,991010,891010,True,0.4919786096256685,100000,1,6,0,39,4,30,5
0x15ec81a384b6611261d7bf2c3be3d0b99e24ccb7,11,7,6,7,400000,950590,550590,False,0.0,950590,11,1,550590,11,3,11,4
0xa65d0267c8637fcc46ff91e48de766721c750fe3,5,5,4,5,440000,990000,550000,True,0.47619047619047616,440000,1,5,0,5,2,5,5
0x23192efc86d38f8b9de39af603b73521ec346bcc,9,2,2,2,771000,990000,219000,False,0.0,880000,3,1,109000,4,1,4,3
