fire_in,variant,ok,error,origin_usdg_expected,dest_out,dest_symbol,swap_impact_pct,total_impact_pct,rate,order_id,solver,relayer_fee_usdg,deposit_to,calldata_len
100,default,True,,0.073857,0.029206,USDC,-34.85,-62.22,0.00029206,0x2040f9db5d652f77325aadb9c05665fcc1d37e0556a6ca2556a82f3f617ee862,0xf70da97812cb96acdf810712aa562db8dfa3dbef,0.021166,0xccc88a9d1b4ed6b0eaba998850414b24f1c315be,7370
100,only:weth,False,no routes found,,,,,,,,,,,
100,not:weth,True,,0.073857,0.029207,USDC,-34.85,-62.22,0.00029207,0x0be1f3fee7574fd5ba0a8f0c31677e2d370ac5fd7435718a3ef408ca881f9da7,0xf70da97812cb96acdf810712aa562db8dfa3dbef,0.021165,0xccc88a9d1b4ed6b0eaba998850414b24f1c315be,7370
100,only:0x,True,,0.073857,0.029207,USDC,-34.85,-62.22,0.00029207,0x51a48b29a98d95b4feba783e4c54bfe192ce752efbe1ada0f8f50923ab817c36,0xf70da97812cb96acdf810712aa562db8dfa3dbef,0.021165,0xccc88a9d1b4ed6b0eaba998850414b24f1c315be,7370
100,not:0x,True,,0.073857,0.029207,USDC,-34.85,-62.22,0.00029207,0x046d9911258d843ddca287d49aa728a19ac2e5332a54acdabba2c7df6e64fb99,0xf70da97812cb96acdf810712aa562db8dfa3dbef,0.021165,0xccc88a9d1b4ed6b0eaba998850414b24f1c315be,7370
100,only:magpie,False,Swap output amount is too small to cover fees required to execute swap,,,,,,,,,,,
100,not:magpie,True,,0.07381,0.029163,USDC,-34.90,-62.28,0.00029163,0xfa384ab938b4894352f3e166e6f071ce9051cc2ab97aea4da999b7f1a82a98f1,0xf70da97812cb96acdf810712aa562db8dfa3dbef,0.021165,0xccc88a9d1b4ed6b0eaba998850414b24f1c315be,7370
100,only:kyberswap,True,,0.071488,0.02684,USDC,-37.91,-65.28,0.0002684,0x20c3b182e12b7b84af5927a7eaf0fa14cfec4ddf2426d8f3cae478847962ee4f,0xf70da97812cb96acdf810712aa562db8dfa3dbef,0.021165,0xccc88a9d1b4ed6b0eaba998850414b24f1c315be,11594
100,not:kyberswap,True,,0.07381,0.029163,USDC,-34.90,-62.28,0.00029163,0x0b8182b2257c5ec2b181e94cdb4c4d1d79858b9ddd3ad4cebae05bedc65f6eaf,0xf70da97812cb96acdf810712aa562db8dfa3dbef,0.021165,0xccc88a9d1b4ed6b0eaba998850414b24f1c315be,7370
100,only:pancakeswap,False,no routes found,,,,,,,,,,,
100,not:pancakeswap,True,,0.073811,0.029163,USDC,-34.90,-62.28,0.00029163,0x249371186f3f79c88cc43b062151de3cd613a8af850f7200a79275bbf5bff671,0xf70da97812cb96acdf810712aa562db8dfa3dbef,0.021165,0xccc88a9d1b4ed6b0eaba998850414b24f1c315be,7370
250,default,True,,0.184527,0.139613,USDC,-16.71,-27.76,0.000558452,0x8979d5caa20b53cffb5456ad0920e44cd10215494b86ca1ba1d89cbae9639e3a,0xf70da97812cb96acdf810712aa562db8dfa3dbef,0.02136,0xccc88a9d1b4ed6b0eaba998850414b24f1c315be,7370
250,only:weth,False,no routes found,,,,,,,,,,,
250,not:weth,True,,0.184527,0.139607,USDC,-16.72,-27.77,0.000558428,0x79370f7829275312fce8090941c0b7bc91cf9471ba1ce2e4c798a3479241bfe1,0xf70da97812cb96acdf810712aa562db8dfa3dbef,0.02136,0xccc88a9d1b4ed6b0eaba998850414b24f1c315be,7370
250,only:0x,True,,0.184527,0.139607,USDC,-16.72,-27.77,0.000558428,0x925858c7189b9aa7ed6a2b72411451c305dc72d4d02acedebb90c22050229b62,0xf70da97812cb96acdf810712aa562db8dfa3dbef,0.02136,0xccc88a9d1b4ed6b0eaba998850414b24f1c315be,7370
250,not:0x,True,,0.184528,0.139608,USDC,-16.71,-27.77,0.0005584320000000001,0x3aa1a71342da14147a0f06ac96633d3cb0167f54e82b58ad0a3217f57642fb4d,0xf70da97812cb96acdf810712aa562db8dfa3dbef,0.02136,0xccc88a9d1b4ed6b0eaba998850414b24f1c315be,7370
250,only:magpie,True,,0.110555,0.065733,USDC,-54.95,-65.99,0.000262932,0xedca91ac963fee135c41e8d3fd1a6620efe687191079ac27462badffed98f9c0,0xf70da97812cb96acdf810712aa562db8dfa3dbef,0.021346,0xccc88a9d1b4ed6b0eaba998850414b24f1c315be,4874
250,not:magpie,True,,0.184528,0.139607,USDC,-16.72,-27.77,0.000558428,0x4b581c340bb07ad17a055323b974d24c6583af11e21da277d533725c46965be6,0xf70da97812cb96acdf810712aa562db8dfa3dbef,0.02136,0xccc88a9d1b4ed6b0eaba998850414b24f1c315be,7370
250,only:kyberswap,True,,0.17872,0.133813,USDC,-19.71,-30.76,0.000535252,0x9d3f8c36110a21a03c95b5a306650745cbaa1e4273778e1facecb7ceb6cdc9dd,0xf70da97812cb96acdf810712aa562db8dfa3dbef,0.021359,0xccc88a9d1b4ed6b0eaba998850414b24f1c315be,11594
250,not:kyberswap,True,,0.18453,0.139627,USDC,-16.70,-27.76,0.000558508,0xac7ad3f85e4dfb15818bf27e89bbab5c5d22e6c7754da9686a41bee0ed64be8c,0xf70da97812cb96acdf810712aa562db8dfa3dbef,0.02136,0xccc88a9d1b4ed6b0eaba998850414b24f1c315be,7370
250,only:pancakeswap,False,no routes found,,,,,,,,,,,
250,not:pancakeswap,True,,0.18453,0.139626,USDC,-16.71,-27.76,0.000558504,0xc745d6301645b8b8f63cf4baed30358e5cd4acbc242a5c365a7562f989347106,0xf70da97812cb96acdf810712aa562db8dfa3dbef,0.02136,0xccc88a9d1b4ed6b0eaba998850414b24f1c315be,7370
500,default,True,,0.369057,0.32371,USDC,-10.65,-16.26,0.00064742,0x7e4b41d66df2350cc5f9c3079b675ff14da1fc7806e5f1044db615a2c9e68b3e,0xf70da97812cb96acdf810712aa562db8dfa3dbef,0.021686,0xccc88a9d1b4ed6b0eaba998850414b24f1c315be,7370
500,only:weth,False,no routes found,,,,,,,,,,,
500,not:weth,True,,0.369057,0.32371,USDC,-10.65,-16.26,0.00064742,0xbb2f465771e7602924c344e36dab24072a6274e2c0e1fbc6be2f30561492cdf2,0xf70da97812cb96acdf810712aa562db8dfa3dbef,0.021686,0xccc88a9d1b4ed6b0eaba998850414b24f1c315be,7370
500,only:0x,True,,0.369057,0.32371,USDC,-10.65,-16.26,0.00064742,0xe41c69a9259a527d51627d3efd46e77842c7eaab2c9b78b8e08adf82616f6cd0,0xf70da97812cb96acdf810712aa562db8dfa3dbef,0.021686,0xccc88a9d1b4ed6b0eaba998850414b24f1c315be,7370
500,not:0x,True,,0.369058,0.323711,USDC,-10.65,-16.25,0.000647422,0x049a3de135ea403dc66f0b03c21a55bc559817391bbab6a9bed3de4bb93e1965,0xf70da97812cb96acdf810712aa562db8dfa3dbef,0.021686,0xccc88a9d1b4ed6b0eaba998850414b24f1c315be,7370
500,only:magpie,True,,0.221029,0.175854,USDC,-48.90,-54.51,0.000351708,0x3bfcf0c2278143e03e5a7555636f939756175e5ba6532745e0d8e728a511ab92,0xf70da97812cb96acdf810712aa562db8dfa3dbef,0.021657,0xccc88a9d1b4ed6b0eaba998850414b24f1c315be,4874
500,not:magpie,True,,0.369058,0.323711,USDC,-10.65,-16.25,0.000647422,0x50966bb6f438b00808ddce702886c82b2bed6df0cd85267c06ee0695956fd196,0xf70da97812cb96acdf810712aa562db8dfa3dbef,0.021686,0xccc88a9d1b4ed6b0eaba998850414b24f1c315be,7370
500,only:kyberswap,True,,0.357436,0.3121,USDC,-13.65,-19.26,0.0006242,0x9590664c6bffa9fd19be727a59e0d63d8732a59f7190236274678ef4a1c2b50d,0xf70da97812cb96acdf810712aa562db8dfa3dbef,0.021683,0xccc88a9d1b4ed6b0eaba998850414b24f1c315be,11594
500,not:kyberswap,True,,0.369059,0.32371,USDC,-10.65,-16.26,0.00064742,0xe29c5662ce5c57502441a68b666b525c8d3af5eafdece7909672301afdaa260d,0xf70da97812cb96acdf810712aa562db8dfa3dbef,0.021686,0xccc88a9d1b4ed6b0eaba998850414b24f1c315be,7370
500,only:pancakeswap,False,no routes found,,,,,,,,,,,
500,not:pancakeswap,True,,0.369059,0.32371,USDC,-10.65,-16.26,0.00064742,0x8627a343c2944e78c6e3146cc70652b97f705f4c85b6c1cdc6b07202fc814138,0xf70da97812cb96acdf810712aa562db8dfa3dbef,0.021686,0xccc88a9d1b4ed6b0eaba998850414b24f1c315be,7370
1000,default,True,,0.738091,0.69186,USDC,-7.62,-10.51,0.00069186,0xdfd9c2fee0dea92bcef2350a84097d38f4b3dab2df2c98302cc7b8a45e29b810,0xf70da97812cb96acdf810712aa562db8dfa3dbef,0.022336,0xccc88a9d1b4ed6b0eaba998850414b24f1c315be,7370
1000,only:weth,False,no routes found,,,,,,,,,,,
1000,not:weth,True,,0.738091,0.69186,USDC,-7.62,-10.51,0.00069186,0x31dee475117b47403378dca919b114ecf525f3358005d355ade618a4ea179b8b,0xf70da97812cb96acdf810712aa562db8dfa3dbef,0.022336,0xccc88a9d1b4ed6b0eaba998850414b24f1c315be,7370
1000,only:0x,True,,0.738091,0.69186,USDC,-7.62,-10.51,0.00069186,0x6955f7b2abe63e79061f6583053a8aa536e3c989b79b533a21f57df71516b50e,0xf70da97812cb96acdf810712aa562db8dfa3dbef,0.022336,0xccc88a9d1b4ed6b0eaba998850414b24f1c315be,7370
1000,not:0x,True,,0.738095,0.69186,USDC,-7.62,-10.51,0.00069186,0x9a75724cce0684954195eb4552bcb1deb3563c7f00ec1123d1a70afe16c52369,0xf70da97812cb96acdf810712aa562db8dfa3dbef,0.022336,0xccc88a9d1b4ed6b0eaba998850414b24f1c315be,7370
1000,only:magpie,True,,0.441729,0.395851,USDC,-45.91,-48.80,0.000395851,0x3ee943eb9207a7dfc401c53916c8fe4c0cbee0a46c8674ee0451642853b68f4e,0xf70da97812cb96acdf810712aa562db8dfa3dbef,0.02228,0xccc88a9d1b4ed6b0eaba998850414b24f1c315be,4874
1000,not:magpie,True,,0.738095,0.691884,USDC,-7.61,-10.50,0.000691884,0xfd963f7d2bf636c31d12b8ccda7a4f23c2cd630dec5098c87431a59c3bea4e2b,0xf70da97812cb96acdf810712aa562db8dfa3dbef,0.022336,0xccc88a9d1b4ed6b0eaba998850414b24f1c315be,7370
1000,only:kyberswap,True,,0.71486,0.668661,USDC,-10.27,-13.17,0.000668661,0xea32bf38b3c113c92bde84a099725addbd64f14f82f3b386ad1d4af521261652,0xf70da97812cb96acdf810712aa562db8dfa3dbef,0.022328,0xccc88a9d1b4ed6b0eaba998850414b24f1c315be,11594
1000,not:kyberswap,True,,0.73812,0.691884,USDC,-7.26,-10.16,0.000691884,0xc10e722bacd190cb07f5a7053cc409612a7c20d12800f9dcd177488fe36459eb,0xf70da97812cb96acdf810712aa562db8dfa3dbef,0.022332,0xccc88a9d1b4ed6b0eaba998850414b24f1c315be,7370
1000,only:pancakeswap,False,no routes found,,,,,,,,,,,
1000,not:pancakeswap,True,,0.73812,0.69186,USDC,-7.26,-10.16,0.00069186,0x33d6b58b9e731d4ea64091430efbd619283a055acce11396bce2854bfee57fbc,0xf70da97812cb96acdf810712aa562db8dfa3dbef,0.022332,0xccc88a9d1b4ed6b0eaba998850414b24f1c315be,7370
2500,default,True,,1.845217,1.796239,USDC,-5.44,-6.70,0.0007184956,0xc27bb4fc0eab02cfad78498c6fed3be513faa5a94bc0eafa490f1850107d0382,0xf70da97812cb96acdf810712aa562db8dfa3dbef,0.024279,0xccc88a9d1b4ed6b0eaba998850414b24f1c315be,7370
2500,only:weth,False,no routes found,,,,,,,,,,,
2500,not:weth,True,,1.845217,1.796239,USDC,-5.44,-6.70,0.0007184956,0xe7172116b5b2c4a07ba06a8356804b183a20e876e93f1d2dc3186fce76a8a008,0xf70da97812cb96acdf810712aa562db8dfa3dbef,0.024279,0xccc88a9d1b4ed6b0eaba998850414b24f1c315be,7370
2500,only:0x,True,,1.845217,1.796239,USDC,-5.44,-6.70,0.0007184956,0x6871f93f4e16ad2fab0b49ae7ec234e10a6c93de50c4a02668ae90c8c7d6311d,0xf70da97812cb96acdf810712aa562db8dfa3dbef,0.024279,0xccc88a9d1b4ed6b0eaba998850414b24f1c315be,7370
2500,not:0x,True,,1.845217,1.796239,USDC,-5.44,-6.70,0.0007184956,0xd01087fa361860c61bb9947b364fafa146cf92030bf7b72162451a355ed988d9,0xf70da97812cb96acdf810712aa562db8dfa3dbef,0.024279,0xccc88a9d1b4ed6b0eaba998850414b24f1c315be,7370
2500,only:magpie,True,,1.101858,1.053864,USDC,-44.01,-45.26,0.0004215456,0x34bc094c56176ddddbb8590c205da2c637c73b7cb7c9d528b1d70844e71af5b4,0xf70da97812cb96acdf810712aa562db8dfa3dbef,0.024136,0xccc88a9d1b4ed6b0eaba998850414b24f1c315be,4874
2500,not:magpie,True,,1.84523,1.796239,USDC,-5.44,-6.70,0.0007184956,0x3b41d77311f41d8afe11d62abde7dd5421033974bedda4688c8d3832efd48354,0xf70da97812cb96acdf810712aa562db8dfa3dbef,0.024279,0xccc88a9d1b4ed6b0eaba998850414b24f1c315be,7370
2500,only:kyberswap,True,,1.787062,1.73822,USDC,-8.45,-9.71,0.0006952880000000001,0xd638f005b94bb13a1485206ae7fcfe552977743e9f2ffab5b2eae4f2830abda8,0xf70da97812cb96acdf810712aa562db8dfa3dbef,0.024268,0xccc88a9d1b4ed6b0eaba998850414b24f1c315be,11594
2500,not:kyberswap,True,,1.84523,1.796236,USDC,-5.44,-6.70,0.0007184944,0xd5b0bd618fc09b65745d16684081be23801c04fa76a10f84057efe0320da481b,0xf70da97812cb96acdf810712aa562db8dfa3dbef,0.024279,0xccc88a9d1b4ed6b0eaba998850414b24f1c315be,7370
2500,only:pancakeswap,False,no routes found,,,,,,,,,,,
2500,not:pancakeswap,True,,1.84523,1.796236,USDC,-5.44,-6.70,0.0007184944,0x9f285863eefd9e1747d7a2ea3fedc7a271bbb766026ea95f7aacd117705771e9,0xf70da97812cb96acdf810712aa562db8dfa3dbef,0.024279,0xccc88a9d1b4ed6b0eaba998850414b24f1c315be,7370
5000,default,True,,3.689984,3.636655,USDC,-4.84,-5.55,0.000727331,0xda1f0247cff48e7b8d9100b72704b37fe95f8cb13ce92a7bfcee5c7211b2a0bc,0xf70da97812cb96acdf810712aa562db8dfa3dbef,0.027532,0xccc88a9d1b4ed6b0eaba998850414b24f1c315be,7370
5000,only:weth,False,no routes found,,,,,,,,,,,
5000,not:weth,True,,3.689984,3.636655,USDC,-4.84,-5.55,0.000727331,0x8f1cb5b0d89fb8adbf9d2b51a8d2fdc84ab278ee7150acd29b2c4158a7913d2a,0xf70da97812cb96acdf810712aa562db8dfa3dbef,0.027529,0xccc88a9d1b4ed6b0eaba998850414b24f1c315be,7370
5000,only:0x,True,,3.689984,3.636658,USDC,-4.84,-5.55,0.0007273316,0xce787046767161a001256280c9b8826450560a16de64bf59e9a9fc067cbbbc5c,0xf70da97812cb96acdf810712aa562db8dfa3dbef,0.027529,0xccc88a9d1b4ed6b0eaba998850414b24f1c315be,7370
5000,not:0x,True,,3.689914,3.636281,USDC,-4.85,-5.56,0.0007272562,0x814a013fad473ce6de04cc346b40c8c1fc0435839e6bcc34b486b1ba71e1e7e8,0xf70da97812cb96acdf810712aa562db8dfa3dbef,0.027529,0xccc88a9d1b4ed6b0eaba998850414b24f1c315be,7370
5000,only:magpie,True,,2.195552,2.143794,USDC,-43.62,-44.32,0.00042875880000000006,0xae4b60e5dea74ba0b52e54b334232027ecb4566b316f92ce6e969f7725fe4f37,0xf70da97812cb96acdf810712aa562db8dfa3dbef,0.027238,0xccc88a9d1b4ed6b0eaba998850414b24f1c315be,4874
5000,not:magpie,True,,3.689914,3.636281,USDC,-4.85,-5.56,0.0007272562,0xc532d95404f3c602252c94c6157322ac3504101caeb1c80b8f270e7d3a6d6600,0xf70da97812cb96acdf810712aa562db8dfa3dbef,0.027529,0xccc88a9d1b4ed6b0eaba998850414b24f1c315be,7370
5000,only:kyberswap,True,,3.573843,3.520459,USDC,-7.86,-8.57,0.0007040918,0x722b4dbc959af0eeb277b53d87ce792e895821dc86dfcb9c4aea7da47e5b1136,0xf70da97812cb96acdf810712aa562db8dfa3dbef,0.027507,0xccc88a9d1b4ed6b0eaba998850414b24f1c315be,11594
5000,not:kyberswap,True,,3.690111,3.636483,USDC,-4.84,-5.56,0.0007272966,0xf3a23cb3993abb1c958e44e6e052d193511a89866a49067404460e9a9386c60a,0xf70da97812cb96acdf810712aa562db8dfa3dbef,0.027529,0xccc88a9d1b4ed6b0eaba998850414b24f1c315be,7370
5000,only:pancakeswap,False,no routes found,,,,,,,,,,,
5000,not:pancakeswap,True,,3.690111,3.636486,USDC,-4.84,-5.56,0.0007272972,0x4a1e398f1b1d459791d10eec449b3e17297157259ea9f32c2aa87986a1732e2f,0xf70da97812cb96acdf810712aa562db8dfa3dbef,0.027529,0xccc88a9d1b4ed6b0eaba998850414b24f1c315be,7370
10000,default,True,,7.378886,7.315436,USDC,-4.56,-5.01,0.0007315436,0xa34de8c381cabca655ebc572eac5eb6d9ace28f6c3cf748547e48141162f1417,0xf70da97812cb96acdf810712aa562db8dfa3dbef,0.03403,0xccc88a9d1b4ed6b0eaba998850414b24f1c315be,7370
10000,only:weth,False,no routes found,,,,,,,,,,,
10000,not:weth,True,,7.378886,7.315426,USDC,-4.56,-5.01,0.0007315426,0x6781ac68c9877e25a3eb4575706ca7de47b308044f00f473d94911f774636424,0xf70da97812cb96acdf810712aa562db8dfa3dbef,0.03403,0xccc88a9d1b4ed6b0eaba998850414b24f1c315be,7370
10000,only:0x,True,,7.378886,7.315426,USDC,-4.56,-5.01,0.0007315426,0x70c256b41754328705ff3528a9320344f63b6ccb9f592b072163d85c7e981ef8,0xf70da97812cb96acdf810712aa562db8dfa3dbef,0.03403,0xccc88a9d1b4ed6b0eaba998850414b24f1c315be,7370
10000,not:0x,True,,7.378886,7.315426,USDC,-4.56,-5.01,0.0007315426,0xfa4940347eb955256f442f65942ab3bdb9f0cb11f21b00336d794a0b00db488d,0xf70da97812cb96acdf810712aa562db8dfa3dbef,0.03403,0xccc88a9d1b4ed6b0eaba998850414b24f1c315be,7370
10000,only:magpie,True,,4.358803,4.298764,USDC,-43.74,-44.18,0.0004298764,0x1509753cba7ffcd3752c760f655b3879c59359fd5b1c1e02eab80a3916bb65c8,0xf70da97812cb96acdf810712aa562db8dfa3dbef,0.033439,0xccc88a9d1b4ed6b0eaba998850414b24f1c315be,4874
10000,not:magpie,True,,7.37894,7.315433,USDC,-4.56,-5.01,0.0007315433,0x369f5cff68e3400386ece38dfe936c7b4a48b74900348ab23588650ac8960557,0xf70da97812cb96acdf810712aa562db8dfa3dbef,0.03403,0xccc88a9d1b4ed6b0eaba998850414b24f1c315be,7370
10000,only:kyberswap,True,,7.148634,7.085306,USDC,-7.55,-7.99,0.0007085306000000001,0xd0cdd316b5dfb3f2ef03628be5e351d8bb43f85b8a0a9a67c54a636f3d8e5963,0xf70da97812cb96acdf810712aa562db8dfa3dbef,0.033985,0xccc88a9d1b4ed6b0eaba998850414b24f1c315be,10250
10000,not:kyberswap,True,,7.37894,7.315433,USDC,-4.56,-5.01,0.0007315433,0x68f548dbce4ff4c58e7a940e48175db59f7baf0504b131abfea6f530c795ce27,0xf70da97812cb96acdf810712aa562db8dfa3dbef,0.03403,0xccc88a9d1b4ed6b0eaba998850414b24f1c315be,7370
10000,only:pancakeswap,False,no routes found,,,,,,,,,,,
10000,not:pancakeswap,True,,7.379018,7.315433,USDC,-4.56,-5.01,0.0007315433,0x44a906f96f1e7e189484a5da93fb9874c2d5dafe2e4f903095597ec80ade18ef,0xf70da97812cb96acdf810712aa562db8dfa3dbef,0.03403,0xccc88a9d1b4ed6b0eaba998850414b24f1c315be,7370
20000,default,True,,14.757004,14.673463,USDC,-4.42,-4.73,0.00073367315,0x53182cafc7c15079d995df6739d9beff1c79b1498c6dac87deb335b75e9ab48e,0xf70da97812cb96acdf810712aa562db8dfa3dbef,0.047026,0xccc88a9d1b4ed6b0eaba998850414b24f1c315be,8394
20000,only:weth,False,no routes found,,,,,,,,,,,
20000,not:weth,True,,14.757004,14.673449,USDC,-4.42,-4.73,0.00073367245,0xb7db2aa21d627c9131d623211526e4b446d11c50d6c84ea88e881a7b83737b12,0xf70da97812cb96acdf810712aa562db8dfa3dbef,0.047026,0xccc88a9d1b4ed6b0eaba998850414b24f1c315be,8394
20000,only:0x,True,,14.757004,14.673449,USDC,-4.42,-4.73,0.00073367245,0x89fbbaa5c03f421fc70edca4558dc0a0f516c787ecb3f99ab928ea73473cd47a,0xf70da97812cb96acdf810712aa562db8dfa3dbef,0.047026,0xccc88a9d1b4ed6b0eaba998850414b24f1c315be,8394
20000,not:0x,True,,14.756986,14.673463,USDC,-4.42,-4.73,0.00073367315,0x5107e7a4da3bcacaaf6579ba038410db2d5d8d6e6fea3484727de124a66a0759,0xf70da97812cb96acdf810712aa562db8dfa3dbef,0.047026,0xccc88a9d1b4ed6b0eaba998850414b24f1c315be,8394
20000,only:magpie,False,Swap impact is too high: -44.72%,,,,,,,,,,,
20000,not:magpie,True,,14.756986,14.673463,USDC,-4.42,-4.73,0.00073367315,0xa94fd66ace2b19368558071931050c28476e02a21a9fedf51dadb1facf57d80c,0xf70da97812cb96acdf810712aa562db8dfa3dbef,0.047026,0xccc88a9d1b4ed6b0eaba998850414b24f1c315be,8394
20000,only:kyberswap,True,,14.292887,14.209372,USDC,-7.44,-7.74,0.0007104686,0x2a56bdbdc4caafad5beba73e2f00cc08e03ed732f786f36e7f132664bd3b7a07,0xf70da97812cb96acdf810712aa562db8dfa3dbef,0.046935,0xccc88a9d1b4ed6b0eaba998850414b24f1c315be,10890
20000,not:kyberswap,True,,14.756997,14.673463,USDC,-4.42,-4.73,0.00073367315,0x05b7efba0b14503416e2d6b1e1e45649a4df65507e106c0481f3860ddc2fdf88,0xf70da97812cb96acdf810712aa562db8dfa3dbef,0.047026,0xccc88a9d1b4ed6b0eaba998850414b24f1c315be,8394
20000,only:pancakeswap,False,no routes found,,,,,,,,,,,
20000,not:pancakeswap,True,,14.756997,14.673449,USDC,-4.42,-4.73,0.00073367245,0xe26db0fc50bd5c9cc7a9206e28c92c0c4e7af651eaed23680ce68ea3e356ee0d,0xf70da97812cb96acdf810712aa562db8dfa3dbef,0.047026,0xccc88a9d1b4ed6b0eaba998850414b24f1c315be,8394
40000,default,True,,29.494781,29.371008,USDC,-4.41,-4.65,0.0007342752,0x5cce64176b5fc7d7709370c261a8e1f2e35d1f719d9f1b23efa40bcc0bc49a86,0xf70da97812cb96acdf810712aa562db8dfa3dbef,0.073014,0xccc88a9d1b4ed6b0eaba998850414b24f1c315be,8394
40000,only:weth,False,no routes found,,,,,,,,,,,
40000,not:weth,True,,29.494781,29.371008,USDC,-4.41,-4.65,0.0007342752,0xd50ec3c543fb0c506f5a6f434653aa81d77f92b00261cede0e50aca54bd36dcc,0xf70da97812cb96acdf810712aa562db8dfa3dbef,0.073014,0xccc88a9d1b4ed6b0eaba998850414b24f1c315be,8394
40000,only:0x,True,,29.494781,29.371008,USDC,-4.41,-4.65,0.0007342752,0x96e9c0627d3eaf219b05ab2b1ebbda91609d25aaf1fce2824254b832cf889fb0,0xf70da97812cb96acdf810712aa562db8dfa3dbef,0.073014,0xccc88a9d1b4ed6b0eaba998850414b24f1c315be,8394
40000,not:0x,True,,29.494737,29.371038,USDC,-4.41,-4.65,0.0007342759499999999,0x916db07fea5b36122449f36d6bc23edfe6a44e904b0382258423c99b3fce874a,0xf70da97812cb96acdf810712aa562db8dfa3dbef,0.073014,0xccc88a9d1b4ed6b0eaba998850414b24f1c315be,8394
40000,only:magpie,False,Swap impact is too high: -46.15%,,,,,,,,,,,
40000,not:magpie,True,,29.494771,29.371037,USDC,-4.41,-4.65,0.000734275925,0x35dd7454d4bb9ab5bc2e3e3f077d3b0695c2c4f1d386cd505465d535cf544261,0xf70da97812cb96acdf810712aa562db8dfa3dbef,0.073014,0xccc88a9d1b4ed6b0eaba998850414b24f1c315be,8394
40000,only:kyberswap,True,,28.567418,28.443468,USDC,-7.55,-7.78,0.0007110867,0xfcedb11945078e397923d0ad0c6f3a0df65426bda967eb983b3b2b09060688ec,0xf70da97812cb96acdf810712aa562db8dfa3dbef,0.072892,0xccc88a9d1b4ed6b0eaba998850414b24f1c315be,10890
40000,not:kyberswap,True,,29.494771,29.370947,USDC,-4.54,-4.78,0.000734273675,0x6d4e2ed8c3557b9bcaf3c6c3a23f3b42ff555ab41b6c26d319cf69b31b155a64,0xf70da97812cb96acdf810712aa562db8dfa3dbef,0.073074,0xccc88a9d1b4ed6b0eaba998850414b24f1c315be,8394
40000,only:pancakeswap,False,no routes found,,,,,,,,,,,
40000,not:pancakeswap,True,,29.495279,29.370974,USDC,-4.54,-4.78,0.00073427435,0x7cd2d2d27c2e5f8cb67b76577510a43e368286233de9fd3d95455ec640fbe682,0xf70da97812cb96acdf810712aa562db8dfa3dbef,0.073074,0xccc88a9d1b4ed6b0eaba998850414b24f1c315be,8394
60000,default,True,,44.214133,44.048542,USDC,-4.58,-4.79,0.0007341423666666667,0x07dbbc3ea2b178c88b86c732089d23c5aed962633493ee4469d7ef99a9c7648e,0xf70da97812cb96acdf810712aa562db8dfa3dbef,0.099088,0xccc88a9d1b4ed6b0eaba998850414b24f1c315be,8394
60000,only:weth,False,no routes found,,,,,,,,,,,
60000,not:weth,True,,44.214133,44.048542,USDC,-4.58,-4.79,0.0007341423666666667,0xc70016141c948e5da3a92ce2dacc3d487b985d963b075041536960d13ceb577b,0xf70da97812cb96acdf810712aa562db8dfa3dbef,0.099088,0xccc88a9d1b4ed6b0eaba998850414b24f1c315be,8394
60000,only:0x,True,,44.214133,44.048542,USDC,-4.58,-4.79,0.0007341423666666667,0x7790cb929ded82eb7fe12ab47e758436ab65be37409a5960b62f4a2e943acdc5,0xf70da97812cb96acdf810712aa562db8dfa3dbef,0.099088,0xccc88a9d1b4ed6b0eaba998850414b24f1c315be,8394
60000,not:0x,True,,44.214079,44.048498,USDC,-4.58,-4.79,0.0007341416333333334,0x49edc97154a19015d138589d765f2c4e1ce565fee58732d3ed83d2cd03b59886,0xf70da97812cb96acdf810712aa562db8dfa3dbef,0.099088,0xccc88a9d1b4ed6b0eaba998850414b24f1c315be,8394
60000,only:magpie,False,Swap impact is too high: -47.65%,,,,,,,,,,,
60000,not:magpie,True,,44.214079,44.048763,USDC,-4.58,-4.79,0.00073414605,0x15a8f1f230465c3efae548a6bf49ff70f5029536c1208edcadc8dad8cdca203b,0xf70da97812cb96acdf810712aa562db8dfa3dbef,0.099088,0xccc88a9d1b4ed6b0eaba998850414b24f1c315be,8394
60000,only:kyberswap,True,,42.8228,42.65847,USDC,-7.58,-7.80,0.0007109745,0x36d24ffa2a1a378f304468888b1628bc6381edd9ce4923caf3d7c44faac10d61,0xf70da97812cb96acdf810712aa562db8dfa3dbef,0.098815,0xccc88a9d1b4ed6b0eaba998850414b24f1c315be,10890
60000,not:kyberswap,True,,44.214121,44.048498,USDC,-4.58,-4.79,0.0007341416333333334,0x16965a08375b677f31d4aa0cd365f28330ca99516b8469fb90e26836088359db,0xf70da97812cb96acdf810712aa562db8dfa3dbef,0.099088,0xccc88a9d1b4ed6b0eaba998850414b24f1c315be,8394
60000,only:pancakeswap,False,no routes found,,,,,,,,,,,
60000,not:pancakeswap,True,,44.214121,44.048498,USDC,-4.58,-4.79,0.0007341416333333334,0xc6c7a7862872c9e420a9c26cc04ba2bac31c9ad06a5f934710912856c7bcadec,0xf70da97812cb96acdf810712aa562db8dfa3dbef,0.099088,0xccc88a9d1b4ed6b0eaba998850414b24f1c315be,8394
80000,default,True,,58.914473,58.709134,USDC,-4.63,-4.83,0.000733864175,0x92882f47e0779ca6e8a495fb868742ad210673db8ad36fd067aab851494fb6d6,0xf70da97812cb96acdf810712aa562db8dfa3dbef,0.125099,0xccc88a9d1b4ed6b0eaba998850414b24f1c315be,8394
80000,only:weth,False,no routes found,,,,,,,,,,,
80000,not:weth,True,,58.914473,58.709076,USDC,-4.63,-4.83,0.00073386345,0xd035cabfac581969a260c4683db82118b94ba5d1a9434844d35d40919ed07f4c,0xf70da97812cb96acdf810712aa562db8dfa3dbef,0.1251,0xccc88a9d1b4ed6b0eaba998850414b24f1c315be,8394
80000,only:0x,True,,58.914473,58.709076,USDC,-4.63,-4.83,0.00073386345,0xefa160fc1fd0a211436fff799055ffcc6cc7e9939fd5d4ac6623ed2ea4ead420,0xf70da97812cb96acdf810712aa562db8dfa3dbef,0.1251,0xccc88a9d1b4ed6b0eaba998850414b24f1c315be,8394
80000,not:0x,True,,58.914387,58.709076,USDC,-4.63,-4.83,0.00073386345,0x26b35eff1f27619740f62d60a93744cf98f87db8ccea42da72b17b2a07b12171,0xf70da97812cb96acdf810712aa562db8dfa3dbef,0.1251,0xccc88a9d1b4ed6b0eaba998850414b24f1c315be,8394
80000,only:magpie,False,Swap impact is too high: -49.03%,,,,,,,,,,,
80000,not:magpie,True,,58.914387,58.709132,USDC,-4.63,-4.83,0.0007338641499999999,0x69a8be8d868ca3e3340b3d4434c96e8a7a4708d703cf2510945d793136f01be9,0xf70da97812cb96acdf810712aa562db8dfa3dbef,0.125101,0xccc88a9d1b4ed6b0eaba998850414b24f1c315be,8394
80000,only:kyberswap,True,,57.060028,56.855335,USDC,-7.63,-7.83,0.0007106916874999999,0xc263fef2b50ac4773021beeef130073dc9cd727bddee34101882769459bb0739,0xf70da97812cb96acdf810712aa562db8dfa3dbef,0.124737,0xccc88a9d1b4ed6b0eaba998850414b24f1c315be,10890
80000,not:kyberswap,True,,58.914449,58.709427,USDC,-4.63,-4.83,0.0007338678374999999,0xf4084be536d9019a9160768427139ab7c7a538b2e85fff2d41fbb1ef89425cc6,0xf70da97812cb96acdf810712aa562db8dfa3dbef,0.125101,0xccc88a9d1b4ed6b0eaba998850414b24f1c315be,8394
80000,only:pancakeswap,False,no routes found,,,,,,,,,,,
80000,not:pancakeswap,True,,58.914449,58.709132,USDC,-4.63,-4.83,0.0007338641499999999,0x84107376922f295e402e26e49c41590319e010e7cf25a3c938f3bcdc94384449,0xf70da97812cb96acdf810712aa562db8dfa3dbef,0.125101,0xccc88a9d1b4ed6b0eaba998850414b24f1c315be,8394
100000,default,True,,73.595215,73.349748,USDC,-4.68,-4.88,0.0007334974800000001,0x841936a14ef71dfca6e2161c839307b1d0ae40f5f188646e56f5e033b44b0e16,0xf70da97812cb96acdf810712aa562db8dfa3dbef,0.151108,0xccc88a9d1b4ed6b0eaba998850414b24f1c315be,8394
100000,only:weth,False,no routes found,,,,,,,,,,,
100000,not:weth,True,,73.595215,73.349748,USDC,-4.68,-4.88,0.0007334974800000001,0xd6161768356e69a1a44c2efc58ac9c07fd1ee9ec744bfeb5c56ee23c1de3c415,0xf70da97812cb96acdf810712aa562db8dfa3dbef,0.151108,0xccc88a9d1b4ed6b0eaba998850414b24f1c315be,8394
100000,only:0x,True,,73.595215,73.349748,USDC,-4.68,-4.88,0.0007334974800000001,0x92d627c6d7f4b32cc94d0cbc85cbe77b9022f78147656bbf5e30e61804bdd403,0xf70da97812cb96acdf810712aa562db8dfa3dbef,0.151108,0xccc88a9d1b4ed6b0eaba998850414b24f1c315be,8394
100000,not:0x,True,,73.595215,73.349671,USDC,-4.68,-4.88,0.00073349671,0x07598323daf57f788b73d0d095cf39d6fabc9541c6dc2821997348cd42243701,0xf70da97812cb96acdf810712aa562db8dfa3dbef,0.151108,0xccc88a9d1b4ed6b0eaba998850414b24f1c315be,8394
100000,only:magpie,False,Swap impact is too high: -50.35%,,,,,,,,,,,
100000,not:magpie,True,,73.595128,73.349745,USDC,-4.68,-4.88,0.00073349745,0x762b2ac9e056a42437f61ae6f6b84a991304ae0c12e0ef2b3b71edf6a26c27c9,0xf70da97812cb96acdf810712aa562db8dfa3dbef,0.151107,0xccc88a9d1b4ed6b0eaba998850414b24f1c315be,8394
100000,only:kyberswap,True,,71.282207,71.037524,USDC,-7.68,-7.87,0.0007103752400000001,0x9853cea5aa498fb46f08a26a17afa0e385a6b4814be5e3e79bfe1b0d7ecd3703,0xf70da97812cb96acdf810712aa562db8dfa3dbef,0.150654,0xccc88a9d1b4ed6b0eaba998850414b24f1c315be,10890
100000,not:kyberswap,True,,73.595128,73.349745,USDC,-4.68,-4.88,0.00073349745,0x5fa4e082e1193df22b299d301e04de62c7daaecd10be076033fb427583987e59,0xf70da97812cb96acdf810712aa562db8dfa3dbef,0.151107,0xccc88a9d1b4ed6b0eaba998850414b24f1c315be,8394
100000,only:pancakeswap,False,no routes found,,,,,,,,,,,
100000,not:pancakeswap,True,,73.59516,73.350775,USDC,-4.68,-4.87,0.00073350775,0x20c5a18e8c668fccddaa64df7788ed6b9d09560dc0b054e2ecd6e771575a0b62,0xf70da97812cb96acdf810712aa562db8dfa3dbef,0.151107,0xccc88a9d1b4ed6b0eaba998850414b24f1c315be,8394
